event_promotion,is_open,id,title,announce_date,score,type,status,description,datetime_local,visible_until_utc,time_tbd,date_tbd,url,created_at,popularity,short_title,datetime_utc,datetime_tbd,visible_listing_count,average_price,lowest_price_good_deals,median_price,listing_count,lowest_price,highest_price,employee_only,created_at,method,metro_code,postal_code,timezone,has_upcoming_events,id,city,extended_address,display_location,state,score,num_upcoming_events,address,slug,name,url,country,popularity,name_v2,lat,lon,employee_only,created_at,method
NA,TRUE,4327920,New Orleans Saints at Dallas Cowboys,2018-04-05T00:00:00,0.935,nfl,normal,,2018-11-29T19:20:00,2018-11-30T05:20:00,FALSE,FALSE,https://seatgeek.com/saints-at-cowboys-tickets/11-29-2018-arlington-texas-at-t-stadium/nfl/4327920,2018-04-05T23:08:47,0.957,Saints at Cowboys,2018-11-30T01:20:00,FALSE,710,448,34,375,822,55,2455,FALSE,2018-10-16T19:31:18Z,QRCODE,623,76011,America/Chicago,TRUE,4965,Arlington,"Arlington, TX 76011","Arlington, TX",TX,0.9751414,18,1 AT&T Way,at-t-stadium,AT&T Stadium,https://seatgeek.com/venues/at-t-stadium/tickets,US,0,AT&T Stadium,32.7459,-97.0957,FALSE,2018-10-06T23:29:11Z,QRCODE_TM
NA,FALSE,4347023,Los Angeles Rams at Detroit Lions,2018-04-20T00:00:00,0.858,nfl,normal,,2018-12-02T13:00:00,2018-12-02T22:00:00,FALSE,FALSE,https://seatgeek.com/rams-at-lions-tickets/12-2-2018-detroit-michigan-ford-field/nfl/4347023,2018-04-20T00:47:36,0.892,Rams at Lions,2018-12-02T18:00:00,FALSE,1014,114,44,79,282,50,1196,FALSE,2018-08-24T21:53:41Z,QRCODE,505,48226,America/Detroit,TRUE,346,Detroit,"Detroit, MI 48226","Detroit, MI",MI,0.9029952,7,2000 Brush St.,ford-field,Ford Field,https://seatgeek.com/venues/ford-field/tickets,US,0,Ford Field,42.34,-83.0459,FALSE,2015-11-04T17:31:52Z,NONE
NA,FALSE,4347087,Buffalo Bills at Miami Dolphins,2018-04-20T00:00:00,0.843,nfl,normal,,2018-12-02T13:00:00,2018-12-02T22:00:00,FALSE,FALSE,https://seatgeek.com/bills-at-dolphins-tickets/12-2-2018-miami-gardens-florida-hard-rock-stadium/nfl/4347087,2018-04-20T00:47:48,0.882,Bills at Dolphins,2018-12-02T18:00:00,FALSE,1724,132,45,112,175,47,607,FALSE,2018-08-24T21:53:41Z,QRCODE,528,33056,America/New_York,TRUE,29,Miami Gardens,"Miami Gardens, FL 33056","Miami Gardens, FL",FL,0.8378203,35,347 Don Shula Dr.,hard-rock-stadium,Hard Rock Stadium,https://seatgeek.com/venues/hard-rock-stadium/tickets,US,0,Hard Rock Stadium,25.9579,-80.2388,FALSE,2017-10-03T18:58:44Z,NONE
NA,FALSE,4346927,Carolina Panthers at Tampa Bay Buccaneers,2018-04-20T00:00:00,0.842,nfl,normal,,2018-12-02T13:00:00,2018-12-02T22:00:00,FALSE,FALSE,https://seatgeek.com/panthers-at-buccaneers-tickets/12-2-2018-tampa-florida-raymond-james-stadium/nfl/4346927,2018-04-20T00:47:15,0.879,Panthers at Buccaneers,2018-12-02T18:00:00,FALSE,1126,196.80626,67,142,671,80,607,FALSE,2018-08-24T21:53:41Z,QRCODE,539,33607,America/New_York,TRUE,39,Tampa,"Tampa, FL 33607","Tampa, FL",FL,0.86513025,7,4201 North Dale Mabry Highway,raymond-james-stadium,Raymond James Stadium,https://seatgeek.com/venues/raymond-james-stadium/tickets,US,0,Raymond James Stadium,27.9753,-82.5034,FALSE,2015-08-24T14:44:53Z,QRCODE_TM
NA,FALSE,4346909,Arizona Cardinals at Green Bay Packers,2018-04-20T00:00:00,0.851,nfl,normal,,2018-12-02T12:00:00,2018-12-02T22:00:00,FALSE,FALSE,https://seatgeek.com/cardinals-at-packers-tickets/12-2-2018-green-bay-wisconsin-lambeau-field/nfl/4346909,2018-04-20T00:47:13,0.873,Cardinals at Packers,2018-12-02T18:00:00,FALSE,1342,147,59,133,147,61,355,FALSE,2018-08-24T21:53:41Z,QRCODE,658,54304,America/Chicago,TRUE,1125,Green Bay,"Green Bay, WI 54304","Green Bay, WI",WI,0.92909414,5,1265 Lombardi Avenue,lambeau-field,Lambeau Field,https://seatgeek.com/venues/lambeau-field/tickets,US,0,Lambeau Field,44.5013,-88.0622,FALSE,2015-09-02T22:43:34Z,QRCODE_TM
NA,FALSE,4347004,Chicago Bears at New York Giants,2018-04-20T00:00:00,0.872,nfl,normal,,2018-12-02T13:00:00,2018-12-02T22:00:00,FALSE,FALSE,https://seatgeek.com/bears-at-giants-tickets/12-2-2018-east-rutherford-new-jersey-metlife-stadium/nfl/4347004,2018-04-20T00:47:32,0.904,Bears at Giants,2018-12-02T18:00:00,FALSE,1904,202,79,167,260,79,1190,FALSE,2018-08-24T21:53:41Z,QRCODE,501,07073,America/New_York,TRUE,1587,East Rutherford,"East Rutherford, NJ 07073","East Rutherford, NJ",NJ,0.94873494,8,1 MetLife Stadium Drive,metlife-stadium,MetLife Stadium,https://seatgeek.com/venues/metlife-stadium/tickets,US,0,MetLife Stadium,40.8142,-74.0737,FALSE,2015-09-12T14:14:07Z,QRCODE_TM
NA,FALSE,4347048,Baltimore Ravens at Atlanta Falcons,2018-04-20T00:00:00,0.878,nfl,normal,,2018-12-02T13:00:00,2018-12-02T22:00:00,FALSE,FALSE,https://seatgeek.com/ravens-at-falcons-tickets/12-2-2018-atlanta-georgia-mercedes-benz-stadium/nfl/4347048,2018-04-20T00:47:41,0.903,Ravens at Falcons,2018-12-02T18:00:00,FALSE,2020,199,78,177,452,78,726,FALSE,2018-08-24T21:53:41Z,QRCODE,0,30313,America/New_York,TRUE,419590,Atlanta,"Atlanta, GA 30313","Atlanta, GA",GA,0.76958936,14,441 M.L.K. Jr Dr NW,mercedes-benz-stadium,Mercedes-Benz Stadium,https://seatgeek.com/venues/mercedes-benz-stadium/tickets,US,0,Mercedes-Benz Stadium,33.7547,-84.404,FALSE,2018-08-23T20:14:46Z,QRCODE
NA,FALSE,4346946,Indianapolis Colts at Jacksonville Jaguars,2018-04-20T00:00:00,0.78,nfl,normal,,2018-12-02T13:00:00,2018-12-02T22:00:00,FALSE,FALSE,https://seatgeek.com/colts-at-jaguars-tickets/12-2-2018-jacksonville-florida-tiaa-bank-field/nfl/4346946,2018-04-20T00:47:19,0.836,Colts at Jaguars,2018-12-02T18:00:00,FALSE,1255,64,21,53,163,26,223,FALSE,2018-08-24T21:53:41Z,QRCODE,561,32202,America/New_York,TRUE,5178,Jacksonville,"Jacksonville, FL 32202","Jacksonville, FL",FL,0.83759147,5,1 TIAA Bank Field Drive,tiaa-bank-field,TIAA Bank Field,https://seatgeek.com/venues/tiaa-bank-field/tickets,US,0,TIAA Bank Field,30.32,-81.64,FALSE,2015-10-17T20:03:42Z,QRCODE_TM
NA,FALSE,4347038,Denver Broncos at Cincinnati Bengals,2018-04-20T00:00:00,0.863,nfl,normal,,2018-12-02T13:00:00,2018-12-02T22:00:00,FALSE,FALSE,https://seatgeek.com/broncos-at-bengals-tickets/12-2-2018-cincinnati-ohio-paul-brown-stadium/nfl/4347038,2018-04-20T00:47:39,0.894,Broncos at Bengals,2018-12-02T18:00:00,FALSE,1081,91.70184,38,82,379,38,353,FALSE,2018-08-24T21:53:41Z,QRCODE,515,45202,America/New_York,TRUE,1124,Cincinnati,"Cincinnati, OH 45202","Cincinnati, OH",OH,0.86166537,3,1 Paul Brown Stadium,paul-brown-stadium,Paul Brown Stadium,https://seatgeek.com/venues/paul-brown-stadium/tickets,US,0,Paul Brown Stadium,39.0961,-84.5177,FALSE,2015-10-09T16:14:37Z,QRCODE_TM
NA,FALSE,4347156,Cleveland Browns at Houston Texans,2018-04-20T00:00:00,0.85,nfl,normal,,2018-12-02T12:00:00,2018-12-02T22:00:00,FALSE,FALSE,https://seatgeek.com/browns-at-texans-tickets/12-2-2018-houston-texas-nrg-stadium/nfl/4347156,2018-04-20T03:52:35,0.885,Browns at Texans,2018-12-02T18:00:00,FALSE,1222,189,77,150,402,77,1714,FALSE,2018-08-24T21:53:41Z,QRCODE,618,77054,America/Chicago,TRUE,41,Houston,"Houston, TX 77054","Houston, TX",TX,0.8624192,36,1 Reliant Park,nrg-stadium,NRG Stadium,https://seatgeek.com/venues/nrg-stadium/tickets,US,0,NRG Stadium,29.6847,-95.4107,FALSE,2015-11-04T18:42:27Z,QRCODE_TM
NA,FALSE,4346989,New York Jets at Tennessee Titans,2018-04-20T00:00:00,0.813,nfl,normal,,2018-12-02T15:05:00,2018-12-03T01:05:00,FALSE,FALSE,https://seatgeek.com/jets-at-titans-tickets/12-2-2018-nashville-tennessee-nissan-stadium/nfl/4346989,2018-04-20T00:47:29,0.857,Jets at Titans,2018-12-02T21:05:00,FALSE,1536,149,56,138,228,61,457,FALSE,2018-08-24T21:53:41Z,QRCODE,659,37213,America/Chicago,TRUE,1126,Nashville,"Nashville, TN 37213","Nashville, TN",TN,0.8546275,14,1 Titans Way,nissan-stadium,Nissan Stadium,https://seatgeek.com/venues/nissan-stadium/tickets,US,0,Nissan Stadium,36.1665,-86.7713,FALSE,2015-10-19T15:09:39Z,NONE
NA,FALSE,4347152,Kansas City Chiefs at Oakland Raiders,2018-04-20T00:00:00,0.831,nfl,normal,,2018-12-02T13:05:00,2018-12-03T01:05:00,FALSE,FALSE,https://seatgeek.com/chiefs-at-raiders-tickets/12-2-2018-oakland-california-oakland-alameda-county-coliseum/nfl/4347152,2018-04-20T01:04:24,0.869,Chiefs at Raiders,2018-12-02T21:05:00,FALSE,1851,118.94293,43,111,368,43,526,FALSE,2018-08-24T21:53:41Z,QRCODE,807,94621,America/Los_Angeles,TRUE,14,Oakland,"Oakland, CA 94621","Oakland, CA",CA,0.7817843,87,7000 Coliseum Way,oakland-alameda-county-coliseum,Oakland-Alameda County Coliseum,https://seatgeek.com/venues/oakland-alameda-county-coliseum/tickets,US,0,Oakland-Alameda County Coliseum,37.7469,-122.201,FALSE,2015-06-24T00:00:00Z,PDF417
NA,FALSE,4347124,San Francisco 49ers at Seattle Seahawks,2018-04-20T00:00:00,0.896,nfl,normal,,2018-12-02T13:25:00,2018-12-03T01:25:00,FALSE,FALSE,https://seatgeek.com/49ers-at-seahawks-tickets/12-2-2018-seattle-washington-centurylink-field/nfl/4347124,2018-04-20T00:47:55,0.916,49ers at Seahawks,2018-12-02T21:25:00,FALSE,1537,337,158,319,118,158,931,FALSE,2018-08-24T21:53:41Z,QRCODE,819,98134,America/Los_Angeles,TRUE,339,Seattle,"Seattle, WA 98134","Seattle, WA",WA,0.87232786,10,800 Occidental Ave S,centurylink-field,CenturyLink Field,https://seatgeek.com/venues/centurylink-field/tickets,US,0,CenturyLink Field,47.5948,-122.332,FALSE,2018-03-02T22:54:54Z,QRCODE
NA,FALSE,4347094,Minnesota Vikings at New England Patriots,2018-04-20T00:00:00,0.907,nfl,normal,,2018-12-02T16:25:00,2018-12-03T01:25:00,FALSE,FALSE,https://seatgeek.com/vikings-at-patriots-tickets/12-2-2018-foxborough-massachusetts-gillette-stadium/nfl/4347094,2018-04-20T00:47:50,0.924,Vikings at Patriots,2018-12-02T21:25:00,FALSE,629,569,296,514,193,296,1253,FALSE,2018-08-24T21:53:41Z,QRCODE,506,02035,America/New_York,TRUE,33,Foxborough,"Foxborough, MA 02035","Foxborough, MA",MA,0.8983344,7,1 Patriot Place,gillette-stadium,Gillette Stadium,https://seatgeek.com/venues/gillette-stadium/tickets,US,0,Gillette Stadium,42.0906,-71.2674,FALSE,2018-08-22T15:36:58Z,NONE
NA,FALSE,4347108,Los Angeles Chargers at Pittsburgh Steelers,2018-04-20T00:00:00,0.86,nfl,normal,,2018-12-02T20:20:00,2018-12-03T05:20:00,FALSE,FALSE,https://seatgeek.com/chargers-at-steelers-tickets/12-2-2018-pittsburgh-pennsylvania-heinz-field/nfl/4347108,2018-04-20T00:47:52,0.89,Chargers at Steelers,2018-12-03T01:20:00,FALSE,1661,216.80392,86,179,153,86,1077,FALSE,2018-08-24T21:53:41Z,QRCODE,508,15212,America/New_York,TRUE,1119,Pittsburgh,"Pittsburgh, PA 15212","Pittsburgh, PA",PA,0.9033526,6,100 Art Rooney Avenue,heinz-field,Heinz Field,https://seatgeek.com/venues/heinz-field/tickets,US,0,Heinz Field,40.4468,-80.0158,FALSE,2018-10-04T12:42:28Z,QRCODE
NA,FALSE,4346936,Washington Redskins at Philadelphia Eagles,2018-04-20T00:00:00,0.877,nfl,normal,,2018-12-03T20:15:00,2018-12-04T05:15:00,FALSE,FALSE,https://seatgeek.com/redskins-at-eagles-tickets/12-3-2018-philadelphia-pennsylvania-lincoln-financial-field/nfl/4346936,2018-04-20T00:47:17,0.899,Redskins at Eagles,2018-12-04T01:15:00,FALSE,2068,239.27615,79,179,478,79,11346,FALSE,2018-08-24T21:53:41Z,QRCODE,504,19148,America/New_York,TRUE,330,Philadelphia,"Philadelphia, PA 19148","Philadelphia, PA",PA,0.90542685999999994,11,1020 Pattison Ave,lincoln-financial-field,Lincoln Financial Field,https://seatgeek.com/venues/lincoln-financial-field/tickets,US,0,Lincoln Financial Field,39.9046,-75.1675,FALSE,2015-07-10T00:00:00Z,QRCODE_TM
NA,FALSE,4346987,Jacksonville Jaguars at Tennessee Titans,2018-04-20T00:00:00,0.791,nfl,normal,,2018-12-06T19:20:00,2018-12-07T05:20:00,FALSE,FALSE,https://seatgeek.com/jaguars-at-titans-tickets/12-6-2018-nashville-tennessee-nissan-stadium/nfl/4346987,2018-04-20T00:47:29,0.821,Jaguars at Titans,2018-12-07T01:20:00,FALSE,1872,125.40759,38,111,395,41,481,FALSE,2018-08-24T21:53:42Z,QRCODE,659,37213,America/Chicago,TRUE,1126,Nashville,"Nashville, TN 37213","Nashville, TN",TN,0.8546275,14,1 Titans Way,nissan-stadium,Nissan Stadium,https://seatgeek.com/venues/nissan-stadium/tickets,US,0,Nissan Stadium,36.1665,-86.7713,FALSE,2015-10-19T15:09:39Z,NONE
NA,FALSE,4346995,Carolina Panthers at Cleveland Browns,2018-04-20T00:00:00,0.823,nfl,normal,,2018-12-09T13:00:00,2018-12-09T22:00:00,FALSE,FALSE,https://seatgeek.com/panthers-at-browns-tickets/12-9-2018-cleveland-ohio-firstenergy-stadium-15/nfl/4346995,2018-04-20T00:47:31,0.84,Panthers at Browns,2018-12-09T18:00:00,FALSE,1657,91.6863,26,70,730,31,933,FALSE,2018-08-24T21:53:42Z,QRCODE,510,44114,America/New_York,TRUE,1123,Cleveland,"Cleveland, OH 44114","Cleveland, OH",OH,0.86852187,3,100 Alfred Lerner Way,firstenergy-stadium-15,FirstEnergy Stadium,https://seatgeek.com/venues/firstenergy-stadium-15/tickets,US,0,FirstEnergy Stadium,41.5065,-81.7,FALSE,2015-11-11T20:55:31Z,NONE
NA,FALSE,4346926,New Orleans Saints at Tampa Bay Buccaneers,2018-04-20T00:00:00,0.846,nfl,normal,,2018-12-09T13:00:00,2018-12-09T22:00:00,FALSE,FALSE,https://seatgeek.com/saints-at-buccaneers-tickets/12-9-2018-tampa-florida-raymond-james-stadium/nfl/4346926,2018-04-20T00:47:15,0.856,Saints at Buccaneers,2018-12-09T18:00:00,FALSE,1209,175.41978,74,121,374,69,525,FALSE,2018-08-24T21:53:42Z,QRCODE,539,33607,America/New_York,TRUE,39,Tampa,"Tampa, FL 33607","Tampa, FL",FL,0.86513025,7,4201 North Dale Mabry Highway,raymond-james-stadium,Raymond James Stadium,https://seatgeek.com/venues/raymond-james-stadium/tickets,US,0,Raymond James Stadium,27.9753,-82.5034,FALSE,2015-08-24T14:44:53Z,QRCODE_TM
NA,FALSE,4347086,New England Patriots at Miami Dolphins,2018-04-20T00:00:00,0.9,nfl,normal,,2018-12-09T13:00:00,2018-12-09T22:00:00,FALSE,FALSE,https://seatgeek.com/patriots-at-dolphins-tickets/12-9-2018-miami-gardens-florida-hard-rock-stadium/nfl/4347086,2018-04-20T00:47:48,0.897,Patriots at Dolphins,2018-12-09T18:00:00,FALSE,1518,463,184,428,87,184,1247,FALSE,2018-08-24T21:53:42Z,QRCODE,528,33056,America/New_York,TRUE,29,Miami Gardens,"Miami Gardens, FL 33056","Miami Gardens, FL",FL,0.8378203,35,347 Don Shula Dr.,hard-rock-stadium,Hard Rock Stadium,https://seatgeek.com/venues/hard-rock-stadium/tickets,US,0,Hard Rock Stadium,25.9579,-80.2388,FALSE,2017-10-03T18:58:44Z,NONE
NA,FALSE,4346935,New York Giants at Washington Redskins,2018-04-20T00:00:00,0.901,nfl,normal,,2018-12-09T13:00:00,2018-12-09T22:00:00,FALSE,FALSE,https://seatgeek.com/giants-at-redskins-tickets/12-9-2018-landover-maryland-fedex-field/nfl/4346935,2018-04-20T00:47:17,0.894,Giants at Redskins,2018-12-09T18:00:00,FALSE,1534,162.88506,86,144,783,93,662,FALSE,2018-08-24T21:53:42Z,QRCODE,511,20785,America/New_York,TRUE,35,Landover,"Landover, MD 20785","Landover, MD",MD,0.9333444,5,1600 Fedex Way,fedex-field,FedEx Field,https://seatgeek.com/venues/fedex-field/tickets,US,0,FedEx Field,38.9071,-76.8658,FALSE,2015-09-12T14:13:58Z,QRCODE_TM
NA,FALSE,4347059,New York Jets at Buffalo Bills,2018-04-20T00:00:00,0.783,nfl,normal,,2018-12-09T13:00:00,2018-12-09T22:00:00,FALSE,FALSE,https://seatgeek.com/jets-at-bills-tickets/12-9-2018-orchard-park-new-york-new-era-field/nfl/4347059,2018-04-20T00:47:43,0.808,Jets at Bills,2018-12-09T18:00:00,FALSE,2036,55,13,39,1003,15,365,FALSE,2018-08-24T21:53:42Z,QRCODE,514,14127,America/New_York,TRUE,1135,Orchard Park,"Orchard Park, NY 14127","Orchard Park, NY",NY,0.8815085,3,1 Bills Drive,new-era-field,New Era Field,https://seatgeek.com/venues/new-era-field/tickets,US,0,New Era Field,42.7737,-78.7874,FALSE,2015-08-12T16:52:53Z,QRCODE_TM
NA,FALSE,4347014,Indianapolis Colts at Houston Texans,2018-04-20T00:00:00,0.859,nfl,normal,,2018-12-09T12:00:00,2018-12-09T22:00:00,FALSE,FALSE,https://seatgeek.com/colts-at-texans-tickets/12-9-2018-houston-texas-nrg-stadium/nfl/4347014,2018-04-20T00:47:35,0.864,Colts at Texans,2018-12-09T18:00:00,FALSE,1462,190,70,152,583,76,956,FALSE,2018-08-24T21:53:42Z,QRCODE,618,77054,America/Chicago,TRUE,41,Houston,"Houston, TX 77054","Houston, TX",TX,0.8624192,36,1 Reliant Park,nrg-stadium,NRG Stadium,https://seatgeek.com/venues/nrg-stadium/tickets,US,0,NRG Stadium,29.6847,-95.4107,FALSE,2015-11-04T18:42:27Z,QRCODE_TM
NA,FALSE,4346979,Baltimore Ravens at Kansas City Chiefs,2018-04-20T00:00:00,0.858,nfl,normal,,2018-12-09T12:00:00,2018-12-09T22:00:00,FALSE,FALSE,https://seatgeek.com/ravens-at-chiefs-tickets/12-9-2018-kansas-city-missouri-arrowhead-stadium/nfl/4346979,2018-04-20T00:47:27,0.864,Ravens at Chiefs,2018-12-09T18:00:00,FALSE,1046,146,63,129,467,63,543,FALSE,2018-08-24T21:53:42Z,QRCODE,616,64129,America/Chicago,TRUE,1128,Kansas City,"Kansas City, MO 64129","Kansas City, MO",MO,0.8827867,5,1 Arrowhead Drive,arrowhead-stadium,Arrowhead Stadium,https://seatgeek.com/venues/arrowhead-stadium/tickets,US,0,Arrowhead Stadium,39.0489,-94.4839,FALSE,2015-08-20T16:20:51Z,QRCODE_TM
NA,FALSE,4346910,Atlanta Falcons at Green Bay Packers,2018-04-20T00:00:00,0.857,nfl,normal,,2018-12-09T12:00:00,2018-12-09T22:00:00,FALSE,FALSE,https://seatgeek.com/falcons-at-packers-tickets/12-9-2018-green-bay-wisconsin-lambeau-field/nfl/4346910,2018-04-20T00:47:13,0.855,Falcons at Packers,2018-12-09T18:00:00,FALSE,1394,190,82,169,206,84,523,FALSE,2018-08-24T21:53:42Z,QRCODE,658,54304,America/Chicago,TRUE,1125,Green Bay,"Green Bay, WI 54304","Green Bay, WI",WI,0.92909414,5,1265 Lombardi Avenue,lambeau-field,Lambeau Field,https://seatgeek.com/venues/lambeau-field/tickets,US,0,Lambeau Field,44.5013,-88.0622,FALSE,2015-09-02T22:43:34Z,QRCODE_TM
NA,FALSE,4347107,Cincinnati Bengals at Los Angeles Chargers,2018-04-20T00:00:00,0.865,nfl,normal,,2018-12-09T13:05:00,2018-12-10T01:05:00,FALSE,FALSE,https://seatgeek.com/bengals-at-chargers-tickets/12-9-2018-carson-california-stubhub-center/nfl/4347107,2018-04-20T00:47:52,0.873,Bengals at Chargers,2018-12-09T21:05:00,FALSE,745,222,108,194,177,108,660,FALSE,2018-08-24T21:53:42Z,QRCODE,803,90746,America/Los_Angeles,TRUE,52,Carson,"Carson, CA 90746","Carson, CA",CA,0.7228164,4,18400 Avalon Blvd,stubhub-center,StubHub Center,https://seatgeek.com/venues/stubhub-center/tickets,US,0,StubHub Center,33.8643,-118.261,NA,NA,NA
NA,FALSE,4347114,Denver Broncos at San Francisco 49ers,2018-04-20T00:00:00,0.887,nfl,normal,,2018-12-09T13:05:00,2018-12-10T01:05:00,FALSE,FALSE,https://seatgeek.com/broncos-at-49ers-tickets/12-9-2018-santa-clara-california-levi-s-stadium/nfl/4347114,2018-04-20T00:47:53,0.885,Broncos at 49ers,2018-12-09T21:05:00,FALSE,2064,142,38,117,604,38,482,FALSE,2018-08-24T21:53:42Z,QRCODE,0,95054,America/Los_Angeles,TRUE,58670,Santa Clara,"Santa Clara, CA 95054","Santa Clara, CA",CA,0.95768774,8,4900 Marie P DeBartolo Way,levi-s-stadium,Levi's Stadium,https://seatgeek.com/venues/levi-s-stadium/tickets,US,0,Levi's Stadium,37.4023,-121.969,FALSE,2015-07-10T00:00:00Z,QRCODE_TM
NA,FALSE,4347151,Pittsburgh Steelers at Oakland Raiders,2018-04-20T00:00:00,0.883,nfl,normal,,2018-12-09T13:25:00,2018-12-10T01:25:00,FALSE,FALSE,https://seatgeek.com/steelers-at-raiders-tickets/12-9-2018-oakland-california-oakland-alameda-county-coliseum/nfl/4347151,2018-04-20T01:04:24,0.886,Steelers at Raiders,2018-12-09T21:25:00,FALSE,1442,253.08696,133,201,207,133,873,FALSE,2018-08-24T21:53:42Z,QRCODE,807,94621,America/Los_Angeles,TRUE,14,Oakland,"Oakland, CA 94621","Oakland, CA",CA,0.7817843,87,7000 Coliseum Way,oakland-alameda-county-coliseum,Oakland-Alameda County Coliseum,https://seatgeek.com/venues/oakland-alameda-county-coliseum/tickets,US,0,Oakland-Alameda County Coliseum,37.7469,-122.201,FALSE,2015-06-24T00:00:00Z,PDF417
NA,FALSE,4347099,Detroit Lions at Arizona Cardinals,2018-04-20T00:00:00,0.863,nfl,normal,,2018-12-09T14:25:00,2018-12-10T01:25:00,FALSE,FALSE,https://seatgeek.com/lions-at-cardinals-tickets/12-9-2018-glendale-arizona-state-farm-stadium/nfl/4347099,2018-04-20T00:47:51,0.868,Lions at Cardinals,2018-12-09T21:25:00,FALSE,1397,139,17,71,607,17,6034,FALSE,2018-08-24T21:53:42Z,QRCODE,753,85305,America/Phoenix,TRUE,43,Glendale,"Glendale, AZ 85305","Glendale, AZ",AZ,0.93402725,9,1 Cardinals Drive,state-farm-stadium,State Farm Stadium,https://seatgeek.com/venues/state-farm-stadium/tickets,US,0,State Farm Stadium,33.5294,-112.262,FALSE,2015-12-21T17:26:05Z,NONE
NA,TRUE,4327919,Philadelphia Eagles at Dallas Cowboys,2018-04-05T00:00:00,0.934,nfl,normal,,2018-12-09T15:25:00,2018-12-10T01:25:00,FALSE,FALSE,https://seatgeek.com/eagles-at-cowboys-tickets/12-9-2018-arlington-texas-at-t-stadium/nfl/4327919,2018-04-05T23:08:46,0.917,Eagles at Cowboys,2018-12-09T21:25:00,FALSE,1320,415,42,346,1605,40,3000,FALSE,2018-10-06T23:29:11Z,QRCODE_TM,623,76011,America/Chicago,TRUE,4965,Arlington,"Arlington, TX 76011","Arlington, TX",TX,0.9751414,18,1 AT&T Way,at-t-stadium,AT&T Stadium,https://seatgeek.com/venues/at-t-stadium/tickets,US,0,AT&T Stadium,32.7459,-97.0957,FALSE,2018-10-06T23:29:11Z,QRCODE_TM
NA,FALSE,4347003,Los Angeles Rams at Chicago Bears,2018-04-20T00:00:00,0.873,nfl,normal,,2018-12-09T19:20:00,2018-12-10T05:20:00,FALSE,FALSE,https://seatgeek.com/rams-at-bears-tickets/12-9-2018-chicago-illinois-soldier-field/nfl/4347003,2018-04-20T00:47:32,0.874,Rams at Bears,2018-12-10T01:20:00,FALSE,1293,447,139,377,109,198,1366,FALSE,2018-08-24T21:53:42Z,QRCODE,602,60605,America/Chicago,TRUE,31,Chicago,"Chicago, IL 60605","Chicago, IL",IL,0.940013,6,1410 S. Museum Campus Drive,soldier-field,Soldier Field,https://seatgeek.com/venues/soldier-field/tickets,US,0,Soldier Field,41.8623,-87.6159,FALSE,2018-06-02T00:44:08Z,NONE
NA,FALSE,4347123,Minnesota Vikings at Seattle Seahawks,2018-04-20T00:00:00,0.889,nfl,normal,,2018-12-10T17:15:00,2018-12-11T05:15:00,FALSE,FALSE,https://seatgeek.com/vikings-at-seahawks-tickets/12-10-2018-seattle-washington-centurylink-field/nfl/4347123,2018-04-20T00:47:55,0.885,Vikings at Seahawks,2018-12-11T01:15:00,FALSE,1811,383,169,347,141,169,1258,FALSE,2018-08-24T21:53:42Z,QRCODE,819,98134,America/Los_Angeles,TRUE,339,Seattle,"Seattle, WA 98134","Seattle, WA",WA,0.87232786,10,800 Occidental Ave S,centurylink-field,CenturyLink Field,https://seatgeek.com/venues/centurylink-field/tickets,US,0,CenturyLink Field,47.5948,-122.332,FALSE,2018-03-02T22:54:54Z,QRCODE
NA,FALSE,4346978,Los Angeles Chargers at Kansas City Chiefs,2018-04-20T00:00:00,0.853,nfl,normal,,2018-12-13T19:20:00,2018-12-14T05:20:00,FALSE,FALSE,https://seatgeek.com/chargers-at-chiefs-tickets/12-13-2018-kansas-city-missouri-arrowhead-stadium/nfl/4346978,2018-04-20T00:47:26,0.85,Chargers at Chiefs,2018-12-14T01:20:00,FALSE,1293,147,71,131,816,71,564,FALSE,2018-08-24T21:53:42Z,QRCODE,616,64129,America/Chicago,TRUE,1128,Kansas City,"Kansas City, MO 64129","Kansas City, MO",MO,0.8827867,5,1 Arrowhead Drive,arrowhead-stadium,Arrowhead Stadium,https://seatgeek.com/venues/arrowhead-stadium/tickets,US,0,Arrowhead Stadium,39.0489,-94.4839,FALSE,2015-08-20T16:20:51Z,QRCODE_TM
NA,FALSE,4347015,Houston Texans at New York Jets,2018-04-20T00:00:00,0.874,nfl,normal,,2018-12-15T16:30:00,2018-12-16T01:30:00,FALSE,FALSE,https://seatgeek.com/texans-at-jets-tickets/12-15-2018-east-rutherford-new-jersey-metlife-stadium/nfl/4347015,2018-04-20T00:47:35,0.865,Texans at Jets,2018-12-15T21:30:00,FALSE,1282,113.98245,26,85,1083,26,946,FALSE,2018-08-24T21:53:42Z,QRCODE,501,07073,America/New_York,TRUE,1587,East Rutherford,"East Rutherford, NJ 07073","East Rutherford, NJ",NJ,0.94873494,8,1 MetLife Stadium Drive,metlife-stadium,MetLife Stadium,https://seatgeek.com/venues/metlife-stadium/tickets,US,0,MetLife Stadium,40.8142,-74.0737,FALSE,2015-09-12T14:14:07Z,QRCODE_TM
NA,FALSE,4347135,Cleveland Browns at Denver Broncos,2018-04-20T00:00:00,0.841,nfl,normal,,2018-12-15T18:20:00,2018-12-16T05:20:00,FALSE,FALSE,https://seatgeek.com/browns-at-broncos-tickets/12-15-2018-denver-colorado-broncos-stadium-at-mile-high/nfl/4347135,2018-04-20T01:04:04,0.842,Browns at Broncos,2018-12-16T01:20:00,FALSE,1439,287,95,281,38,123,633,FALSE,2018-08-24T21:53:42Z,QRCODE,751,80204,America/Denver,TRUE,1131,Denver,"Denver, CO 80204","Denver, CO",CO,0.9028296,5,1701 Bryant St.,broncos-stadium-at-mile-high,Broncos Stadium at Mile High,https://seatgeek.com/venues/broncos-stadium-at-mile-high/tickets,US,0,Broncos Stadium at Mile High,39.74,-105.02,FALSE,2015-08-07T18:39:02Z,QRCODE_TM
NA,FALSE,4347047,Arizona Cardinals at Atlanta Falcons,2018-04-20T00:00:00,0.857,nfl,normal,,2018-12-16T13:00:00,2018-12-16T22:00:00,FALSE,FALSE,https://seatgeek.com/cardinals-at-falcons-tickets/12-16-2018-atlanta-georgia-mercedes-benz-stadium/nfl/4347047,2018-04-20T00:47:41,0.853,Cardinals at Falcons,2018-12-16T18:00:00,FALSE,2273,164.05205,59,148,807,59,957,FALSE,2018-08-24T21:53:42Z,QRCODE,0,30313,America/New_York,TRUE,419590,Atlanta,"Atlanta, GA 30313","Atlanta, GA",GA,0.76958936,14,441 M.L.K. Jr Dr NW,mercedes-benz-stadium,Mercedes-Benz Stadium,https://seatgeek.com/venues/mercedes-benz-stadium/tickets,US,0,Mercedes-Benz Stadium,33.7547,-84.404,FALSE,2018-08-23T20:14:46Z,QRCODE
NA,FALSE,4347002,Green Bay Packers at Chicago Bears,2018-04-20T00:00:00,0.919,nfl,normal,,2018-12-16T12:00:00,2018-12-16T22:00:00,FALSE,FALSE,https://seatgeek.com/packers-at-bears-tickets/12-16-2018-chicago-illinois-soldier-field/nfl/4347002,2018-04-20T00:47:32,0.897,Packers at Bears,2018-12-16T18:00:00,FALSE,1014,606.0282,176,546,71,326,1637,FALSE,2018-08-24T21:53:42Z,QRCODE,602,60605,America/Chicago,TRUE,31,Chicago,"Chicago, IL 60605","Chicago, IL",IL,0.940013,6,1410 S. Museum Campus Drive,soldier-field,Soldier Field,https://seatgeek.com/venues/soldier-field/tickets,US,0,Soldier Field,41.8623,-87.6159,FALSE,2018-06-02T00:44:08Z,NONE
NA,FALSE,4347057,Detroit Lions at Buffalo Bills,2018-04-20T00:00:00,0.83,nfl,normal,,2018-12-16T13:00:00,2018-12-16T22:00:00,FALSE,FALSE,https://seatgeek.com/lions-at-bills-tickets/12-16-2018-orchard-park-new-york-new-era-field/nfl/4347057,2018-04-20T00:47:43,0.832,Lions at Bills,2018-12-16T18:00:00,FALSE,2110,53,10,36,1156,12,565,FALSE,2018-08-24T21:53:42Z,QRCODE,514,14127,America/New_York,TRUE,1135,Orchard Park,"Orchard Park, NY 14127","Orchard Park, NY",NY,0.8815085,3,1 Bills Drive,new-era-field,New Era Field,https://seatgeek.com/venues/new-era-field/tickets,US,0,New Era Field,42.7737,-78.7874,FALSE,2015-08-12T16:52:53Z,QRCODE_TM
NA,FALSE,4346955,Dallas Cowboys at Indianapolis Colts,2018-04-20T00:00:00,0.889,nfl,normal,,2018-12-16T13:00:00,2018-12-16T22:00:00,FALSE,FALSE,https://seatgeek.com/cowboys-at-colts-tickets/12-16-2018-indianapolis-indiana-lucas-oil-stadium/nfl/4346955,2018-04-20T00:47:20,0.878,Cowboys at Colts,2018-12-16T18:00:00,FALSE,826,312,130,240,268,130,1459,FALSE,2018-08-24T21:53:42Z,QRCODE,527,46225,America/Indiana/Indianapolis,TRUE,1130,Indianapolis,"Indianapolis, IN 46225","Indianapolis, IN",IN,0.9071682,9,500 South Capitol Avenue,lucas-oil-stadium,Lucas Oil Stadium,https://seatgeek.com/venues/lucas-oil-stadium/tickets,US,0,Lucas Oil Stadium,39.7601,-86.1639,FALSE,2018-09-13T22:29:37Z,QRCODE_TM
NA,FALSE,4347066,Tampa Bay Buccaneers at Baltimore Ravens,2018-04-20T00:00:00,0.806,nfl,normal,,2018-12-16T13:00:00,2018-12-16T22:00:00,FALSE,FALSE,https://seatgeek.com/buccaneers-at-ravens-tickets/12-16-2018-baltimore-maryland-m-t-bank-stadium/nfl/4347066,2018-04-20T00:47:44,0.81,Buccaneers at Ravens,2018-12-16T18:00:00,FALSE,2320,94,23,67,709,23,519,FALSE,2018-08-24T21:53:42Z,QRCODE,512,21230,America/New_York,TRUE,1121,Baltimore,"Baltimore, MD 21230","Baltimore, MD",MD,0.8927189,4,1101 Russell St,m-t-bank-stadium,M&T Bank Stadium,https://seatgeek.com/venues/m-t-bank-stadium/tickets,US,0,M&T Bank Stadium,39.2774,-76.623,FALSE,2015-08-04T00:00:00Z,QRCODE_TM
NA,FALSE,4346945,Washington Redskins at Jacksonville Jaguars,2018-04-20T00:00:00,0.788,nfl,normal,,2018-12-16T13:00:00,2018-12-16T22:00:00,FALSE,FALSE,https://seatgeek.com/redskins-at-jaguars-tickets/12-16-2018-jacksonville-florida-tiaa-bank-field/nfl/4346945,2018-04-20T00:47:18,0.796,Redskins at Jaguars,2018-12-16T18:00:00,FALSE,1194,102,34,75,246,34,468,FALSE,2018-08-24T21:53:42Z,QRCODE,561,32202,America/New_York,TRUE,5178,Jacksonville,"Jacksonville, FL 32202","Jacksonville, FL",FL,0.83759147,5,1 TIAA Bank Field Drive,tiaa-bank-field,TIAA Bank Field,https://seatgeek.com/venues/tiaa-bank-field/tickets,US,0,TIAA Bank Field,30.32,-81.64,FALSE,2015-10-17T20:03:42Z,QRCODE_TM
NA,FALSE,4347144,Miami Dolphins at Minnesota Vikings,2018-04-20T00:00:00,0.874,nfl,normal,,2018-12-16T12:00:00,2018-12-16T22:00:00,FALSE,FALSE,https://seatgeek.com/dolphins-at-vikings-tickets/12-16-2018-minneapolis-minnesota-u-s-bank-stadium/nfl/4347144,2018-04-20T01:04:05,0.866,Dolphins at Vikings,2018-12-16T18:00:00,FALSE,1141,316.26526,152,283,475,152,1272,FALSE,2018-08-24T21:53:42Z,QRCODE,0,55415,America/Chicago,TRUE,218451,Minneapolis,"Minneapolis, MN 55415","Minneapolis, MN",MN,0.88524246,17,401 Chicago Avenue,u-s-bank-stadium,U.S. Bank Stadium,https://seatgeek.com/venues/u-s-bank-stadium/tickets,US,0,U.S. Bank Stadium,44.9751,-93.2582,FALSE,2018-08-22T15:34:15Z,NONE
NA,FALSE,4346988,Tennessee Titans at New York Giants,2018-04-20T00:00:00,0.854,nfl,normal,,2018-12-16T13:00:00,2018-12-16T22:00:00,FALSE,FALSE,https://seatgeek.com/titans-at-giants-tickets/12-16-2018-east-rutherford-new-jersey-metlife-stadium/nfl/4346988,2018-04-20T00:47:29,0.847,Titans at Giants,2018-12-16T18:00:00,FALSE,2294,150,44,113,630,44,952,FALSE,2018-08-24T21:53:42Z,QRCODE,501,07073,America/New_York,TRUE,1587,East Rutherford,"East Rutherford, NJ 07073","East Rutherford, NJ",NJ,0.94873494,8,1 MetLife Stadium Drive,metlife-stadium,MetLife Stadium,https://seatgeek.com/venues/metlife-stadium/tickets,US,0,MetLife Stadium,40.8142,-74.0737,FALSE,2015-09-12T14:14:07Z,QRCODE_TM
NA,FALSE,4347037,Oakland Raiders at Cincinnati Bengals,2018-04-20T00:00:00,0.853,nfl,normal,,2018-12-16T13:00:00,2018-12-16T22:00:00,FALSE,FALSE,https://seatgeek.com/raiders-at-bengals-tickets/12-16-2018-cincinnati-ohio-paul-brown-stadium/nfl/4347037,2018-04-20T00:47:39,0.847,Raiders at Bengals,2018-12-16T18:00:00,FALSE,1228,89,33,71,583,33,512,FALSE,2018-08-24T21:53:42Z,QRCODE,515,45202,America/New_York,TRUE,1124,Cincinnati,"Cincinnati, OH 45202","Cincinnati, OH",OH,0.86166537,3,1 Paul Brown Stadium,paul-brown-stadium,Paul Brown Stadium,https://seatgeek.com/venues/paul-brown-stadium/tickets,US,0,Paul Brown Stadium,39.0961,-84.5177,FALSE,2015-10-09T16:14:37Z,QRCODE_TM
NA,FALSE,4347122,Seattle Seahawks at San Francisco 49ers,2018-04-20T00:00:00,0.873,nfl,normal,,2018-12-16T13:05:00,2018-12-17T01:05:00,FALSE,FALSE,https://seatgeek.com/seahawks-at-49ers-tickets/12-16-2018-santa-clara-california-levi-s-stadium/nfl/4347122,2018-04-20T00:47:55,0.86,Seahawks at 49ers,2018-12-16T21:05:00,FALSE,2126,146.98732,37,127,710,37,721,FALSE,2018-08-24T21:53:42Z,QRCODE,0,95054,America/Los_Angeles,TRUE,58670,Santa Clara,"Santa Clara, CA 95054","Santa Clara, CA",CA,0.95768774,8,4900 Marie P DeBartolo Way,levi-s-stadium,Levi's Stadium,https://seatgeek.com/venues/levi-s-stadium/tickets,US,0,Levi's Stadium,37.4023,-121.969,FALSE,2015-07-10T00:00:00Z,QRCODE_TM
NA,FALSE,4347077,New England Patriots at Pittsburgh Steelers,2018-04-20T00:00:00,0.915,nfl,normal,,2018-12-16T16:25:00,2018-12-17T01:25:00,FALSE,FALSE,https://seatgeek.com/patriots-at-steelers-tickets/12-16-2018-pittsburgh-pennsylvania-heinz-field/nfl/4347077,2018-04-20T00:47:46,0.895,Patriots at Steelers,2018-12-16T21:25:00,FALSE,1277,594.1787,240,447,319,248,11874,FALSE,2018-08-24T21:53:42Z,QRCODE,508,15212,America/New_York,TRUE,1119,Pittsburgh,"Pittsburgh, PA 15212","Pittsburgh, PA",PA,0.9033526,6,100 Art Rooney Avenue,heinz-field,Heinz Field,https://seatgeek.com/venues/heinz-field/tickets,US,0,Heinz Field,40.4468,-80.0158,FALSE,2018-10-04T12:42:28Z,QRCODE
NA,FALSE,4346919,Philadelphia Eagles at Los Angeles Rams,2018-04-20T00:00:00,0.871,nfl,normal,,2018-12-16T17:20:00,2018-12-17T05:20:00,FALSE,FALSE,https://seatgeek.com/eagles-at-rams-tickets/12-16-2018-los-angeles-california-los-angeles-memorial-coliseum-1/nfl/4346919,2018-04-20T00:47:14,0.857,Eagles at Rams,2018-12-17T01:20:00,FALSE,1692,324,117,263,605,117,989,FALSE,2018-08-24T21:53:42Z,QRCODE,0,90037,America/Los_Angeles,TRUE,51012,Los Angeles,"Los Angeles, CA 90037","Los Angeles, CA",CA,0.86898464,4,3911 S Figueroa St,los-angeles-memorial-coliseum-1,Los Angeles Memorial Coliseum,https://seatgeek.com/venues/los-angeles-memorial-coliseum-1/tickets,US,0,Los Angeles Memorial Coliseum,34.0138,-118.288,FALSE,2018-08-23T17:59:28Z,QRCODE
NA,FALSE,4347035,New Orleans Saints at Carolina Panthers,2018-04-20T00:00:00,0.871,nfl,normal,,2018-12-17T20:15:00,2018-12-18T05:15:00,FALSE,FALSE,https://seatgeek.com/saints-at-panthers-tickets/12-17-2018-charlotte-north-carolina-bank-of-america-stadium/nfl/4347035,2018-04-20T00:47:38,0.854,Saints at Panthers,2018-12-18T01:15:00,FALSE,1580,251,84,199,379,84,1192,FALSE,2018-08-24T21:53:42Z,QRCODE,517,28202,America/New_York,TRUE,1122,Charlotte,"Charlotte, NC 28202","Charlotte, NC",NC,0.8968222,8,800 South Mint Street,bank-of-america-stadium,Bank of America Stadium,https://seatgeek.com/venues/bank-of-america-stadium/tickets,US,0,Bank of America Stadium,35.2243,-80.8524,FALSE,2015-09-25T18:23:51Z,QRCODE_TM
NA,FALSE,4608309,Washington Redskins at Tennessee Titans,2018-10-30T00:00:00,0.805,nfl,normal,,2018-12-22T15:30:00,2018-12-23T01:30:00,FALSE,FALSE,https://seatgeek.com/redskins-at-titans-tickets/12-22-2018-nashville-tennessee-nissan-stadium/nfl/4608309,2018-10-30T16:11:05,0.803,Redskins at Titans,2018-12-22T21:30:00,FALSE,1602,137,23,121,268,23,457,FALSE,2015-10-19T15:09:39Z,NONE,659,37213,America/Chicago,TRUE,1126,Nashville,"Nashville, TN 37213","Nashville, TN",TN,0.8546275,14,1 Titans Way,nissan-stadium,Nissan Stadium,https://seatgeek.com/venues/nissan-stadium/tickets,US,0,Nissan Stadium,36.1665,-86.7713,FALSE,2015-10-19T15:09:39Z,NONE
NA,FALSE,4599412,Baltimore Ravens at Los Angeles Chargers,2018-10-26T00:00:00,0.877,nfl,normal,,2018-12-22T17:20:00,2018-12-23T05:20:00,FALSE,FALSE,https://seatgeek.com/ravens-at-chargers-tickets/12-22-2018-carson-california-stubhub-center/nfl/4599412,2018-10-26T13:55:35,0.852,Ravens at Chargers,2018-12-23T01:20:00,FALSE,716,282.50467,161,253,107,166,630,NA,NA,NA,803,90746,America/Los_Angeles,TRUE,52,Carson,"Carson, CA 90746","Carson, CA",CA,0.7228164,4,18400 Avalon Blvd,stubhub-center,StubHub Center,https://seatgeek.com/venues/stubhub-center/tickets,US,0,StubHub Center,33.8643,-118.261,NA,NA,NA
NA,FALSE,4346994,Cincinnati Bengals at Cleveland Browns,2018-04-20T00:00:00,0.821,nfl,normal,,2018-12-23T13:00:00,2018-12-23T22:00:00,FALSE,FALSE,https://seatgeek.com/bengals-at-browns-tickets/12-23-2018-cleveland-ohio-firstenergy-stadium-15/nfl/4346994,2018-04-20T00:47:31,0.815,Bengals at Browns,2018-12-23T18:00:00,FALSE,1694,94,31,75,857,43,491,FALSE,2018-08-24T21:53:43Z,QRCODE,510,44114,America/New_York,TRUE,1123,Cleveland,"Cleveland, OH 44114","Cleveland, OH",OH,0.86852187,3,100 Alfred Lerner Way,firstenergy-stadium-15,FirstEnergy Stadium,https://seatgeek.com/venues/firstenergy-stadium-15/tickets,US,0,FirstEnergy Stadium,41.5065,-81.7,FALSE,2015-11-11T20:55:31Z,NONE
NA,FALSE,4347013,Houston Texans at Philadelphia Eagles,2018-04-20T00:00:00,0.868,nfl,normal,,2018-12-23T13:00:00,2018-12-23T22:00:00,FALSE,FALSE,https://seatgeek.com/texans-at-eagles-tickets/12-23-2018-philadelphia-pennsylvania-lincoln-financial-field/nfl/4347013,2018-04-20T00:47:35,0.848,Texans at Eagles,2018-12-23T18:00:00,FALSE,1738,264.3821,93,228,458,119,1130,FALSE,2018-08-24T21:53:43Z,QRCODE,504,19148,America/New_York,TRUE,330,Philadelphia,"Philadelphia, PA 19148","Philadelphia, PA",PA,0.90542685999999994,11,1020 Pattison Ave,lincoln-financial-field,Lincoln Financial Field,https://seatgeek.com/venues/lincoln-financial-field/tickets,US,0,Lincoln Financial Field,39.9046,-75.1675,FALSE,2015-07-10T00:00:00Z,QRCODE_TM
NA,FALSE,4347085,Jacksonville Jaguars at Miami Dolphins,2018-04-20T00:00:00,0.834,nfl,normal,,2018-12-23T13:00:00,2018-12-23T22:00:00,FALSE,FALSE,https://seatgeek.com/jaguars-at-dolphins-tickets/12-23-2018-miami-gardens-florida-hard-rock-stadium/nfl/4347085,2018-04-20T00:47:48,0.82,Jaguars at Dolphins,2018-12-23T18:00:00,FALSE,1781,134,52,115,205,52,1604,FALSE,2018-08-24T21:53:43Z,QRCODE,528,33056,America/New_York,TRUE,29,Miami Gardens,"Miami Gardens, FL 33056","Miami Gardens, FL",FL,0.8378203,35,347 Don Shula Dr.,hard-rock-stadium,Hard Rock Stadium,https://seatgeek.com/venues/hard-rock-stadium/tickets,US,0,Hard Rock Stadium,25.9579,-80.2388,FALSE,2017-10-03T18:58:44Z,NONE
NA,FALSE,4347022,Minnesota Vikings at Detroit Lions,2018-04-20T00:00:00,0.882,nfl,normal,,2018-12-23T13:00:00,2018-12-23T22:00:00,FALSE,FALSE,https://seatgeek.com/vikings-at-lions-tickets/12-23-2018-detroit-michigan-ford-field/nfl/4347022,2018-04-20T00:47:36,0.863,Vikings at Lions,2018-12-23T18:00:00,FALSE,1188,149.03825,53,120,549,60,662,FALSE,2018-08-24T21:53:43Z,QRCODE,505,48226,America/Detroit,TRUE,346,Detroit,"Detroit, MI 48226","Detroit, MI",MI,0.9029952,7,2000 Brush St.,ford-field,Ford Field,https://seatgeek.com/venues/ford-field/tickets,US,0,Ford Field,42.34,-83.0459,FALSE,2015-11-04T17:31:52Z,NONE
NA,FALSE,4346959,Green Bay Packers at New York Jets,2018-04-20T00:00:00,0.923,nfl,normal,,2018-12-23T13:00:00,2018-12-23T22:00:00,FALSE,FALSE,https://seatgeek.com/packers-at-jets-tickets/12-23-2018-east-rutherford-new-jersey-metlife-stadium/nfl/4346959,2018-04-20T00:47:22,0.888,Packers at Jets,2018-12-23T18:00:00,FALSE,1241,204,85,177,754,85,979,FALSE,2018-08-24T21:53:43Z,QRCODE,501,07073,America/New_York,TRUE,1587,East Rutherford,"East Rutherford, NJ 07073","East Rutherford, NJ",NJ,0.94873494,8,1 MetLife Stadium Drive,metlife-stadium,MetLife Stadium,https://seatgeek.com/venues/metlife-stadium/tickets,US,0,MetLife Stadium,40.8142,-74.0737,FALSE,2015-09-12T14:14:07Z,QRCODE_TM
NA,FALSE,4347046,Atlanta Falcons at Carolina Panthers,2018-04-20T00:00:00,0.856,nfl,normal,,2018-12-23T13:00:00,2018-12-23T22:00:00,FALSE,FALSE,https://seatgeek.com/falcons-at-panthers-tickets/12-23-2018-charlotte-north-carolina-bank-of-america-stadium/nfl/4347046,2018-04-20T00:47:41,0.837,Falcons at Panthers,2018-12-23T18:00:00,FALSE,1375,243.93248,90,195,311,90,736,FALSE,2018-08-24T21:53:43Z,QRCODE,517,28202,America/New_York,TRUE,1122,Charlotte,"Charlotte, NC 28202","Charlotte, NC",NC,0.8968222,8,800 South Mint Street,bank-of-america-stadium,Bank of America Stadium,https://seatgeek.com/venues/bank-of-america-stadium/tickets,US,0,Bank of America Stadium,35.2243,-80.8524,FALSE,2015-09-25T18:23:51Z,QRCODE_TM
NA,FALSE,4346954,New York Giants at Indianapolis Colts,2018-04-20T00:00:00,0.842,nfl,normal,,2018-12-23T13:00:00,2018-12-23T22:00:00,FALSE,FALSE,https://seatgeek.com/giants-at-colts-tickets/12-23-2018-indianapolis-indiana-lucas-oil-stadium/nfl/4346954,2018-04-20T00:47:20,0.832,Giants at Colts,2018-12-23T18:00:00,FALSE,1129,116.682655,50,90,542,51,500,FALSE,2018-08-24T21:53:42Z,QRCODE,527,46225,America/Indiana/Indianapolis,TRUE,1130,Indianapolis,"Indianapolis, IN 46225","Indianapolis, IN",IN,0.9071682,9,500 South Capitol Avenue,lucas-oil-stadium,Lucas Oil Stadium,https://seatgeek.com/venues/lucas-oil-stadium/tickets,US,0,Lucas Oil Stadium,39.7601,-86.1639,FALSE,2018-09-13T22:29:37Z,QRCODE_TM
NA,FALSE,4347093,Buffalo Bills at New England Patriots,2018-04-20T00:00:00,0.887,nfl,normal,,2018-12-23T13:00:00,2018-12-23T22:00:00,FALSE,FALSE,https://seatgeek.com/bills-at-patriots-tickets/12-23-2018-foxborough-massachusetts-gillette-stadium/nfl/4347093,2018-04-20T00:47:50,0.866,Bills at Patriots,2018-12-23T18:00:00,FALSE,723,401,223,371,153,234,883,FALSE,2018-08-24T21:53:43Z,QRCODE,506,02035,America/New_York,TRUE,33,Foxborough,"Foxborough, MA 02035","Foxborough, MA",MA,0.8983344,7,1 Patriot Place,gillette-stadium,Gillette Stadium,https://seatgeek.com/venues/gillette-stadium/tickets,US,0,Gillette Stadium,42.0906,-71.2674,FALSE,2018-08-22T15:36:58Z,NONE
NA,TRUE,4327918,Tampa Bay Buccaneers at Dallas Cowboys,2018-04-05T00:00:00,0.888,nfl,normal,,2018-12-23T12:00:00,2018-12-23T22:00:00,FALSE,FALSE,https://seatgeek.com/buccaneers-at-cowboys-tickets/12-23-2018-arlington-texas-at-t-stadium/nfl/4327918,2018-04-05T23:08:46,0.867,Buccaneers at Cowboys,2018-12-23T18:00:00,FALSE,2287,267,NA,212,2962,NA,6045,FALSE,2018-10-06T23:29:11Z,QRCODE_TM,623,76011,America/Chicago,TRUE,4965,Arlington,"Arlington, TX 76011","Arlington, TX",TX,0.9751414,18,1 AT&T Way,at-t-stadium,AT&T Stadium,https://seatgeek.com/venues/at-t-stadium/tickets,US,0,AT&T Stadium,32.7459,-97.0957,FALSE,2018-10-06T23:29:11Z,QRCODE_TM
NA,FALSE,4347097,Los Angeles Rams at Arizona Cardinals,2018-04-20T00:00:00,0.849,nfl,normal,,2018-12-23T14:05:00,2018-12-24T01:05:00,FALSE,FALSE,https://seatgeek.com/rams-at-cardinals-tickets/12-23-2018-glendale-arizona-state-farm-stadium/nfl/4347097,2018-04-20T00:47:50,0.837,Rams at Cardinals,2018-12-23T21:05:00,FALSE,1660,113,28,77,764,28,6056,FALSE,2018-08-24T21:53:43Z,QRCODE,753,85305,America/Phoenix,TRUE,43,Glendale,"Glendale, AZ 85305","Glendale, AZ",AZ,0.93402725,9,1 Cardinals Drive,state-farm-stadium,State Farm Stadium,https://seatgeek.com/venues/state-farm-stadium/tickets,US,0,State Farm Stadium,33.5294,-112.262,FALSE,2015-12-21T17:26:05Z,NONE
NA,FALSE,4347116,Chicago Bears at San Francisco 49ers,2018-04-20T00:00:00,0.911,nfl,normal,,2018-12-23T13:05:00,2018-12-24T01:05:00,FALSE,FALSE,https://seatgeek.com/bears-at-49ers-tickets/12-23-2018-santa-clara-california-levi-s-stadium/nfl/4347116,2018-04-20T00:47:54,0.878,Bears at 49ers,2018-12-23T21:05:00,FALSE,2117,158.17264,44,144,753,44,615,FALSE,2018-08-24T21:53:43Z,QRCODE,0,95054,America/Los_Angeles,TRUE,58670,Santa Clara,"Santa Clara, CA 95054","Santa Clara, CA",CA,0.95768774,8,4900 Marie P DeBartolo Way,levi-s-stadium,Levi's Stadium,https://seatgeek.com/venues/levi-s-stadium/tickets,US,0,Levi's Stadium,37.4023,-121.969,FALSE,2015-07-10T00:00:00Z,QRCODE_TM
NA,TRUE,4346967,Pittsburgh Steelers at New Orleans Saints,2018-04-20T00:00:00,0.874,nfl,normal,,2018-12-23T15:25:00,2018-12-24T01:25:00,FALSE,FALSE,https://seatgeek.com/steelers-at-saints-tickets/12-23-2018-new-orleans-louisiana-mercedes-benz-superdome/nfl/4346967,2018-04-20T00:47:24,0.856,Steelers at Saints,2018-12-23T21:25:00,FALSE,454,600,234,480,459,234,6000,FALSE,2018-05-29T20:39:33Z,QRCODE,622,70112,America/Chicago,TRUE,128,New Orleans,"New Orleans, LA 70112","New Orleans, LA",LA,0.8966978,9,1500 Sugar Bowl Drive,mercedes-benz-superdome,Mercedes-Benz Superdome,https://seatgeek.com/venues/mercedes-benz-superdome/tickets,US,0,Mercedes-Benz Superdome,29.9515,-90.0786,FALSE,2018-08-27T20:46:59Z,QRCODE_TM
NA,FALSE,4347121,Kansas City Chiefs at Seattle Seahawks,2018-04-20T00:00:00,0.877,nfl,normal,,2018-12-23T17:20:00,2018-12-24T05:20:00,FALSE,FALSE,https://seatgeek.com/chiefs-at-seahawks-tickets/12-23-2018-seattle-washington-centurylink-field/nfl/4347121,2018-04-20T00:47:55,0.853,Chiefs at Seahawks,2018-12-24T01:20:00,FALSE,1750,407.58157,181,391,141,194,1165,FALSE,2018-08-24T21:53:43Z,QRCODE,819,98134,America/Los_Angeles,TRUE,339,Seattle,"Seattle, WA 98134","Seattle, WA",WA,0.87232786,10,800 Occidental Ave S,centurylink-field,CenturyLink Field,https://seatgeek.com/venues/centurylink-field/tickets,US,0,CenturyLink Field,47.5948,-122.332,FALSE,2018-03-02T22:54:54Z,QRCODE
NA,FALSE,4347150,Denver Broncos at Oakland Raiders,2018-04-20T00:00:00,0.843,nfl,normal,,2018-12-24T17:15:00,2018-12-25T05:15:00,FALSE,FALSE,https://seatgeek.com/broncos-at-raiders-tickets/12-24-2018-oakland-california-oakland-alameda-county-coliseum/nfl/4347150,2018-04-20T01:04:24,0.823,Broncos at Raiders,2018-12-25T01:15:00,FALSE,2206,144,31,122,710,31,1364,FALSE,2018-08-24T21:53:43Z,QRCODE,807,94621,America/Los_Angeles,TRUE,14,Oakland,"Oakland, CA 94621","Oakland, CA",CA,0.7817843,87,7000 Coliseum Way,oakland-alameda-county-coliseum,Oakland-Alameda County Coliseum,https://seatgeek.com/venues/oakland-alameda-county-coliseum/tickets,US,0,Oakland-Alameda County Coliseum,37.7469,-122.201,FALSE,2015-06-24T00:00:00Z,PDF417
NA,FALSE,4346984,Indianapolis Colts at Tennessee Titans,2018-04-20T00:00:00,0.814,nfl,normal,,2018-12-30T12:00:00,2018-12-30T22:00:00,FALSE,FALSE,https://seatgeek.com/colts-at-titans-tickets/12-30-2018-nashville-tennessee-nissan-stadium/nfl/4346984,2018-04-20T00:47:28,0.799,Colts at Titans,2018-12-30T18:00:00,FALSE,1590,512.7816,48,130,348,51,123810,FALSE,2018-08-24T21:53:43Z,QRCODE,659,37213,America/Chicago,TRUE,1126,Nashville,"Nashville, TN 37213","Nashville, TN",TN,0.8546275,14,1 Titans Way,nissan-stadium,Nissan Stadium,https://seatgeek.com/venues/nissan-stadium/tickets,US,0,Nissan Stadium,36.1665,-86.7713,FALSE,2015-10-19T15:09:39Z,NONE
NA,FALSE,4346934,Philadelphia Eagles at Washington Redskins,2018-04-20T00:00:00,0.897,nfl,normal,,2018-12-30T13:00:00,2018-12-30T22:00:00,FALSE,FALSE,https://seatgeek.com/eagles-at-redskins-tickets/12-30-2018-landover-maryland-fedex-field/nfl/4346934,2018-04-20T00:47:17,0.868,Eagles at Redskins,2018-12-30T18:00:00,FALSE,1491,216,123,184,548,121,884,FALSE,2018-08-24T21:53:43Z,QRCODE,511,20785,America/New_York,TRUE,35,Landover,"Landover, MD 20785","Landover, MD",MD,0.9333444,5,1600 Fedex Way,fedex-field,FedEx Field,https://seatgeek.com/venues/fedex-field/tickets,US,0,FedEx Field,38.9071,-76.8658,FALSE,2015-09-12T14:13:58Z,QRCODE_TM
NA,FALSE,4347065,Cleveland Browns at Baltimore Ravens,2018-04-20T00:00:00,0.799,nfl,normal,,2018-12-30T13:00:00,2018-12-30T22:00:00,FALSE,FALSE,https://seatgeek.com/browns-at-ravens-tickets/12-30-2018-baltimore-maryland-m-t-bank-stadium/nfl/4347065,2018-04-20T00:47:44,0.787,Browns at Ravens,2018-12-30T18:00:00,FALSE,2288,103,26,78,624,26,534,FALSE,2018-08-24T21:53:43Z,QRCODE,512,21230,America/New_York,TRUE,1121,Baltimore,"Baltimore, MD 21230","Baltimore, MD",MD,0.8927189,4,1101 Russell St,m-t-bank-stadium,M&T Bank Stadium,https://seatgeek.com/venues/m-t-bank-stadium/tickets,US,0,M&T Bank Stadium,39.2774,-76.623,FALSE,2015-08-04T00:00:00Z,QRCODE_TM
NA,FALSE,4347090,New York Jets at New England Patriots,2018-04-20T00:00:00,0.895,nfl,normal,,2018-12-30T13:00:00,2018-12-30T22:00:00,FALSE,FALSE,https://seatgeek.com/jets-at-patriots-tickets/12-30-2018-foxborough-massachusetts-gillette-stadium/nfl/4347090,2018-04-20T00:47:49,0.867,Jets at Patriots,2018-12-30T18:00:00,FALSE,862,376,185,331,229,185,1803,FALSE,2018-08-24T21:53:43Z,QRCODE,506,02035,America/New_York,TRUE,33,Foxborough,"Foxborough, MA 02035","Foxborough, MA",MA,0.8983344,7,1 Patriot Place,gillette-stadium,Gillette Stadium,https://seatgeek.com/venues/gillette-stadium/tickets,US,0,Gillette Stadium,42.0906,-71.2674,FALSE,2018-08-22T15:36:58Z,NONE
NA,FALSE,4347012,Jacksonville Jaguars at Houston Texans,2018-04-20T00:00:00,0.845,nfl,normal,,2018-12-30T12:00:00,2018-12-30T22:00:00,FALSE,FALSE,https://seatgeek.com/jaguars-at-texans-tickets/12-30-2018-houston-texas-nrg-stadium/nfl/4347012,2018-04-20T00:47:34,0.821,Jaguars at Texans,2018-12-30T18:00:00,FALSE,1644,211,64,166,749,64,2225,FALSE,2018-08-24T21:53:43Z,QRCODE,618,77054,America/Chicago,TRUE,41,Houston,"Houston, TX 77054","Houston, TX",TX,0.8624192,36,1 Reliant Park,nrg-stadium,NRG Stadium,https://seatgeek.com/venues/nrg-stadium/tickets,US,0,NRG Stadium,29.6847,-95.4107,FALSE,2015-11-04T18:42:27Z,QRCODE_TM
NA,FALSE,4347076,Cincinnati Bengals at Pittsburgh Steelers,2018-04-20T00:00:00,0.837,nfl,normal,,2018-12-30T13:00:00,2018-12-30T22:00:00,FALSE,FALSE,https://seatgeek.com/bengals-at-steelers-tickets/12-30-2018-pittsburgh-pennsylvania-heinz-field/nfl/4347076,2018-04-20T00:47:46,0.817,Bengals at Steelers,2018-12-30T18:00:00,FALSE,1771,271.4311,92,212,399,96,2395,FALSE,2018-08-24T21:53:43Z,QRCODE,508,15212,America/New_York,TRUE,1119,Pittsburgh,"Pittsburgh, PA 15212","Pittsburgh, PA",PA,0.9033526,6,100 Art Rooney Avenue,heinz-field,Heinz Field,https://seatgeek.com/venues/heinz-field/tickets,US,0,Heinz Field,40.4468,-80.0158,FALSE,2018-10-04T12:42:28Z,QRCODE
NA,TRUE,4346966,Carolina Panthers at New Orleans Saints,2018-04-20T00:00:00,0.862,nfl,normal,,2018-12-30T12:00:00,2018-12-30T22:00:00,FALSE,FALSE,https://seatgeek.com/panthers-at-saints-tickets/12-30-2018-new-orleans-louisiana-mercedes-benz-superdome/nfl/4346966,2018-04-20T00:47:23,0.842,Panthers at Saints,2018-12-30T18:00:00,FALSE,611,436,178,360,586,178,6000,FALSE,2018-05-29T20:39:40Z,QRCODE,622,70112,America/Chicago,TRUE,128,New Orleans,"New Orleans, LA 70112","New Orleans, LA",LA,0.8966978,9,1500 Sugar Bowl Drive,mercedes-benz-superdome,Mercedes-Benz Superdome,https://seatgeek.com/venues/mercedes-benz-superdome/tickets,US,0,Mercedes-Benz Superdome,29.9515,-90.0786,FALSE,2018-08-27T20:46:59Z,QRCODE_TM
NA,FALSE,4347030,Dallas Cowboys at New York Giants,2018-04-20T00:00:00,0.931,nfl,normal,,2018-12-30T13:00:00,2018-12-30T22:00:00,FALSE,FALSE,https://seatgeek.com/cowboys-at-giants-tickets/12-30-2018-east-rutherford-new-jersey-metlife-stadium/nfl/4347030,2018-04-20T00:47:37,0.888,Cowboys at Giants,2018-12-30T18:00:00,FALSE,1906,345.8248,139,293,508,139,1368,FALSE,2018-08-24T21:53:43Z,QRCODE,501,07073,America/New_York,TRUE,1587,East Rutherford,"East Rutherford, NJ 07073","East Rutherford, NJ",NJ,0.94873494,8,1 MetLife Stadium Drive,metlife-stadium,MetLife Stadium,https://seatgeek.com/venues/metlife-stadium/tickets,US,0,MetLife Stadium,40.8142,-74.0737,FALSE,2015-09-12T14:14:07Z,QRCODE_TM
NA,FALSE,4347056,Miami Dolphins at Buffalo Bills,2018-04-20T00:00:00,0.803,nfl,normal,,2018-12-30T13:00:00,2018-12-30T22:00:00,FALSE,FALSE,https://seatgeek.com/dolphins-at-bills-tickets/12-30-2018-orchard-park-new-york-new-era-field/nfl/4347056,2018-04-20T00:47:43,0.791,Dolphins at Bills,2018-12-30T18:00:00,FALSE,1944,61,14,47,1058,20,360,FALSE,2018-08-24T21:53:43Z,QRCODE,514,14127,America/New_York,TRUE,1135,Orchard Park,"Orchard Park, NY 14127","Orchard Park, NY",NY,0.8815085,3,1 Bills Drive,new-era-field,New Era Field,https://seatgeek.com/venues/new-era-field/tickets,US,0,New Era Field,42.7737,-78.7874,FALSE,2015-08-12T16:52:53Z,QRCODE_TM
NA,FALSE,4347134,Chicago Bears at Minnesota Vikings,2018-04-20T00:00:00,0.875,nfl,normal,,2018-12-30T12:00:00,2018-12-30T22:00:00,FALSE,FALSE,https://seatgeek.com/bears-at-vikings-tickets/12-30-2018-minneapolis-minnesota-u-s-bank-stadium/nfl/4347134,2018-04-20T01:04:04,0.851,Bears at Vikings,2018-12-30T18:00:00,FALSE,993,789.0783,125,413,383,244,124041,FALSE,2018-08-24T21:53:43Z,QRCODE,0,55415,America/Chicago,TRUE,218451,Minneapolis,"Minneapolis, MN 55415","Minneapolis, MN",MN,0.88524246,17,401 Chicago Avenue,u-s-bank-stadium,U.S. Bank Stadium,https://seatgeek.com/venues/u-s-bank-stadium/tickets,US,0,U.S. Bank Stadium,44.9751,-93.2582,FALSE,2018-08-22T15:34:15Z,NONE
NA,FALSE,4346977,Oakland Raiders at Kansas City Chiefs,2018-04-20T00:00:00,0.867,nfl,normal,,2018-12-30T12:00:00,2018-12-30T22:00:00,FALSE,FALSE,https://seatgeek.com/raiders-at-chiefs-tickets/12-30-2018-kansas-city-missouri-arrowhead-stadium/nfl/4346977,2018-04-20T00:47:26,0.839,Raiders at Chiefs,2018-12-30T18:00:00,FALSE,1162,176.32683,71,167,768,71,663,FALSE,2018-08-24T21:53:43Z,QRCODE,616,64129,America/Chicago,TRUE,1128,Kansas City,"Kansas City, MO 64129","Kansas City, MO",MO,0.8827867,5,1 Arrowhead Drive,arrowhead-stadium,Arrowhead Stadium,https://seatgeek.com/venues/arrowhead-stadium/tickets,US,0,Arrowhead Stadium,39.0489,-94.4839,FALSE,2015-08-20T16:20:51Z,QRCODE_TM
NA,FALSE,4346913,Detroit Lions at Green Bay Packers,2018-04-20T00:00:00,0.857,nfl,normal,,2018-12-30T12:00:00,2018-12-30T22:00:00,FALSE,FALSE,https://seatgeek.com/lions-at-packers-tickets/12-30-2018-green-bay-wisconsin-lambeau-field/nfl/4346913,2018-04-20T00:47:13,0.839,Lions at Packers,2018-12-30T18:00:00,FALSE,1545,191.92459,96,169,305,96,500,FALSE,2018-08-24T21:53:43Z,QRCODE,658,54304,America/Chicago,TRUE,1125,Green Bay,"Green Bay, WI 54304","Green Bay, WI",WI,0.92909414,5,1265 Lombardi Avenue,lambeau-field,Lambeau Field,https://seatgeek.com/venues/lambeau-field/tickets,US,0,Lambeau Field,44.5013,-88.0622,FALSE,2015-09-02T22:43:34Z,QRCODE_TM
NA,FALSE,4346925,Atlanta Falcons at Tampa Bay Buccaneers,2018-04-20T00:00:00,0.831,nfl,normal,,2018-12-30T13:00:00,2018-12-30T22:00:00,FALSE,FALSE,https://seatgeek.com/falcons-at-buccaneers-tickets/12-30-2018-tampa-florida-raymond-james-stadium/nfl/4346925,2018-04-20T00:47:15,0.811,Falcons at Buccaneers,2018-12-30T18:00:00,FALSE,1310,168.24817,74,116,411,69,525,FALSE,2018-08-24T21:53:43Z,QRCODE,539,33607,America/New_York,TRUE,39,Tampa,"Tampa, FL 33607","Tampa, FL",FL,0.86513025,7,4201 North Dale Mabry Highway,raymond-james-stadium,Raymond James Stadium,https://seatgeek.com/venues/raymond-james-stadium/tickets,US,0,Raymond James Stadium,27.9753,-82.5034,FALSE,2015-08-24T14:44:53Z,QRCODE_TM
NA,FALSE,4347147,Los Angeles Chargers at Denver Broncos,2018-04-20T00:00:00,0.842,nfl,normal,,2018-12-30T14:25:00,2018-12-31T01:25:00,FALSE,FALSE,https://seatgeek.com/chargers-at-broncos-tickets/12-30-2018-denver-colorado-broncos-stadium-at-mile-high/nfl/4347147,2018-04-20T01:04:06,0.825,Chargers at Broncos,2018-12-30T21:25:00,FALSE,1831,308.33334,87,279,48,102,748,FALSE,2018-08-24T21:53:43Z,QRCODE,751,80204,America/Denver,TRUE,1131,Denver,"Denver, CO 80204","Denver, CO",CO,0.9028296,5,1701 Bryant St.,broncos-stadium-at-mile-high,Broncos Stadium at Mile High,https://seatgeek.com/venues/broncos-stadium-at-mile-high/tickets,US,0,Broncos Stadium at Mile High,39.74,-105.02,FALSE,2015-08-07T18:39:02Z,QRCODE_TM
NA,FALSE,4346938,San Francisco 49ers at Los Angeles Rams,2018-04-20T00:00:00,0.87,nfl,normal,,2018-12-30T13:25:00,2018-12-31T01:25:00,FALSE,FALSE,https://seatgeek.com/49ers-at-rams-tickets/12-30-2018-los-angeles-california-los-angeles-memorial-coliseum-1/nfl/4346938,2018-04-20T00:47:17,0.841,49ers at Rams,2018-12-30T21:25:00,FALSE,1742,225,80,185,497,83,800,FALSE,2018-08-24T21:53:43Z,QRCODE,0,90037,America/Los_Angeles,TRUE,51012,Los Angeles,"Los Angeles, CA 90037","Los Angeles, CA",CA,0.86898464,4,3911 S Figueroa St,los-angeles-memorial-coliseum-1,Los Angeles Memorial Coliseum,https://seatgeek.com/venues/los-angeles-memorial-coliseum-1/tickets,US,0,Los Angeles Memorial Coliseum,34.0138,-118.288,FALSE,2018-08-23T17:59:28Z,QRCODE
NA,FALSE,4347120,Arizona Cardinals at Seattle Seahawks,2018-04-20T00:00:00,0.859,nfl,normal,,2018-12-30T13:25:00,2018-12-31T01:25:00,FALSE,FALSE,https://seatgeek.com/cardinals-at-seahawks-tickets/12-30-2018-seattle-washington-centurylink-field/nfl/4347120,2018-04-20T00:47:54,0.833,Cardinals at Seahawks,2018-12-30T21:25:00,FALSE,1833,379.54498,139,361,189,154,1223,FALSE,2018-08-24T21:53:43Z,QRCODE,819,98134,America/Los_Angeles,TRUE,339,Seattle,"Seattle, WA 98134","Seattle, WA",WA,0.87232786,10,800 Occidental Ave S,centurylink-field,CenturyLink Field,https://seatgeek.com/venues/centurylink-field/tickets,US,0,CenturyLink Field,47.5948,-122.332,FALSE,2018-03-02T22:54:54Z,QRCODE
NA,FALSE,4642376,Wild Card Or Divisional Round Game: TBD at Carolina Panthers (Date TBA),2018-11-20T00:00:00,0.772,nfl,normal,,2019-01-05T03:30:00,2019-01-06T05:00:00,TRUE,TRUE,https://seatgeek.com/wild-card-or-divisional-round-game-tbd-at-carolina-panthers-date-tba-tickets/1-5-2019-charlotte-north-carolina-bank-of-america-stadium/nfl/4642376,2018-11-20T01:53:48,0.689,Wild Card Or Divisional Round Gm: TBD at Panthers,2019-01-05T08:30:00,TRUE,19,576.4643,340,574,56,340,859,FALSE,2015-09-25T18:23:51Z,QRCODE_TM,517,28202,America/New_York,TRUE,1122,Charlotte,"Charlotte, NC 28202","Charlotte, NC",NC,0.8968222,8,800 South Mint Street,bank-of-america-stadium,Bank of America Stadium,https://seatgeek.com/venues/bank-of-america-stadium/tickets,US,0,Bank of America Stadium,35.2243,-80.8524,FALSE,2015-09-25T18:23:51Z,QRCODE_TM
NA,FALSE,4642386,Wild Card Or Divisional Round Game: TBD at Pittsburgh Steelers (Date TBA),2018-11-20T00:00:00,0.78,nfl,normal,,2019-01-05T03:30:00,2019-01-06T05:00:00,TRUE,TRUE,https://seatgeek.com/wild-card-or-divisional-round-game-tbd-at-pittsburgh-steelers-date-tba-tickets/1-5-2019-pittsburgh-pennsylvania-heinz-field/nfl/4642386,2018-11-20T01:53:48,0.701,Wild Card Or Divisional Round Gm: TBD at Steelers,2019-01-05T08:30:00,TRUE,91,749.5,170,444,130,170,3186,FALSE,2018-10-04T12:42:28Z,QRCODE,508,15212,America/New_York,TRUE,1119,Pittsburgh,"Pittsburgh, PA 15212","Pittsburgh, PA",PA,0.9033526,6,100 Art Rooney Avenue,heinz-field,Heinz Field,https://seatgeek.com/venues/heinz-field/tickets,US,0,Heinz Field,40.4468,-80.0158,FALSE,2018-10-04T12:42:28Z,QRCODE
NA,FALSE,4642383,Wild Card Or Divisional Round Game: TBD at Philadelphia Eagles,2018-11-20T00:00:00,0.676,nfl,normal,,2019-01-05T03:30:00,2019-01-06T05:00:00,TRUE,FALSE,https://seatgeek.com/wild-card-or-divisional-round-game-tbd-at-philadelphia-eagles-tickets/1-5-2019-philadelphia-pennsylvania-lincoln-financial-field/nfl/4642383,2018-11-20T01:53:48,0.613,Wild Card Or Divisional Round Gm: TBD at Eagles,2019-01-05T08:30:00,FALSE,6,724.64703,453,728,17,453,1055,FALSE,2015-07-10T00:00:00Z,QRCODE_TM,504,19148,America/New_York,TRUE,330,Philadelphia,"Philadelphia, PA 19148","Philadelphia, PA",PA,0.90542685999999994,11,1020 Pattison Ave,lincoln-financial-field,Lincoln Financial Field,https://seatgeek.com/venues/lincoln-financial-field/tickets,US,0,Lincoln Financial Field,39.9046,-75.1675,FALSE,2015-07-10T00:00:00Z,QRCODE_TM
NA,FALSE,4642400,Wild Card Or Divisional Round Game: TBD at New England Patriots (Date TBA),2018-11-20T00:00:00,0.83,nfl,normal,,2019-01-05T03:30:00,2019-01-06T05:00:00,TRUE,TRUE,https://seatgeek.com/wild-card-or-divisional-round-game-tbd-at-new-england-patriots-date-tba-tickets/1-5-2019-foxborough-massachusetts-gillette-stadium/nfl/4642400,2018-11-20T01:53:49,0.751,Wild Card Or Divisional Round Gm: TBD at Patriots,2019-01-05T08:30:00,TRUE,115,936.95654,422,794,161,425,2230,FALSE,2018-08-22T15:36:58Z,NONE,506,02035,America/New_York,TRUE,33,Foxborough,"Foxborough, MA 02035","Foxborough, MA",MA,0.8983344,7,1 Patriot Place,gillette-stadium,Gillette Stadium,https://seatgeek.com/venues/gillette-stadium/tickets,US,0,Gillette Stadium,42.0906,-71.2674,FALSE,2018-08-22T15:36:58Z,NONE
NA,FALSE,4644123,Wild Card Or Divisional Round Game: TBD at Washington Redskins,2018-11-21T00:00:00,0.702,nfl,normal,,2019-01-05T03:30:00,2019-01-06T05:00:00,TRUE,FALSE,https://seatgeek.com/wild-card-or-divisional-round-game-tbd-at-washington-redskins-tickets/1-5-2019-landover-maryland-fedex-field/nfl/4644123,2018-11-21T15:52:20,0.632,Wild Card Or Divisional Round Gm: TBD at Redskins,2019-01-05T08:30:00,FALSE,NA,NA,NA,NA,NA,NA,NA,FALSE,2015-09-12T14:13:58Z,QRCODE_TM,511,20785,America/New_York,TRUE,35,Landover,"Landover, MD 20785","Landover, MD",MD,0.9333444,5,1600 Fedex Way,fedex-field,FedEx Field,https://seatgeek.com/venues/fedex-field/tickets,US,0,FedEx Field,38.9071,-76.8658,FALSE,2015-09-12T14:13:58Z,QRCODE_TM
NA,FALSE,4642395,Wild Card Or Divisional Round Game: TBD at Miami Dolphins,2018-11-20T00:00:00,0.654,nfl,normal,,2019-01-05T03:30:00,2019-01-06T05:00:00,TRUE,FALSE,https://seatgeek.com/wild-card-or-divisional-round-game-tbd-at-miami-dolphins-tickets/1-5-2019-miami-gardens-florida-hard-rock-stadium/nfl/4642395,2018-11-20T01:53:48,0.584,Wild Card Or Divisional Round Gm: TBD at Dolphins,2019-01-05T08:30:00,FALSE,2,651,615,626,5,615,728,FALSE,2017-10-03T18:58:44Z,NONE,528,33056,America/New_York,TRUE,29,Miami Gardens,"Miami Gardens, FL 33056","Miami Gardens, FL",FL,0.8378203,35,347 Don Shula Dr.,hard-rock-stadium,Hard Rock Stadium,https://seatgeek.com/venues/hard-rock-stadium/tickets,US,0,Hard Rock Stadium,25.9579,-80.2388,FALSE,2017-10-03T18:58:44Z,NONE
NA,FALSE,4642378,Wild Card Game: TBD at Minnesota Vikings (Date TBA),2018-11-20T00:00:00,0.854,nfl,normal,,2019-01-05T03:30:00,2019-01-06T06:00:00,TRUE,TRUE,https://seatgeek.com/wild-card-game-tbd-at-minnesota-vikings-date-tba-tickets/1-5-2019-minneapolis-minnesota-u-s-bank-stadium/nfl/4642378,2018-11-20T01:53:48,0.764,Wild Card Gm: TBD at Vikings,2019-01-05T09:30:00,TRUE,10,562.5862,363,557,29,363,793,FALSE,2018-08-22T15:34:15Z,NONE,0,55415,America/Chicago,TRUE,218451,Minneapolis,"Minneapolis, MN 55415","Minneapolis, MN",MN,0.88524246,17,401 Chicago Avenue,u-s-bank-stadium,U.S. Bank Stadium,https://seatgeek.com/venues/u-s-bank-stadium/tickets,US,0,U.S. Bank Stadium,44.9751,-93.2582,FALSE,2018-08-22T15:34:15Z,NONE
NA,FALSE,4642393,Wild Card Or Divisional Round Game: TBD at Tennessee Titans,2018-11-20T00:00:00,0.655,nfl,normal,,2019-01-05T03:30:00,2019-01-06T06:00:00,TRUE,FALSE,https://seatgeek.com/wild-card-or-divisional-round-game-tbd-at-tennessee-titans-tickets/1-5-2019-nashville-tennessee-nissan-stadium/nfl/4642393,2018-11-20T01:53:48,0.593,Wild Card Or Divisional Round Gm: TBD at Titans,2019-01-05T09:30:00,FALSE,8,747.1177,565,664,17,565,1253,FALSE,2015-10-19T15:09:39Z,NONE,659,37213,America/Chicago,TRUE,1126,Nashville,"Nashville, TN 37213","Nashville, TN",TN,0.8546275,14,1 Titans Way,nissan-stadium,Nissan Stadium,https://seatgeek.com/venues/nissan-stadium/tickets,US,0,Nissan Stadium,36.1665,-86.7713,FALSE,2015-10-19T15:09:39Z,NONE
NA,FALSE,4642396,Wild Card Or Divisional Round Game: TBD at Kansas City Chiefs (Date TBA),2018-11-20T00:00:00,0.81,nfl,normal,,2019-01-05T03:30:00,2019-01-06T06:00:00,TRUE,TRUE,https://seatgeek.com/wild-card-or-divisional-round-game-tbd-at-kansas-city-chiefs-date-tba-tickets/1-5-2019-kansas-city-missouri-arrowhead-stadium/nfl/4642396,2018-11-20T01:53:48,0.72,Wild Card Or Divisional Round Gm: TBD at Chiefs,2019-01-05T09:30:00,TRUE,169,354.4162,150,311,543,150,1287,FALSE,2015-08-20T16:20:51Z,QRCODE_TM,616,64129,America/Chicago,TRUE,1128,Kansas City,"Kansas City, MO 64129","Kansas City, MO",MO,0.8827867,5,1 Arrowhead Drive,arrowhead-stadium,Arrowhead Stadium,https://seatgeek.com/venues/arrowhead-stadium/tickets,US,0,Arrowhead Stadium,39.0489,-94.4839,FALSE,2015-08-20T16:20:51Z,QRCODE_TM
NA,FALSE,4642377,Wild Card Or Divisional Round Game: TBD at Chicago Bears (Date TBA),2018-11-20T00:00:00,0.799,nfl,normal,,2019-01-05T03:30:00,2019-01-06T06:00:00,TRUE,TRUE,https://seatgeek.com/wild-card-or-divisional-round-game-tbd-at-chicago-bears-date-tba-tickets/1-5-2019-chicago-illinois-soldier-field/nfl/4642377,2018-11-20T01:53:48,0.713,Wild Card Or Divisional Round Gm: TBD at Bears,2019-01-05T09:30:00,TRUE,58,883.35297,345,663,119,345,4008,FALSE,2018-06-02T00:44:08Z,NONE,602,60605,America/Chicago,TRUE,31,Chicago,"Chicago, IL 60605","Chicago, IL",IL,0.940013,6,1410 S. Museum Campus Drive,soldier-field,Soldier Field,https://seatgeek.com/venues/soldier-field/tickets,US,0,Soldier Field,41.8623,-87.6159,FALSE,2018-06-02T00:44:08Z,NONE
NA,FALSE,4642374,Wild Card Or Divisional Round Game: TBD at Houston Texans,2018-11-20T00:00:00,0.823,nfl,normal,,2019-01-05T03:30:00,2019-01-06T06:00:00,TRUE,FALSE,https://seatgeek.com/wild-card-or-divisional-round-game-tbd-at-houston-texans-tickets/1-5-2019-houston-texas-nrg-stadium/nfl/4642374,2018-11-20T01:52:45,0.726,Wild Card Or Divisional Round Gm: TBD at Texans,2019-01-05T09:30:00,FALSE,25,720.0909,249,737,55,249,957,FALSE,2015-11-04T18:42:27Z,QRCODE_TM,618,77054,America/Chicago,TRUE,41,Houston,"Houston, TX 77054","Houston, TX",TX,0.8624192,36,1 Reliant Park,nrg-stadium,NRG Stadium,https://seatgeek.com/venues/nrg-stadium/tickets,US,0,NRG Stadium,29.6847,-95.4107,FALSE,2015-11-04T18:42:27Z,QRCODE_TM
NA,FALSE,4642381,Wild Card Or Divisional Round Game: TBD at Los Angeles Rams (Date TBA),2018-11-20T00:00:00,0.766,nfl,normal,,2019-01-05T03:30:00,2019-01-06T08:00:00,TRUE,TRUE,https://seatgeek.com/wild-card-or-divisional-round-game-tbd-at-los-angeles-rams-date-tba-tickets/1-5-2019-los-angeles-california-los-angeles-memorial-coliseum-1/nfl/4642381,2018-11-20T01:53:48,0.693,Wild Card Or Divisional Round Gm: TBD at Rams,2019-01-05T11:30:00,TRUE,79,789.0227,186,690,220,186,2628,FALSE,2018-08-23T17:59:28Z,QRCODE,0,90037,America/Los_Angeles,TRUE,51012,Los Angeles,"Los Angeles, CA 90037","Los Angeles, CA",CA,0.86898464,4,3911 S Figueroa St,los-angeles-memorial-coliseum-1,Los Angeles Memorial Coliseum,https://seatgeek.com/venues/los-angeles-memorial-coliseum-1/tickets,US,0,Los Angeles Memorial Coliseum,34.0138,-118.288,FALSE,2018-08-23T17:59:28Z,QRCODE
NA,FALSE,4642390,Wild Card Or Divisional Round Game: TBD at Los Angeles Chargers (Date TBA),2018-11-20T00:00:00,0.758,nfl,normal,,2019-01-05T03:30:00,2019-01-06T08:00:00,TRUE,TRUE,https://seatgeek.com/wild-card-or-divisional-round-game-tbd-at-los-angeles-chargers-date-tba-tickets/1-5-2019-carson-california-stubhub-center/nfl/4642390,2018-11-20T01:53:48,0.67,Wild Card Or Divisional Round Gm: TBD at Chargers,2019-01-05T11:30:00,TRUE,3,538.625,442,539,8,442,599,NA,NA,NA,803,90746,America/Los_Angeles,TRUE,52,Carson,"Carson, CA 90746","Carson, CA",CA,0.7228164,4,18400 Avalon Blvd,stubhub-center,StubHub Center,https://seatgeek.com/venues/stubhub-center/tickets,US,0,StubHub Center,33.8643,-118.261,NA,NA,NA
NA,FALSE,4642603,Wild Card Or Divisional Round Game: TBD at Indianapolis Colts,2018-11-20T00:00:00,0.745,nfl,normal,,2019-01-05T13:00:00,2019-01-05T22:00:00,FALSE,FALSE,https://seatgeek.com/wild-card-or-divisional-round-game-tbd-at-indianapolis-colts-tickets/1-5-2019-indianapolis-indiana-lucas-oil-stadium/nfl/4642603,2018-11-20T16:01:34,0.681,Wild Card Or Divisional Round Gm: TBD at Colts,2019-01-05T18:00:00,FALSE,6,266,235,270,3,235,293,FALSE,2018-09-13T22:29:37Z,QRCODE_TM,527,46225,America/Indiana/Indianapolis,TRUE,1130,Indianapolis,"Indianapolis, IN 46225","Indianapolis, IN",IN,0.9071682,9,500 South Capitol Avenue,lucas-oil-stadium,Lucas Oil Stadium,https://seatgeek.com/venues/lucas-oil-stadium/tickets,US,0,Lucas Oil Stadium,39.7601,-86.1639,FALSE,2018-09-13T22:29:37Z,QRCODE_TM
NA,FALSE,4642613,Wild Card Or Divisional Round Game: TBD at Baltimore Ravens,2018-11-20T00:00:00,0.735,nfl,normal,,2019-01-05T13:00:00,2019-01-05T22:00:00,FALSE,FALSE,https://seatgeek.com/wild-card-or-divisional-round-game-tbd-at-baltimore-ravens-tickets/1-5-2019-baltimore-maryland-m-t-bank-stadium/nfl/4642613,2018-11-20T16:01:39,0.672,Wild Card Or Divisional Round Gm: TBD at Ravens,2019-01-05T18:00:00,FALSE,2,1066.25,1112,1019,4,1001,1133,FALSE,2015-08-04T00:00:00Z,QRCODE_TM,512,21230,America/New_York,TRUE,1121,Baltimore,"Baltimore, MD 21230","Baltimore, MD",MD,0.8927189,4,1101 Russell St,m-t-bank-stadium,M&T Bank Stadium,https://seatgeek.com/venues/m-t-bank-stadium/tickets,US,0,M&T Bank Stadium,39.2774,-76.623,FALSE,2015-08-04T00:00:00Z,QRCODE_TM
NA,FALSE,4642403,Wild Card Or Divisional Round Game: TBD at Atlanta Falcons,2018-11-20T00:00:00,0.597,nfl,normal,,2019-01-05T13:00:00,2019-01-05T22:00:00,FALSE,FALSE,https://seatgeek.com/wild-card-or-divisional-round-game-tbd-at-atlanta-falcons-tickets/1-5-2019-atlanta-georgia-mercedes-benz-stadium/nfl/4642403,2018-11-20T16:00:10,0.554,Wild Card Or Divisional Round Gm: TBD at Falcons,2019-01-05T18:00:00,FALSE,1,624,585,585,2,585,663,FALSE,2018-08-23T20:14:46Z,QRCODE,0,30313,America/New_York,TRUE,419590,Atlanta,"Atlanta, GA 30313","Atlanta, GA",GA,0.76958936,14,441 M.L.K. Jr Dr NW,mercedes-benz-stadium,Mercedes-Benz Stadium,https://seatgeek.com/venues/mercedes-benz-stadium/tickets,US,0,Mercedes-Benz Stadium,33.7547,-84.404,FALSE,2018-08-23T20:14:46Z,QRCODE
NA,FALSE,4642541,Wild Card Or Divisional Round Game: TBD at Green Bay Packers,2018-11-20T00:00:00,0.769,nfl,normal,,2019-01-05T13:00:00,2019-01-05T23:00:00,FALSE,FALSE,https://seatgeek.com/wild-card-or-divisional-round-game-tbd-at-green-bay-packers-tickets/1-5-2019-green-bay-wisconsin-lambeau-field/nfl/4642541,2018-11-20T16:01:02,0.698,Wild Card Or Divisional Round Gm: TBD at Packers,2019-01-05T19:00:00,FALSE,NA,NA,NA,NA,NA,NA,NA,FALSE,2015-09-02T22:43:34Z,QRCODE_TM,658,54304,America/Chicago,TRUE,1125,Green Bay,"Green Bay, WI 54304","Green Bay, WI",WI,0.92909414,5,1265 Lombardi Avenue,lambeau-field,Lambeau Field,https://seatgeek.com/venues/lambeau-field/tickets,US,0,Lambeau Field,44.5013,-88.0622,FALSE,2015-09-02T22:43:34Z,QRCODE_TM
NA,FALSE,4642661,Wild Card Game: TBD at Seattle Seahawks,2018-11-20T00:00:00,0.721,nfl,normal,,2019-01-05T13:00:00,2019-01-06T01:00:00,FALSE,FALSE,https://seatgeek.com/wild-card-game-tbd-at-seattle-seahawks-tickets/1-5-2019-seattle-washington-centurylink-field/nfl/4642661,2018-11-20T16:01:54,0.657,Wild Card Gm: TBD at Seahawks,2019-01-05T21:00:00,FALSE,3,1122.5,1112,1112,6,1112,1133,FALSE,2018-03-02T22:54:54Z,QRCODE,819,98134,America/Los_Angeles,TRUE,339,Seattle,"Seattle, WA 98134","Seattle, WA",WA,0.87232786,10,800 Occidental Ave S,centurylink-field,CenturyLink Field,https://seatgeek.com/venues/centurylink-field/tickets,US,0,CenturyLink Field,47.5948,-122.332,FALSE,2018-03-02T22:54:54Z,QRCODE
NA,FALSE,4644343,Divisional Round Game: TBD at Cincinnati Bengals,2018-11-21T00:00:00,0.759,nfl,normal,,2019-01-12T13:00:00,2019-01-12T22:00:00,FALSE,FALSE,https://seatgeek.com/divisional-round-game-tbd-at-cincinnati-bengals-tickets/1-12-2019-cincinnati-ohio-paul-brown-stadium/nfl/4644343,2018-11-21T16:02:27,0.682,Divisional Round Gm: TBD at Bengals,2019-01-12T18:00:00,FALSE,NA,NA,NA,NA,NA,NA,NA,FALSE,2015-10-09T16:14:37Z,QRCODE_TM,515,45202,America/New_York,TRUE,1124,Cincinnati,"Cincinnati, OH 45202","Cincinnati, OH",OH,0.86166537,3,1 Paul Brown Stadium,paul-brown-stadium,Paul Brown Stadium,https://seatgeek.com/venues/paul-brown-stadium/tickets,US,0,Paul Brown Stadium,39.0961,-84.5177,FALSE,2015-10-09T16:14:37Z,QRCODE_TM
NA,FALSE,4645836,Divisional Round Game: TBD at Minnesota Vikings,2018-11-22T00:00:00,0.854,nfl,normal,,2019-01-12T13:00:00,2019-01-12T23:00:00,FALSE,FALSE,https://seatgeek.com/divisional-round-game-tbd-at-minnesota-vikings-tickets/1-12-2019-minneapolis-minnesota-u-s-bank-stadium/nfl/4645836,2018-11-22T16:00:15,0.765,Divisional Round Gm: TBD at Vikings,2019-01-12T19:00:00,FALSE,NA,NA,NA,NA,NA,NA,NA,FALSE,2018-08-22T15:34:15Z,NONE,0,55415,America/Chicago,TRUE,218451,Minneapolis,"Minneapolis, MN 55415","Minneapolis, MN",MN,0.88524246,17,401 Chicago Avenue,u-s-bank-stadium,U.S. Bank Stadium,https://seatgeek.com/venues/u-s-bank-stadium/tickets,US,0,U.S. Bank Stadium,44.9751,-93.2582,FALSE,2018-08-22T15:34:15Z,NONE
NA,FALSE,4642660,Divisional Round Game: TBD at Seattle Seahawks,2018-11-20T00:00:00,0.721,nfl,normal,,2019-01-12T13:00:00,2019-01-13T01:00:00,FALSE,FALSE,https://seatgeek.com/divisional-round-game-tbd-at-seattle-seahawks-tickets/1-12-2019-seattle-washington-centurylink-field/nfl/4642660,2018-11-20T16:01:54,0.65,Divisional Round Gm: TBD at Seahawks,2019-01-12T21:00:00,FALSE,3,1122,1112,1112,6,1112,1133,FALSE,2018-03-02T22:54:54Z,QRCODE,819,98134,America/Los_Angeles,TRUE,339,Seattle,"Seattle, WA 98134","Seattle, WA",WA,0.87232786,10,800 Occidental Ave S,centurylink-field,CenturyLink Field,https://seatgeek.com/venues/centurylink-field/tickets,US,0,CenturyLink Field,47.5948,-122.332,FALSE,2018-03-02T22:54:54Z,QRCODE
NA,FALSE,4642385,AFC Championship: TBD at Pittsburgh Steelers (Date TBA),2018-11-20T00:00:00,0.757,nfl,normal,,2019-01-20T03:30:00,2019-01-21T05:00:00,TRUE,TRUE,https://seatgeek.com/afc-championship-tbd-at-pittsburgh-steelers-date-tba-tickets/1-20-2019-pittsburgh-pennsylvania-heinz-field/nfl/4642385,2018-11-20T01:53:48,0.676,AFC Championship: TBD at Steelers,2019-01-20T08:30:00,TRUE,33,697,357,664,76,357,1706,FALSE,2018-10-04T12:42:28Z,QRCODE,508,15212,America/New_York,TRUE,1119,Pittsburgh,"Pittsburgh, PA 15212","Pittsburgh, PA",PA,0.9033526,6,100 Art Rooney Avenue,heinz-field,Heinz Field,https://seatgeek.com/venues/heinz-field/tickets,US,0,Heinz Field,40.4468,-80.0158,FALSE,2018-10-04T12:42:28Z,QRCODE
NA,FALSE,4642537,NFC Championship: TBD at Washington Redskins,2018-11-20T00:00:00,0.644,nfl,normal,,2019-01-20T03:30:00,2019-01-21T05:00:00,TRUE,FALSE,https://seatgeek.com/nfc-championship-tbd-at-washington-redskins-tickets/1-20-2019-landover-maryland-fedex-field/nfl/4642537,2018-11-20T16:01:02,0.58,NFC Championship: TBD at Redskins,2019-01-20T08:30:00,FALSE,9,2560.5,658,1753,6,903,4544,FALSE,2015-09-12T14:13:58Z,QRCODE_TM,511,20785,America/New_York,TRUE,35,Landover,"Landover, MD 20785","Landover, MD",MD,0.9333444,5,1600 Fedex Way,fedex-field,FedEx Field,https://seatgeek.com/venues/fedex-field/tickets,US,0,FedEx Field,38.9071,-76.8658,FALSE,2015-09-12T14:13:58Z,QRCODE_TM
NA,FALSE,4642399,AFC Championship: TBD at New England Patriots,2018-11-20T00:00:00,0.739,nfl,normal,,2019-01-20T03:30:00,2019-01-21T05:00:00,TRUE,FALSE,https://seatgeek.com/afc-championship-tbd-at-new-england-patriots-tickets/1-20-2019-foxborough-massachusetts-gillette-stadium/nfl/4642399,2018-11-20T01:53:49,0.666,AFC Championship: TBD at Patriots,2019-01-20T08:30:00,FALSE,82,1433.3647,639,1234,159,639,3403,FALSE,2018-08-22T15:36:58Z,NONE,506,02035,America/New_York,TRUE,33,Foxborough,"Foxborough, MA 02035","Foxborough, MA",MA,0.8983344,7,1 Patriot Place,gillette-stadium,Gillette Stadium,https://seatgeek.com/venues/gillette-stadium/tickets,US,0,Gillette Stadium,42.0906,-71.2674,FALSE,2018-08-22T15:36:58Z,NONE
NA,FALSE,4642379,NFC Championship: TBD at Philadelphia Eagles,2018-11-20T00:00:00,0.614,nfl,normal,,2019-01-20T03:30:00,2019-01-21T05:00:00,TRUE,FALSE,https://seatgeek.com/nfc-championship-tbd-at-philadelphia-eagles-tickets/1-20-2019-philadelphia-pennsylvania-lincoln-financial-field/nfl/4642379,2018-11-20T01:53:48,0.557,NFC Championship: TBD at Eagles,2019-01-20T08:30:00,FALSE,25,1091.3467,637,956,75,637,5419,FALSE,2015-07-10T00:00:00Z,QRCODE_TM,504,19148,America/New_York,TRUE,330,Philadelphia,"Philadelphia, PA 19148","Philadelphia, PA",PA,0.90542685999999994,11,1020 Pattison Ave,lincoln-financial-field,Lincoln Financial Field,https://seatgeek.com/venues/lincoln-financial-field/tickets,US,0,Lincoln Financial Field,39.9046,-75.1675,FALSE,2015-07-10T00:00:00Z,QRCODE_TM
NA,FALSE,4642384,NFC Championship: TBD at Carolina Panthers (Date TBA),2018-11-20T00:00:00,0.721,nfl,normal,,2019-01-20T03:30:00,2019-01-21T05:00:00,TRUE,TRUE,https://seatgeek.com/nfc-championship-tbd-at-carolina-panthers-date-tba-tickets/1-20-2019-charlotte-north-carolina-bank-of-america-stadium/nfl/4642384,2018-11-20T01:53:48,0.642,NFC Championship: TBD at Panthers,2019-01-20T08:30:00,TRUE,23,1055,490,1099,37,491,1383,FALSE,2015-09-25T18:23:51Z,QRCODE_TM,517,28202,America/New_York,TRUE,1122,Charlotte,"Charlotte, NC 28202","Charlotte, NC",NC,0.8968222,8,800 South Mint Street,bank-of-america-stadium,Bank of America Stadium,https://seatgeek.com/venues/bank-of-america-stadium/tickets,US,0,Bank of America Stadium,35.2243,-80.8524,FALSE,2015-09-25T18:23:51Z,QRCODE_TM
NA,FALSE,4642394,AFC Championship: TBD at Miami Dolphins,2018-11-20T00:00:00,0.662,nfl,normal,,2019-01-20T03:30:00,2019-01-21T05:00:00,TRUE,FALSE,https://seatgeek.com/afc-championship-tbd-at-miami-dolphins-tickets/1-20-2019-miami-gardens-florida-hard-rock-stadium/nfl/4642394,2018-11-20T01:53:48,0.591,AFC Championship: TBD at Dolphins,2019-01-20T08:30:00,FALSE,2,2348.4,847,990,5,847,4544,FALSE,2017-10-03T18:58:44Z,NONE,528,33056,America/New_York,TRUE,29,Miami Gardens,"Miami Gardens, FL 33056","Miami Gardens, FL",FL,0.8378203,35,347 Don Shula Dr.,hard-rock-stadium,Hard Rock Stadium,https://seatgeek.com/venues/hard-rock-stadium/tickets,US,0,Hard Rock Stadium,25.9579,-80.2388,FALSE,2017-10-03T18:58:44Z,NONE
NA,FALSE,4642397,AFC Championship: TBD at Kansas City Chiefs (Date TBA),2018-11-20T00:00:00,0.612,nfl,normal,,2019-01-20T03:30:00,2019-01-21T06:00:00,TRUE,TRUE,https://seatgeek.com/afc-championship-tbd-at-kansas-city-chiefs-date-tba-tickets/1-20-2019-kansas-city-missouri-arrowhead-stadium/nfl/4642397,2018-11-20T01:53:49,0.553,AFC Championship: TBD at Chiefs,2019-01-20T09:30:00,TRUE,165,782.0611,376,696,360,376,3847,FALSE,2015-08-20T16:20:51Z,QRCODE_TM,616,64129,America/Chicago,TRUE,1128,Kansas City,"Kansas City, MO 64129","Kansas City, MO",MO,0.8827867,5,1 Arrowhead Drive,arrowhead-stadium,Arrowhead Stadium,https://seatgeek.com/venues/arrowhead-stadium/tickets,US,0,Arrowhead Stadium,39.0489,-94.4839,FALSE,2015-08-20T16:20:51Z,QRCODE_TM
NA,FALSE,4642387,AFC Championship: TBD at Houston Texans,2018-11-20T00:00:00,0.842,nfl,normal,,2019-01-20T03:30:00,2019-01-21T06:00:00,TRUE,FALSE,https://seatgeek.com/afc-championship-tbd-at-houston-texans-tickets/1-20-2019-houston-texas-nrg-stadium/nfl/4642387,2018-11-20T01:53:48,0.737,AFC Championship: TBD at Texans,2019-01-20T09:30:00,FALSE,36,944.32477,493,874,117,493,2824,FALSE,2015-11-04T18:42:27Z,QRCODE_TM,618,77054,America/Chicago,TRUE,41,Houston,"Houston, TX 77054","Houston, TX",TX,0.8624192,36,1 Reliant Park,nrg-stadium,NRG Stadium,https://seatgeek.com/venues/nrg-stadium/tickets,US,0,NRG Stadium,29.6847,-95.4107,FALSE,2015-11-04T18:42:27Z,QRCODE_TM
NA,FALSE,4642382,NFC Championship: TBD at Minnesota Vikings (Date TBA),2018-11-20T00:00:00,0.747,nfl,normal,,2019-01-20T03:30:00,2019-01-21T06:00:00,TRUE,TRUE,https://seatgeek.com/nfc-championship-tbd-at-minnesota-vikings-date-tba-tickets/1-20-2019-minneapolis-minnesota-u-s-bank-stadium/nfl/4642382,2018-11-20T01:53:48,0.668,NFC Championship: TBD at Vikings,2019-01-20T09:30:00,TRUE,12,894.7619,600,826,21,748,1318,FALSE,2018-08-22T15:34:15Z,NONE,0,55415,America/Chicago,TRUE,218451,Minneapolis,"Minneapolis, MN 55415","Minneapolis, MN",MN,0.88524246,17,401 Chicago Avenue,u-s-bank-stadium,U.S. Bank Stadium,https://seatgeek.com/venues/u-s-bank-stadium/tickets,US,0,U.S. Bank Stadium,44.9751,-93.2582,FALSE,2018-08-22T15:34:15Z,NONE
NA,FALSE,4642375,NFC Championship: TBD at Chicago Bears (Date TBA),2018-11-20T00:00:00,0.778,nfl,normal,,2019-01-20T03:30:00,2019-01-21T06:00:00,TRUE,TRUE,https://seatgeek.com/nfc-championship-tbd-at-chicago-bears-date-tba-tickets/1-20-2019-chicago-illinois-soldier-field/nfl/4642375,2018-11-20T01:53:47,0.691,NFC Championship: TBD at Bears,2019-01-20T09:30:00,TRUE,102,1253.6238,536,1208,101,788,2567,FALSE,2018-06-02T00:44:08Z,NONE,602,60605,America/Chicago,TRUE,31,Chicago,"Chicago, IL 60605","Chicago, IL",IL,0.940013,6,1410 S. Museum Campus Drive,soldier-field,Soldier Field,https://seatgeek.com/venues/soldier-field/tickets,US,0,Soldier Field,41.8623,-87.6159,FALSE,2018-06-02T00:44:08Z,NONE
NA,FALSE,4642392,AFC Championship: TBD at Tennessee Titans,2018-11-20T00:00:00,0.626,nfl,normal,,2019-01-20T03:30:00,2019-01-21T06:00:00,TRUE,FALSE,https://seatgeek.com/afc-championship-tbd-at-tennessee-titans-tickets/1-20-2019-nashville-tennessee-nissan-stadium/nfl/4642392,2018-11-20T01:53:48,0.566,AFC Championship: TBD at Titans,2019-01-20T09:30:00,FALSE,6,982.7647,791,924,17,791,1317,FALSE,2015-10-19T15:09:39Z,NONE,659,37213,America/Chicago,TRUE,1126,Nashville,"Nashville, TN 37213","Nashville, TN",TN,0.8546275,14,1 Titans Way,nissan-stadium,Nissan Stadium,https://seatgeek.com/venues/nissan-stadium/tickets,US,0,Nissan Stadium,36.1665,-86.7713,FALSE,2015-10-19T15:09:39Z,NONE
NA,FALSE,4642380,NFC Championship: TBD at Los Angeles Rams,2018-11-20T00:00:00,0.609,nfl,normal,,2019-01-20T03:30:00,2019-01-21T08:00:00,TRUE,FALSE,https://seatgeek.com/nfc-championship-tbd-at-los-angeles-rams-tickets/1-20-2019-los-angeles-california-los-angeles-memorial-coliseum-1/nfl/4642380,2018-11-20T01:53:48,0.555,NFC Championship: TBD at Rams,2019-01-20T11:30:00,FALSE,98,1094.4093,311,1075,259,311,2389,FALSE,2018-08-23T17:59:28Z,QRCODE,0,90037,America/Los_Angeles,TRUE,51012,Los Angeles,"Los Angeles, CA 90037","Los Angeles, CA",CA,0.86898464,4,3911 S Figueroa St,los-angeles-memorial-coliseum-1,Los Angeles Memorial Coliseum,https://seatgeek.com/venues/los-angeles-memorial-coliseum-1/tickets,US,0,Los Angeles Memorial Coliseum,34.0138,-118.288,FALSE,2018-08-23T17:59:28Z,QRCODE
NA,FALSE,4642391,AFC Championship: TBD at Los Angeles Chargers (Date TBA),2018-11-20T00:00:00,0.757,nfl,normal,,2019-01-20T03:30:00,2019-01-21T08:00:00,TRUE,TRUE,https://seatgeek.com/afc-championship-tbd-at-los-angeles-chargers-date-tba-tickets/1-20-2019-carson-california-stubhub-center/nfl/4642391,2018-11-20T01:53:48,0.666,AFC Championship: TBD at Chargers,2019-01-20T11:30:00,TRUE,16,1026,837,924,8,839,1315,NA,NA,NA,803,90746,America/Los_Angeles,TRUE,52,Carson,"Carson, CA 90746","Carson, CA",CA,0.7228164,4,18400 Avalon Blvd,stubhub-center,StubHub Center,https://seatgeek.com/venues/stubhub-center/tickets,US,0,StubHub Center,33.8643,-118.261,NA,NA,NA
NA,FALSE,4642601,AFC Championship: TBD at Indianapolis Colts,2018-11-20T00:00:00,0.735,nfl,normal,,2019-01-20T13:00:00,2019-01-20T22:00:00,FALSE,FALSE,https://seatgeek.com/afc-championship-tbd-at-indianapolis-colts-tickets/1-20-2019-indianapolis-indiana-lucas-oil-stadium/nfl/4642601,2018-11-20T16:01:34,0.661,AFC Championship: TBD at Colts,2019-01-20T18:00:00,FALSE,2,526,468,468,2,468,585,FALSE,2018-09-13T22:29:37Z,QRCODE_TM,527,46225,America/Indiana/Indianapolis,TRUE,1130,Indianapolis,"Indianapolis, IN 46225","Indianapolis, IN",IN,0.9071682,9,500 South Capitol Avenue,lucas-oil-stadium,Lucas Oil Stadium,https://seatgeek.com/venues/lucas-oil-stadium/tickets,US,0,Lucas Oil Stadium,39.7601,-86.1639,FALSE,2018-09-13T22:29:37Z,QRCODE_TM
NA,FALSE,4644339,AFC Championship: TBD at Baltimore Ravens,2018-11-21T00:00:00,0.728,nfl,normal,,2019-01-20T13:00:00,2019-01-20T22:00:00,FALSE,FALSE,https://seatgeek.com/afc-championship-tbd-at-baltimore-ravens-tickets/1-20-2019-baltimore-maryland-m-t-bank-stadium/nfl/4644339,2018-11-21T16:02:27,0.656,AFC Championship: TBD at Ravens,2019-01-20T18:00:00,FALSE,NA,NA,NA,NA,NA,NA,NA,FALSE,2015-08-04T00:00:00Z,QRCODE_TM,512,21230,America/New_York,TRUE,1121,Baltimore,"Baltimore, MD 21230","Baltimore, MD",MD,0.8927189,4,1101 Russell St,m-t-bank-stadium,M&T Bank Stadium,https://seatgeek.com/venues/m-t-bank-stadium/tickets,US,0,M&T Bank Stadium,39.2774,-76.623,FALSE,2015-08-04T00:00:00Z,QRCODE_TM
NA,FALSE,4644160,NFC Championship: TBD at Atlanta Falcons,2018-11-21T00:00:00,0.544,nfl,normal,,2019-01-20T13:00:00,2019-01-20T22:00:00,FALSE,FALSE,https://seatgeek.com/nfc-championship-tbd-at-atlanta-falcons-tickets/1-20-2019-atlanta-georgia-mercedes-benz-stadium/nfl/4644160,2018-11-21T16:01:11,0.506,NFC Championship: TBD at Falcons,2019-01-20T18:00:00,FALSE,NA,NA,NA,NA,NA,NA,NA,FALSE,2018-08-23T20:14:46Z,QRCODE,0,30313,America/New_York,TRUE,419590,Atlanta,"Atlanta, GA 30313","Atlanta, GA",GA,0.76958936,14,441 M.L.K. Jr Dr NW,mercedes-benz-stadium,Mercedes-Benz Stadium,https://seatgeek.com/venues/mercedes-benz-stadium/tickets,US,0,Mercedes-Benz Stadium,33.7547,-84.404,FALSE,2018-08-23T20:14:46Z,QRCODE
NA,FALSE,4642540,NFC Championship: TBD at Green Bay Packers,2018-11-20T00:00:00,0.76,nfl,normal,,2019-01-20T13:00:00,2019-01-20T23:00:00,FALSE,FALSE,https://seatgeek.com/nfc-championship-tbd-at-green-bay-packers-tickets/1-20-2019-green-bay-wisconsin-lambeau-field/nfl/4642540,2018-11-20T16:01:02,0.682,NFC Championship: TBD at Packers,2019-01-20T19:00:00,FALSE,NA,NA,NA,NA,NA,NA,NA,FALSE,2015-09-02T22:43:34Z,QRCODE_TM,658,54304,America/Chicago,TRUE,1125,Green Bay,"Green Bay, WI 54304","Green Bay, WI",WI,0.92909414,5,1265 Lombardi Avenue,lambeau-field,Lambeau Field,https://seatgeek.com/venues/lambeau-field/tickets,US,0,Lambeau Field,44.5013,-88.0622,FALSE,2015-09-02T22:43:34Z,QRCODE_TM
NA,FALSE,4642659,NFC Championship: TBD at Seattle Seahawks,2018-11-20T00:00:00,0.717,nfl,normal,,2019-01-20T13:00:00,2019-01-21T01:00:00,FALSE,FALSE,https://seatgeek.com/nfc-championship-tbd-at-seattle-seahawks-tickets/1-20-2019-seattle-washington-centurylink-field/nfl/4642659,2018-11-20T16:01:54,0.645,NFC Championship: TBD at Seahawks,2019-01-20T21:00:00,FALSE,3,1686,1670,1670,6,1670,1702,FALSE,2018-03-02T22:54:54Z,QRCODE,819,98134,America/Los_Angeles,TRUE,339,Seattle,"Seattle, WA 98134","Seattle, WA",WA,0.87232786,10,800 Occidental Ave S,centurylink-field,CenturyLink Field,https://seatgeek.com/venues/centurylink-field/tickets,US,0,CenturyLink Field,47.5948,-122.332,FALSE,2018-03-02T22:54:54Z,QRCODE
NA,FALSE,4418626,Pro Bowl,2018-06-20T00:00:00,0.85,nfl,normal,,2019-01-27T15:00:00,2019-01-28T00:00:00,FALSE,FALSE,https://seatgeek.com/pro-bowl-tickets/1-27-2019-orlando-florida-camping-world-stadium/nfl/4418626,2018-06-20T16:00:22,0.752,Pro Bowl,2019-01-27T20:00:00,FALSE,653,183,64,146,44,64,402,FALSE,2015-07-10T00:00:00Z,QRCODE_TM,534,32805,America/New_York,TRUE,3721,Orlando,"Orlando, FL 32805","Orlando, FL",FL,0.83229023,8,1 Citrus Bowl Place,camping-world-stadium,Camping World Stadium,https://seatgeek.com/venues/camping-world-stadium/tickets,US,0,Camping World Stadium,28.5378,-81.4016,FALSE,2015-07-10T00:00:00Z,QRCODE_TM
NA,FALSE,4470041,Super Bowl LIII,2018-07-31T00:00:00,0.98,nfl,normal,,2019-02-03T03:30:00,2019-02-04T05:00:00,TRUE,FALSE,https://seatgeek.com/super-bowl-liii-tickets/2-3-2019-atlanta-georgia-mercedes-benz-stadium/nfl/4470041,2018-07-31T16:06:48,0.867,Super Bowl LIII,2019-02-03T08:30:00,FALSE,46,7205,3860,6195,1326,3860,28430,FALSE,2018-08-23T20:14:46Z,QRCODE,0,30313,America/New_York,TRUE,419590,Atlanta,"Atlanta, GA 30313","Atlanta, GA",GA,0.76958936,14,441 M.L.K. Jr Dr NW,mercedes-benz-stadium,Mercedes-Benz Stadium,https://seatgeek.com/venues/mercedes-benz-stadium/tickets,US,0,Mercedes-Benz Stadium,33.7547,-84.404,FALSE,2018-08-23T20:14:46Z,QRCODE
NA,FALSE,4619044,South Alabama Jaguars at Nebraska Cornhuskers Football,2018-11-03T00:00:00,0.784,ncaa_football,normal,,2019-08-31T03:30:00,2019-09-01T05:00:00,TRUE,FALSE,https://seatgeek.com/south-alabama-jaguars-at-nebraska-cornhuskers-football-tickets/ncaa-football/2019-08-31-3-30-am/4619044,2018-11-03T16:01:38,0.67,South Alabama at Nebraska,2019-08-31T08:30:00,FALSE,11,175.74074,118,170,27,118,264,FALSE,2015-10-23T19:51:56Z,QRCODE,722,68588,America/Chicago,TRUE,5162,Lincoln,"Lincoln, NE 68588","Lincoln, NE",NE,0.8541279,7,1 Memorial Stadium Drive,memorial-stadium-nebraska,Memorial Stadium Nebraska,https://seatgeek.com/venues/memorial-stadium-nebraska/tickets,US,0,Memorial Stadium Nebraska,40.8206,-96.7041,FALSE,2015-10-23T19:51:56Z,QRCODE
