"","date","timestamp","name","type","id","test","url","locale","startDateTime","startTBD","endDateTime","localDate","localTime","dateTime","dateTBD","dateTBA","timeTBA","noSpecificTime","code","timezone","spanMultipleDays","id","name","description","staticUrl","info","info"
"1","2018-12-16","2018-12-16_20.47.48","Los Angeles Rams vs. Philadelphia Eagles","event","vvG1IZ4kDLdAs6",FALSE,"https://www.ticketmaster.com/los-angeles-rams-vs-philadelphia-eagles-los-angeles-california-12-16-2018/event/0A00546EDF0C5C47","en-us","2018-04-20T00:00:00Z",FALSE,"2018-12-17T01:20:00Z","2018-12-16","17:20:00","2018-12-17T01:20:00Z",FALSE,FALSE,FALSE,FALSE,"offsale","America/Los_Angeles",FALSE,"705","NFL REGULAR SEASON","NFL REGULAR SEASON / NTL / USA","https://s1.ticketm.net/tmimages/venue/maps/wes/70057s.gif",NA,NA
"2","2018-12-16","2018-12-16_20.47.48","Minnesota Vikings vs. Chicago Bears","event","vv1akZAoY07oNZe26",FALSE,"https://www.ticketmaster.com/minnesota-vikings-vs-chicago-bears-minneapolis-minnesota-12-30-2018/event/06005470904463E6","en-us","2018-07-19T15:00:00Z",FALSE,"2018-12-30T18:00:00Z","2018-12-30","12:00:00","2018-12-30T18:00:00Z",FALSE,FALSE,FALSE,FALSE,"onsale","America/Chicago",FALSE,"705","NFL REGULAR SEASON","NFL REGULAR SEASON / NTL / USA","https://s1.ticketm.net/tmimages/venue/maps/ch3/79648s.gif","There is an overall 8 ticket limit for this event.",NA
"3","2018-12-16","2018-12-16_20.47.48","San Francisco 49ers vs. Chicago Bears","event","G5vYZ46K1H4Q8",FALSE,"https://www.ticketmaster.com/san-francisco-49ers-vs-chicago-bears-santa-clara-california-12-23-2018/event/1C005474CAF15690","en-us","2018-04-20T00:00:00Z",FALSE,"2018-12-23T22:05:00Z","2018-12-23","13:05:00","2018-12-23T21:05:00Z",FALSE,FALSE,FALSE,FALSE,"onsale","America/Los_Angeles",FALSE,"705","NFL REGULAR SEASON","NFL REGULAR SEASON / NTL / USA","https://s1.ticketm.net/tmimages/venue/maps/nca/53641s.gif","There is an 8 ticket limit for this event. For larger groups, please call 415-GO-49ERS","Levi's® Stadium accessible seating is in a flat area that can accommodate a wheelchair and a fixed seat for a companion.  If the patron does not require a wheelchair space, a folding chair can be provided in that spot.  Levi's® Stadium has a limited number of accessible spaces available and they are solely available for the purpose of accommodating patrons with accessible needs."
"4","2018-12-16","2018-12-16_20.47.48","Chicago Bears vs. Green Bay Packers","event","vv1A7ZAoYGkdrCJgv",FALSE,"https://www.ticketmaster.com/chicago-bears-vs-green-bay-packers-chicago-illinois-12-16-2018/event/04005470DE3A6D41","en-us","2018-04-20T01:00:00Z",FALSE,"2018-12-16T19:00:00Z","2018-12-16","12:00:00","2018-12-16T18:00:00Z",FALSE,FALSE,FALSE,FALSE,"offsale","America/Chicago",FALSE,"705","NFL REGULAR SEASON","NFL REGULAR SEASON / NTL / USA","https://s1.ticketm.net/tmimages/venue/maps/ch1/5090s.gif","There is an eight (8) ticket limit.","Wheelchair seating is available for each home game through Ticketmaster. Should the wheelchair seating allocation through Ticketmaster become exhausted, fans with disabilities are encouraged to proceed with the purchase of conventional seating - if available - then call the Bears Ticket Office at 847.615.BEAR(2327) to arrange an exchange."
"5","2018-12-16","2018-12-16_20.47.48","Tampa Bay Buccaneers vs. Atlanta Falcons","event","vvG1VZ469wxTFd",FALSE,"https://www.ticketmaster.com/tampa-bay-buccaneers-vs-atlanta-falcons-tampa-florida-12-30-2018/event/0D005475F28BF203","en-us","2018-04-20T00:00:00Z",FALSE,"2018-12-30T19:00:00Z","2018-12-30","13:00:00","2018-12-30T18:00:00Z",FALSE,FALSE,FALSE,FALSE,"onsale","America/New_York",FALSE,"705","NFL REGULAR SEASON","NFL REGULAR SEASON / NTL / USA","https://s1.ticketm.net/tmimages/venue/maps/flo/24581s.gif","There is an overall 8 ticket limit for this event.",NA
"6","2018-12-16","2018-12-16_20.47.48","New York Jets V Green Bay Packers - Fan Appreciation Day","event","k7vGF46dxPlu2",FALSE,"https://www.ticketmaster.com/new-york-jets-v-green-bay-east-rutherford-new-jersey-12-23-2018/event/00005470E296B34F","en-us","2018-04-20T00:00:00Z",FALSE,"2018-12-23T19:00:00Z","2018-12-23","13:00:00","2018-12-23T18:00:00Z",FALSE,FALSE,FALSE,FALSE,"onsale","America/New_York",FALSE,"705","NFL REGULAR SEASON","NFL REGULAR SEASON / NTL / USA","https://s1.ticketm.net/tmimages/venue/maps/ny1/41546s.gif","There is an overall (8) eight ticket limit for this event.",NA
"7","2018-12-16","2018-12-16_20.47.48","Baltimore Ravens vs. Tampa Bay Buccaneers","event","1AvfZ4kGkH6NUCO",FALSE,"https://www.ticketmaster.com/baltimore-ravens-vs-tampa-bay-buccaneers-baltimore-maryland-12-16-2018/event/1500546F078F63A0","en-us","2018-04-20T00:00:00Z",FALSE,"2018-12-16T19:00:00Z","2018-12-16","13:00:00","2018-12-16T18:00:00Z",FALSE,FALSE,FALSE,FALSE,"offsale","America/New_York",FALSE,"705","NFL REGULAR SEASON","NFL REGULAR SEASON / NTL / USA","https://s1.ticketm.net/tmimages/venue/maps/wdc/66995s.gif","There is an overall 10 ticket limit for this event.","1 ADA - 1 Companion.  2 ticket limit."
"8","2018-12-16","2018-12-16_20.47.48","Cleveland Browns vs. Cincinnati Bengals","event","vv17fZ4kGkT3z9gv",FALSE,"https://www.ticketmaster.com/cleveland-browns-vs-cincinnati-bengals-cleveland-ohio-12-23-2018/event/0500546FD2E17D41","en-us","2018-07-12T14:00:00Z",FALSE,"2018-12-23T19:00:00Z","2018-12-23","13:00:00","2018-12-23T18:00:00Z",FALSE,FALSE,FALSE,FALSE,"onsale","America/New_York",FALSE,"705","NFL REGULAR SEASON","NFL REGULAR SEASON / NTL / USA","https://s1.ticketm.net/tmimages/venue/maps/ch2/54506s.gif",NA,NA
"9","2018-12-16","2018-12-16_20.47.48","Dallas Cowboys vs. Tampa Bay Buccaneers","event","vvG1YZ4FK4U6Ou",FALSE,"https://www.ticketmaster.com/dallas-cowboys-vs-tampa-bay-buccaneers-arlington-texas-12-23-2018/event/0C005484D5D8780D","en-us",NA,FALSE,NA,"2018-12-23","12:00:00","2018-12-23T18:00:00Z",FALSE,FALSE,FALSE,FALSE,"offsale","America/Chicago",FALSE,"4635","SEATGEEK","SEATGEEK / NTL / USA","https://s1.ticketm.net/tmimages/venue/maps/dal/85312s.gif",NA,NA
"10","2018-12-16","2018-12-16_20.47.48","Los Angeles Rams NFC Playoffs - NFC Championship Game","event","vvG1IZ493KAv8S",FALSE,"https://www.ticketmaster.com/los-angeles-rams-nfc-playoffs-nfc-los-angeles-california-01-20-2019/event/0A00557493141433","en-us",NA,FALSE,NA,"2019-01-20",NA,NA,FALSE,FALSE,TRUE,TRUE,"offsale","America/Los_Angeles",FALSE,"706","NFL PLAYOFFS & SUPERBOWL","NFL PLAYOFFS & SUPERBOWL / NTL / USA","https://s1.ticketm.net/tmimages/venue/maps/wes/70057s.gif",NA,NA
"11","2018-12-16","2018-12-16_20.47.48","Los Angeles Rams vs. San Francisco 49ers","event","vvG1IZ4kDLAPsu",FALSE,"https://www.ticketmaster.com/los-angeles-rams-vs-san-francisco-los-angeles-california-12-30-2018/event/0A00546EDF165C4D","en-us","2018-04-20T00:00:00Z",FALSE,"2018-12-30T21:25:00Z","2018-12-30","13:25:00","2018-12-30T21:25:00Z",FALSE,FALSE,FALSE,FALSE,"onsale","America/Los_Angeles",FALSE,"705","NFL REGULAR SEASON","NFL REGULAR SEASON / NTL / USA","https://s1.ticketm.net/tmimages/venue/maps/wes/70057s.gif",NA,NA
"12","2018-12-16","2018-12-16_20.47.48","Super Bowl","event","Z7r9jZ1Aefdqz",FALSE,"http://www.ticketsnow.com/InventoryBrowse/TicketList.aspx?PID=2503778","en-us","1900-01-01T06:00:00Z",FALSE,"2019-02-04T04:59:20Z","2019-02-03",NA,NA,FALSE,FALSE,TRUE,FALSE,"onsale",NA,FALSE,NA,NA,NA,"http://resale.ticketmaster.com.au/akamai-content/graphics/TMResale/2/VenueMaps/12622-1124-3-0-MercedesBenzStadiumSuperBowl.png",NA,NA
"13","2018-12-16","2018-12-16_20.47.48","Arizona Cardinals vs. Los Angeles Rams","event","1Av0Z4kGkD7ifOW",FALSE,"https://www.ticketmaster.com/arizona-cardinals-vs-los-angeles-rams-glendale-arizona-12-23-2018/event/1900546EC4B1483D","en-us","2018-07-21T17:00:00Z",FALSE,"2018-12-23T18:05:00Z","2018-12-23","14:05:00","2018-12-23T21:05:00Z",FALSE,FALSE,FALSE,FALSE,"onsale","America/Phoenix",FALSE,"705","NFL REGULAR SEASON","NFL REGULAR SEASON / NTL / USA","https://s1.ticketm.net/tmimages/venue/maps/mtn/32276s.gif",NA,NA
"14","2018-12-16","2018-12-16_20.47.48","Pittsburgh Steelers vs. New England Patriots","event","1ApZAoEGkeX3a3z",FALSE,"https://www.ticketmaster.com/pittsburgh-steelers-vs-new-england-patriots-pittsburgh-pennsylvania-12-16-2018/event/16005467BE4894B8","en-us","2018-05-18T14:00:00Z",FALSE,"2018-12-16T22:25:00Z","2018-12-16","16:25:00","2018-12-16T21:25:00Z",FALSE,FALSE,FALSE,FALSE,"offsale","America/New_York",FALSE,"705","NFL REGULAR SEASON","NFL REGULAR SEASON / NTL / USA","https://s1.ticketm.net/tmimages/venue/maps/ch6/72598s.gif","There is a ten (10) ticket limit total across all 8 regular season Steelers home games.",NA
"15","2018-12-16","2018-12-16_20.47.48","New York Giants vs. Dallas Cowboys","event","k7vGF463D6VyO",FALSE,"https://www.ticketmaster.com/new-york-giants-vs-dallas-cowboys-east-rutherford-new-jersey-12-30-2018/event/00005474BB1F4E60","en-us","2018-04-27T16:00:00Z",FALSE,"2018-12-30T19:00:00Z","2018-12-30","13:00:00","2018-12-30T18:00:00Z",FALSE,FALSE,FALSE,FALSE,"onsale","America/New_York",FALSE,"705","NFL REGULAR SEASON","NFL REGULAR SEASON / NTL / USA","https://s1.ticketm.net/tmimages/venue/maps/ny1/41546s.gif","There is a eight (8) ticket limit per household.",NA
"16","2018-12-16","2018-12-16_20.47.48","San Francisco 49ers vs. Seattle Seahawks","event","G5vYZ46K56Ahm",FALSE,"https://www.ticketmaster.com/san-francisco-49ers-vs-seattle-seahawks-santa-clara-california-12-16-2018/event/1C005474CB1C56EE","en-us","2018-04-20T00:00:00Z",FALSE,"2018-12-16T22:05:00Z","2018-12-16","13:05:00","2018-12-16T21:05:00Z",FALSE,FALSE,FALSE,FALSE,"offsale","America/Los_Angeles",FALSE,"705","NFL REGULAR SEASON","NFL REGULAR SEASON / NTL / USA","https://s1.ticketm.net/tmimages/venue/maps/nca/53641s.gif","There is an 8 ticket limit for this event. For larger groups, please call 415-GO-49ERS","Levi's® Stadium accessible seating is in a flat area that can accommodate a wheelchair and a fixed seat for a companion.  If the patron does not require a wheelchair space, a folding chair can be provided in that spot.  Levi's® Stadium has a limited number of accessible spaces available and they are solely available for the purpose of accommodating patrons with accessible needs."
"17","2018-12-16","2018-12-16_20.47.48","Denver Broncos vs. Cleveland Browns","event","G5vzZ4kMX7ST7",FALSE,"https://www.ticketmaster.com/denver-broncos-vs-cleveland-browns-denver-colorado-12-15-2018/event/1E00546DFE133FC4","en-us",NA,FALSE,NA,"2018-12-15","18:20:00","2018-12-16T01:20:00Z",FALSE,FALSE,FALSE,FALSE,"offsale","America/Denver",FALSE,"705","NFL REGULAR SEASON","NFL REGULAR SEASON / NTL / USA","https://s1.ticketm.net/tmimages/venue/maps/mtn/39373s.gif",NA,NA
"18","2018-12-16","2018-12-16_20.47.48","Suites - Oakland Raiders v Denver Broncos","event","G5vYZ46K62Pfj",FALSE,"https://www.ticketmaster.com/suites-oakland-raiders-v-denver-broncos-oakland-california-12-24-2018/event/1C005474C73E551C","en-us",NA,FALSE,NA,"2018-12-24","17:15:00","2018-12-25T01:15:00Z",FALSE,FALSE,FALSE,FALSE,"offsale","America/Los_Angeles",FALSE,"494","PROMOTED BY VENUE","PROMOTED BY VENUE / NTL / USA","https://s1.ticketm.net/tmimages/venue/maps/nca/82218s.gif",NA,NA
"19","2018-12-16","2018-12-16_20.47.48","Jacksonville Jaguars vs. Washington Redskins","event","1AeFZ4kGkH5aDzb",FALSE,"https://www.ticketmaster.com/jacksonville-jaguars-vs-washington-redskins-jacksonville-florida-12-16-2018/event/2200546F0B27BE18","en-us","2018-04-20T00:00:00Z",FALSE,"2018-12-16T19:00:00Z","2018-12-16","13:00:00","2018-12-16T18:00:00Z",FALSE,FALSE,FALSE,FALSE,"offsale","America/New_York",FALSE,"705","NFL REGULAR SEASON","NFL REGULAR SEASON / NTL / USA","https://s1.ticketm.net/tmimages/venue/maps/fl2/70008s.gif","There is an overall 8 ticket limit for this event.",NA
"20","2018-12-16","2018-12-16_20.47.48","2019 Pro Bowl","event","1AeFZ48GknbgQj9",FALSE,"https://www.ticketmaster.com/2019-pro-bowl-orlando-florida-01-27-2019/event/2200550A98D5A717","en-us","2018-10-30T13:00:00Z",FALSE,"2019-01-27T21:00:00Z","2019-01-27","15:00:00","2019-01-27T20:00:00Z",FALSE,FALSE,FALSE,FALSE,"onsale","America/New_York",FALSE,"494","PROMOTED BY VENUE","PROMOTED BY VENUE / NTL / USA","https://s1.ticketm.net/tmimages/venue/maps/fl2/88328s.gif",NA,NA
"21","2018-12-16","2018-12-16_20.47.48","Indianapolis Colts vs. Dallas Cowboys","event","vv17fZ4kGkDqda17",FALSE,"https://www.ticketmaster.com/indianapolis-colts-vs-dallas-cowboys-indianapolis-indiana-12-16-2018/event/0500546EDD0C9284","en-us","2018-07-18T14:00:00Z",FALSE,"2018-12-16T18:00:00Z","2018-12-16","13:00:00","2018-12-16T18:00:00Z",FALSE,FALSE,FALSE,FALSE,"offsale","America/New_York",FALSE,"705","NFL REGULAR SEASON","NFL REGULAR SEASON / NTL / USA","https://s1.ticketm.net/tmimages/venue/maps/ch2/85274s.gif","There is a 9 ticket limit for the general public onsale.","ADA seating may be purchased online.  For exchanges, please contact the Colts ticket office at (317) 297-2658."
"22","2018-12-16","2018-12-16_20.47.48","Seattle Seahawks vs. Kansas City Chiefs","event","vvG1HZ4kEa9Pzn",FALSE,"https://www.ticketmaster.com/seattle-seahawks-vs-kansas-city-chiefs-seattle-washington-12-23-2018/event/0F005469C95E5E2A","en-us","2018-04-20T00:00:00Z",FALSE,"2018-12-24T01:20:00Z","2018-12-23","17:20:00","2018-12-24T01:20:00Z",FALSE,FALSE,FALSE,FALSE,"onsale","America/Los_Angeles",FALSE,"705","NFL REGULAR SEASON","NFL REGULAR SEASON / NTL / USA","https://s1.ticketm.net/tmimages/venue/maps/sea/77629s.gif","There is an overall 6 ticket limit for this event.",NA
"23","2018-12-16","2018-12-16_20.47.48","Minnesota Vikings vs. Miami Dolphins","event","vv1FbZ46e3FJZd2ka",FALSE,"https://www.ticketmaster.com/minnesota-vikings-vs-miami-dolphins-minneapolis-minnesota-12-16-2018/event/0600547092226E58","en-us","2018-07-19T15:00:00Z",FALSE,"2018-12-16T18:00:00Z","2018-12-16","12:00:00","2018-12-16T18:00:00Z",FALSE,FALSE,FALSE,FALSE,"offsale","America/Chicago",FALSE,"705","NFL REGULAR SEASON","NFL REGULAR SEASON / NTL / USA","https://s1.ticketm.net/tmimages/venue/maps/ch3/79648s.gif","There is an overall 8 ticket limit for this event.",NA
"24","2018-12-16","2018-12-16_20.47.48","Seattle Seahawks vs. Arizona Cardinals","event","vvG1HZ4kEa_AzY",FALSE,"https://www.ticketmaster.com/seattle-seahawks-vs-arizona-cardinals-seattle-washington-12-30-2018/event/0F005469C9645E30","en-us","2018-04-20T00:00:00Z",FALSE,"2018-12-30T21:25:00Z","2018-12-30","13:25:00","2018-12-30T21:25:00Z",FALSE,FALSE,FALSE,FALSE,"onsale","America/Los_Angeles",FALSE,"705","NFL REGULAR SEASON","NFL REGULAR SEASON / NTL / USA","https://s1.ticketm.net/tmimages/venue/maps/sea/77629s.gif","There is an overall 6 ticket limit for this event.",NA
"25","2018-12-16","2018-12-16_20.47.48","Pittsburgh Steelers vs. Cincinnati Bengals","event","1ApZAoEGkeDD_Gi",FALSE,"https://www.ticketmaster.com/pittsburgh-steelers-vs-cincinnati-bengals-pittsburgh-pennsylvania-12-30-2018/event/16005467BBED932C","en-us","2018-05-18T14:00:00Z",FALSE,"2018-12-30T19:00:00Z","2018-12-30","13:00:00","2018-12-30T18:00:00Z",FALSE,FALSE,FALSE,FALSE,"onsale","America/New_York",FALSE,"705","NFL REGULAR SEASON","NFL REGULAR SEASON / NTL / USA","https://s1.ticketm.net/tmimages/venue/maps/ch6/72598s.gif","There is a ten (10) ticket limit total across all 8 regular season Steelers home games.",NA
"26","2018-12-16","2018-12-16_20.47.48","Carolina Panthers vs. New Orleans Saints","event","vvG1zZ46eEbtyO",FALSE,"https://www.ticketmaster.com/carolina-panthers-vs-new-orleans-saints-charlotte-north-carolina-12-17-2018/event/0E005470A7629E60","en-us","2018-04-28T14:00:00Z",FALSE,"2018-12-18T01:15:00Z","2018-12-17","20:15:00","2018-12-18T01:15:00Z",FALSE,FALSE,FALSE,FALSE,"onsale","America/New_York",FALSE,"705","NFL REGULAR SEASON","NFL REGULAR SEASON / NTL / USA","https://s1.ticketm.net/tmimages/venue/maps/atl/19741s.gif","There is an overall 10 ticket limit for this event.","Wheelchair Seating: Located in mulitple sections around the stadium"
"27","2018-12-16","2018-12-16_20.47.48","Atlanta Falcons vs. Arizona Cardinals","event","vvG1zZ46e1vgsy",FALSE,"https://www.ticketmaster.com/atlanta-falcons-vs-arizona-cardinals-atlanta-georgia-12-16-2018/event/0E0054708A075C79","en-us","2018-08-23T19:00:00Z",FALSE,"2018-12-16T19:00:00Z","2018-12-16","13:00:00","2018-12-16T18:00:00Z",FALSE,FALSE,FALSE,FALSE,"offsale","America/New_York",FALSE,"705","NFL REGULAR SEASON","NFL REGULAR SEASON / NTL / USA","https://s1.ticketm.net/tmimages/venue/maps/atl/81420s.gif",NA,NA
"28","2018-12-16","2018-12-16_20.47.48","Carolina Panthers vs. Atlanta Falcons","event","vvG1zZ46eELayz",FALSE,"https://www.ticketmaster.com/carolina-panthers-vs-atlanta-falcons-charlotte-north-carolina-12-23-2018/event/0E005470A77C9E78","en-us","2018-04-28T14:00:00Z",FALSE,"2018-12-23T18:00:00Z","2018-12-23","13:00:00","2018-12-23T18:00:00Z",FALSE,FALSE,FALSE,FALSE,"onsale","America/New_York",FALSE,"705","NFL REGULAR SEASON","NFL REGULAR SEASON / NTL / USA","https://s1.ticketm.net/tmimages/venue/maps/atl/19741s.gif","There is an overall 10 ticket limit for this event.","Wheelchair Seating: Located in mulitple sections around the stadium"
"29","2018-12-16","2018-12-16_20.47.48","Kansas City Chiefs vs. Oakland Raiders","event","vv17bZ4kGkDNHWnW",FALSE,"https://www.ticketmaster.com/kansas-city-chiefs-vs-oakland-raiders-kansas-city-missouri-12-30-2018/event/0600546EE3F3DABD","en-us","2018-04-20T15:00:00Z",FALSE,"2018-12-30T19:00:00Z","2018-12-30","12:00:00","2018-12-30T18:00:00Z",FALSE,FALSE,FALSE,FALSE,"onsale","America/Chicago",FALSE,"705","NFL REGULAR SEASON","NFL REGULAR SEASON / NTL / USA","https://s1.ticketm.net/tmimages/venue/maps/ch3/85301s.gif",NA,NA
"30","2018-12-16","2018-12-16_20.47.48","Philadelphia Eagles vs. Houston Texans","event","vv17FZ4kGkzZfsQP",FALSE,"https://www.ticketmaster.com/philadelphia-eagles-vs-houston-texans-philadelphia-pennsylvania-12-23-2018/event/0200546E005316A5","en-us","2018-05-10T14:00:00Z",FALSE,"2018-12-23T19:00:00Z","2018-12-23","13:00:00","2018-12-23T18:00:00Z",FALSE,FALSE,FALSE,FALSE,"onsale","America/New_York",FALSE,"705","NFL REGULAR SEASON","NFL REGULAR SEASON / NTL / USA","https://s1.ticketm.net/tmimages/venue/maps/phi/71340s.gif",NA,NA
"31","2018-12-16","2018-12-16_20.47.48","Jacksonville Jaguars v Miami Dolphins","event","vvG1VZ4kMfIqHM",FALSE,"https://www.ticketmaster.com/jacksonville-jaguars-v-miami-dolphins-miami-florida-12-23-2018/event/0D00546DD4A1DF37","en-us","2018-05-09T14:00:00Z",FALSE,"2018-12-23T19:00:00Z","2018-12-23","13:00:00","2018-12-23T18:00:00Z",FALSE,FALSE,FALSE,FALSE,"onsale","America/New_York",FALSE,"705","NFL REGULAR SEASON","NFL REGULAR SEASON / NTL / USA","https://s1.ticketm.net/tmimages/venue/maps/flo/85771s.gif",NA,NA
"32","2018-12-16","2018-12-16_20.47.48","Indianapolis Colts vs. New York Giants","event","vv17fZ4kGkDqFy19",FALSE,"https://www.ticketmaster.com/indianapolis-colts-vs-new-york-giants-indianapolis-indiana-12-23-2018/event/0500546EDD239297","en-us","2018-07-18T14:00:00Z",FALSE,"2018-12-24T01:00:00Z","2018-12-23","13:00:00","2018-12-23T18:00:00Z",FALSE,FALSE,FALSE,FALSE,"onsale","America/New_York",FALSE,"705","NFL REGULAR SEASON","NFL REGULAR SEASON / NTL / USA","https://s1.ticketm.net/tmimages/venue/maps/ch2/85274s.gif","There is a 9 ticket limit for the general public onsale.","ADA seating may be purchased online.  For exchanges, please contact the Colts ticket office at (317) 297-2658."
"33","2018-12-16","2018-12-16_20.47.48","Los Angeles Chargers vs. Baltimore Ravens","event","vvG1IZ4kTPcNM8",FALSE,"https://www.ticketmaster.com/los-angeles-chargers-vs-baltimore-ravens-carson-california-12-22-2018/event/0A00546FE5B63DD0","en-us","2018-04-20T00:00:00Z",FALSE,"2018-12-23T01:20:00Z","2018-12-22","17:20:00","2018-12-23T01:20:00Z",FALSE,FALSE,FALSE,FALSE,"onsale","America/Tijuana",FALSE,"705","NFL REGULAR SEASON","NFL REGULAR SEASON / NTL / USA","https://s1.ticketm.net/tmimages/venue/maps/wes/79726s.gif",NA,NA
"34","2018-12-16","2018-12-16_20.47.48","Cincinnati Bengals vs. Oakland Raiders","event","1AvbZ4kGkXXvkHC",FALSE,"https://www.ticketmaster.com/cincinnati-bengals-vs-oakland-raiders-cincinnati-ohio-12-16-2018/event/1600546FBE046F0E","en-us","2018-04-20T00:00:00Z",FALSE,"2018-12-16T19:00:00Z","2018-12-16","13:00:00","2018-12-16T18:00:00Z",FALSE,FALSE,FALSE,FALSE,"offsale","America/New_York",FALSE,"705","NFL REGULAR SEASON","NFL REGULAR SEASON / NTL / USA","https://s1.ticketm.net/tmimages/venue/maps/ch6/85278s.gif","There is a ten (10) ticket limit for the Season Ticket Member Offer.","Accessible seating is available for wheelchairs and companions.  There is a 4 ticket limit for all accessible seating, unless otherwise posted.

Wheelchair patrons should purchase 1 wheelchair seat as their seat and up to 3 companion seats.  Wheelchair companions should also purchase wheelchair seats as their seat.

Please Note: Hearing impaired patrons should contact the box office directly to purchase tickets to ensure additional accommodations are in place.  The box office can be reached by phone at (513) 621-8383 during regular business hours.

Accessible seats are located in Sections 101, 120, 146, 303, 307, 315, 337, 339 and 347 of the stadium.  More information is available by calling (513) 621-8383 during normal business hours or on game days at the Customer Service windows of the North Ticket Office located by Gate C."
"35","2018-12-16","2018-12-16_20.47.48","Tennessee Titans vs. Indianapolis Colts","event","G5viZ4kEtDu8M",FALSE,"https://www.ticketmaster.com/tennessee-titans-vs-indianapolis-colts-nashville-tennessee-12-30-2018/event/1B005469E9ECD437","en-us","2018-04-20T00:00:00Z",FALSE,"2018-12-30T19:00:00Z","2018-12-30","12:00:00","2018-12-30T18:00:00Z",FALSE,FALSE,FALSE,FALSE,"onsale","America/Chicago",FALSE,"705","NFL REGULAR SEASON","NFL REGULAR SEASON / NTL / USA","https://s1.ticketm.net/tmimages/venue/maps/scs/72311s.gif","There is an overall 14 ticket limit for this event.",NA
"36","2018-12-16","2018-12-16_20.47.48","Oakland Raiders vs. Denver Broncos","event","G5vYZ4kTkC9Yb",FALSE,"https://www.ticketmaster.com/oakland-raiders-vs-denver-broncos-oakland-california-12-24-2018/event/1C00546FC6397C18","en-us","2018-04-20T00:00:00Z",FALSE,"2018-12-25T02:15:00Z","2018-12-24","17:15:00","2018-12-25T01:15:00Z",FALSE,FALSE,FALSE,FALSE,"onsale","America/Los_Angeles",FALSE,"705","NFL REGULAR SEASON","NFL REGULAR SEASON / NTL / USA","https://s1.ticketm.net/tmimages/venue/maps/nca/82218s.gif",NA,"* ADA seats are all seats in rows 1A, 7A, 37A, 38A"
"37","2018-12-16","2018-12-16_20.47.48","Buffalo Bills vs. Miami Dolphins","event","k7vGF4krYbbyJ",FALSE,"https://www.ticketmaster.com/buffalo-bills-vs-miami-dolphins-orchard-park-new-york-12-30-2018/event/00005467B0618E66","en-us","2018-05-08T16:00:00Z",FALSE,"2018-12-30T19:00:00Z","2018-12-30","13:00:00","2018-12-30T18:00:00Z",FALSE,FALSE,FALSE,FALSE,"onsale","America/New_York",FALSE,"705","NFL REGULAR SEASON","NFL REGULAR SEASON / NTL / USA","https://s1.ticketm.net/tmimages/venue/maps/ny1/87584s.gif","There is an 6 Ticket Limit in the Family Sections 224-227.",NA
"38","2018-12-16","2018-12-16_20.47.48","Houston Texans vs. Jacksonville Jaguars","event","G5dIZ4kPHTeyS",FALSE,"https://www.ticketmaster.com/houston-texans-vs-jacksonville-jaguars-houston-texas-12-30-2018/event/3A0054697CFC2E73","en-us","2018-04-27T15:00:00Z",FALSE,"2018-12-30T18:00:00Z","2018-12-30","12:00:00","2018-12-30T18:00:00Z",FALSE,FALSE,FALSE,FALSE,"onsale","America/Chicago",FALSE,"705","NFL REGULAR SEASON","NFL REGULAR SEASON / NTL / USA","https://s1.ticketm.net/tmimages/venue/maps/dl2/85232s.gif",NA,"Wheelchair accessible and companion seating available for ADA seating requests.  There is a 4 ticket limit for ADA seat requests.  All ADA seating is subject to availability"
"39","2018-12-16","2018-12-16_20.47.48","Baltimore Ravens vs. Cleveland Browns","event","1AvfZ4kGkH6RpCR",FALSE,"https://www.ticketmaster.com/baltimore-ravens-vs-cleveland-browns-baltimore-maryland-12-30-2018/event/1500546F07BD63AF","en-us","2018-04-20T00:00:00Z",FALSE,"2018-12-30T19:00:00Z","2018-12-30","13:00:00","2018-12-30T18:00:00Z",FALSE,FALSE,FALSE,FALSE,"onsale","America/New_York",FALSE,"705","NFL REGULAR SEASON","NFL REGULAR SEASON / NTL / USA","https://s1.ticketm.net/tmimages/venue/maps/wdc/66995s.gif","There is an overall 10 ticket limit for this event.","1 ADA - 1 Companion.  2 ticket limit."
"40","2018-12-16","2018-12-16_20.47.48","Pittsburgh Steelers VIP Packages","event","1AvbZ43GkRy-tN3",FALSE,"https://www.ticketmastervip.com/d/pittsburgh-steelers-packages?utm_source=ticketmaster.com&utm_medium=referral&utm_campaign=nfl_pittsburgh_steelers&utm_content=shell_event_search_link","en-us","2009-09-12T00:00:00Z",FALSE,"2018-12-31T05:00:00Z","2018-12-31",NA,NA,FALSE,FALSE,FALSE,TRUE,"onsale","America/New_York",TRUE,"494","PROMOTED BY VENUE","PROMOTED BY VENUE / NTL / USA",NA,"OFF",NA
"41","2018-12-16","2018-12-16_20.47.48","Seattle Seahawks VIP Packages","event","vvG1HZ43mRjAet",FALSE,"https://www.ticketmastervip.com/d/seattle-seahawks-packages?utm_source=ticketmaster.com&utm_medium=referral&utm_campaign=nfl_seattle_seahawks&utm_content=shell_event_search_link","en-us","2009-09-12T03:00:00Z",FALSE,"2018-12-31T08:00:00Z","2018-12-31",NA,NA,FALSE,FALSE,FALSE,TRUE,"onsale","America/Los_Angeles",TRUE,"494","PROMOTED BY VENUE","PROMOTED BY VENUE / NTL / USA",NA,"OFF",NA
"42","2018-12-16","2018-12-16_20.47.48","Tennessee Titans VIP Packages","event","G5viZ43RmA5i8",FALSE,"https://www.ticketmastervip.com/d/tennessee-titans-packages?utm_source=ticketmaster.com&utm_medium=referral&utm_campaign=nfl_tennessee_titanss&utm_content=shell_event_search_link","en-us","2009-09-12T01:00:00Z",FALSE,"2018-12-31T06:00:00Z","2018-12-31",NA,NA,FALSE,FALSE,FALSE,TRUE,"onsale","America/Chicago",TRUE,"494","PROMOTED BY VENUE","PROMOTED BY VENUE / NTL / USA",NA,"OFF",NA
"43","2018-12-16","2018-12-16_20.47.48","Minnesota Vikings VIP Packages","event","vv17bZ43GkRRVLng",FALSE,"https://www.ticketmastervip.com/d/minnesota-vikings-packages?utm_source=ticketmaster.com&utm_medium=referral&utm_campaign=nfl_minnesota_vikings&utm_content=shell_event_search_link","en-us","2009-09-12T01:00:00Z",FALSE,"2018-12-31T06:00:00Z","2018-12-31",NA,NA,FALSE,FALSE,FALSE,TRUE,"onsale","America/Chicago",TRUE,"494","PROMOTED BY VENUE","PROMOTED BY VENUE / NTL / USA",NA,"OFF",NA
"44","2018-12-16","2018-12-16_20.47.48","HALF PRICE GAME: Denver Broncos v Cleveland Browns","event","G5vzZ4GXu4o8T",FALSE,"https://www.ticketmaster.com/half-price-game-denver-broncos-v-denver-colorado-12-15-2018/event/1E0054CF8D55143F","en-us",NA,FALSE,NA,"2018-12-15","18:20:00","2018-12-16T01:20:00Z",FALSE,FALSE,FALSE,FALSE,"offsale","America/Denver",FALSE,"705","NFL REGULAR SEASON","NFL REGULAR SEASON / NTL / USA","https://s1.ticketm.net/tmimages/venue/maps/mtn/39373s.gif","There is an overall 4 ticket limit for this event.",NA
"45","2018-12-16","2018-12-16_20.47.48","Baltimore Ravens VIP Packages","event","1AvfZ43GkRB-F7k",FALSE,"https://www.ticketmastervip.com/d/baltimore-ravens-packages?utm_source=ticketmaster.com&utm_medium=referral&utm_campaign=nfl_baltimore_ravens&utm_content=shell_event_search_link","en-us","2009-09-12T00:00:00Z",FALSE,"2018-12-31T05:00:00Z","2018-12-31",NA,NA,FALSE,FALSE,FALSE,TRUE,"onsale","America/New_York",TRUE,"494","PROMOTED BY VENUE","PROMOTED BY VENUE / NTL / USA",NA,"OFF",NA
"46","2018-12-16","2018-12-16_20.47.48","Jacksonville Jaguars VIP Packages","event","1AeFZ43GkR_yhlM",FALSE,"https://www.ticketmastervip.com/d/jacksonville-jaguars-packages?utm_source=ticketmaster.com&utm_medium=referral&utm_campaign=nfl_jacksonville_jaguars&utm_content=shell_event_search_link","en-us","2009-09-12T00:00:00Z",FALSE,"2018-12-31T05:00:00Z","2018-12-31",NA,NA,FALSE,FALSE,FALSE,TRUE,"onsale","America/New_York",TRUE,"494","PROMOTED BY VENUE","PROMOTED BY VENUE / NTL / USA",NA,"OFF",NA
"47","2018-12-16","2018-12-16_20.47.48","Los Angeles Chargers VIP Packages","event","vvG1IZ43RKj4GH",FALSE,"https://www.ticketmastervip.com/d/los-angeles-chargers-packages?utm_source=ticketmaster.com&utm_medium=referral&utm_campaign=nfl_los_angeles_chargers&utm_content=shell_event_search_link","en-us","2009-09-12T03:00:00Z",FALSE,"2018-12-31T08:00:00Z","2018-12-31",NA,NA,FALSE,FALSE,FALSE,TRUE,"onsale","America/Tijuana",TRUE,"494","PROMOTED BY VENUE","PROMOTED BY VENUE / NTL / USA",NA,"OFF",NA
"48","2018-12-16","2018-12-16_20.47.48","HALF PRICE GAME: Denver Broncos v LA Chargers","event","G5vzZ4GXubsoC",FALSE,"https://www.ticketmaster.com/half-price-game-denver-broncos-v-denver-colorado-12-30-2018/event/1E0054CF8D63144E","en-us",NA,FALSE,NA,"2018-12-30","14:25:00","2018-12-30T21:25:00Z",FALSE,FALSE,FALSE,FALSE,"offsale","America/Denver",FALSE,"705","NFL REGULAR SEASON","NFL REGULAR SEASON / NTL / USA","https://s1.ticketm.net/tmimages/venue/maps/mtn/39373s.gif","There is an overall 4 ticket limit for this event.",NA
"49","2018-12-16","2018-12-16_20.47.48","Standing Room Philadelphia Eagles v Houston Texans","event","vv17FZ4aGkBc1uSa",FALSE,"https://www.ticketmaster.com/standing-room-philadelphia-eagles-v-houston-philadelphia-pennsylvania-12-23-2018/event/0200549EAD28DCC9","en-us","2018-05-10T14:00:00Z",FALSE,"2018-12-23T18:00:00Z","2018-12-23","13:00:00","2018-12-23T18:00:00Z",FALSE,FALSE,FALSE,FALSE,"onsale","America/New_York",FALSE,"494","PROMOTED BY VENUE","PROMOTED BY VENUE / NTL / USA",NA,"There is a 4 ticket limit.",NA
"50","2018-12-16","2018-12-16_20.47.48","Los Angeles Chargers AFC Playoffs - AFC Championship Game","event","vvG1IZ49l3jwCA",FALSE,"https://www.ticketmaster.com/los-angeles-chargers-afc-playoffs-afc-carson-california-01-20-2019/event/0A00557AD2732385","en-us",NA,FALSE,NA,"2019-01-20",NA,NA,FALSE,FALSE,TRUE,TRUE,"offsale","America/Tijuana",FALSE,"706","NFL PLAYOFFS & SUPERBOWL","NFL PLAYOFFS & SUPERBOWL / NTL / USA","https://s1.ticketm.net/tmimages/venue/maps/wes/79726s.gif",NA,NA
"51","2018-12-16","2018-12-16_20.47.48","Carolina Panthers VIP Packages","event","G5eVZ43R_uJ-8",FALSE,"https://www.ticketmastervip.com/d/carolina-panthers-packages?utm_source=ticketmaster.com&utm_medium=referral&utm_campaign=nfl_carolina_panthers&utm_content=shell_event_search_link","en-us","2009-09-12T00:00:00Z",FALSE,"2018-12-31T05:00:00Z","2018-12-31",NA,NA,FALSE,FALSE,FALSE,TRUE,"onsale","America/New_York",TRUE,"494","PROMOTED BY VENUE","PROMOTED BY VENUE / NTL / USA",NA,"OFF",NA
"52","2018-12-16","2018-12-16_20.47.48","New York Giants vs. Tennessee Titans","event","k7vGF463D2VBj",FALSE,"https://www.ticketmaster.com/new-york-giants-vs-tennessee-titans-east-rutherford-new-jersey-12-16-2018/event/00005474BB3F4E9C","en-us","2018-04-27T16:00:00Z",FALSE,"2018-12-16T19:00:00Z","2018-12-16","13:00:00","2018-12-16T18:00:00Z",FALSE,FALSE,FALSE,FALSE,"offsale","America/New_York",FALSE,"705","NFL REGULAR SEASON","NFL REGULAR SEASON / NTL / USA","https://s1.ticketm.net/tmimages/venue/maps/ny1/41546s.gif","There is a eight (8) ticket limit per household.",NA
"53","2018-12-16","2018-12-16_20.47.48","Buffalo Bills VIP Packages","event","k7vGF43RDhHe0",FALSE,"https://www.ticketmastervip.com/d/buffalo-bills-packages?utm_source=ticketmaster.com&utm_medium=referral&utm_campaign=nfl_buffalo_bills&utm_content=shell_event_search_link","en-us","2017-09-01T14:00:00Z",FALSE,"2018-12-31T05:00:00Z","2018-12-31",NA,NA,FALSE,FALSE,FALSE,TRUE,"onsale","America/New_York",TRUE,"494","PROMOTED BY VENUE","PROMOTED BY VENUE / NTL / USA",NA,"OFF",NA
"54","2018-12-16","2018-12-16_20.47.48","New England Patriots vs. Buffalo Bills","event","vv177Z4kGkT9dQNF",FALSE,"https://www.ticketmaster.com/new-england-patriots-vs-buffalo-bills-foxborough-massachusetts-12-23-2018/event/0100546FD70DA8C8","en-us","2018-07-23T14:00:00Z",FALSE,"2018-12-23T19:00:00Z","2018-12-23","13:00:00","2018-12-23T18:00:00Z",FALSE,FALSE,FALSE,FALSE,"onsale","America/New_York",FALSE,"705","NFL REGULAR SEASON","NFL REGULAR SEASON / NTL / USA","https://s1.ticketm.net/tmimages/venue/maps/ny2/ny2567a.gif","There is a four (4) ticket limit.",NA
"55","2018-12-16","2018-12-16_20.47.48","New England Patriots vs. New York Jets","event","vv177Z4kGkT9JBNw",FALSE,"https://www.ticketmaster.com/new-england-patriots-vs-new-york-foxborough-massachusetts-12-30-2018/event/0100546FD79BA8F2","en-us","2018-07-23T14:00:00Z",FALSE,"2018-12-30T19:00:00Z","2018-12-30","13:00:00","2018-12-30T18:00:00Z",FALSE,FALSE,FALSE,FALSE,"onsale","America/New_York",FALSE,"705","NFL REGULAR SEASON","NFL REGULAR SEASON / NTL / USA","https://s1.ticketm.net/tmimages/venue/maps/ny2/ny2567a.gif","There is a four (4) ticket limit.",NA
"56","2018-12-16","2018-12-16_20.47.48","New Orleans Saints VIP Packages","event","G5viZ43RishPg",FALSE,"https://www.ticketmastervip.com/d/new-orleans-saints-packages?utm_source=ticketmaster.com&utm_medium=referral&utm_campaign=nfl_new_orleans_saints&utm_content=shell_event_search_link","en-us","2009-09-12T01:00:00Z",FALSE,"2018-12-31T06:00:00Z","2018-12-31",NA,NA,FALSE,FALSE,FALSE,TRUE,"onsale","America/Chicago",TRUE,"494","PROMOTED BY VENUE","PROMOTED BY VENUE / NTL / USA",NA,"OFF",NA
"57","2018-12-16","2018-12-16_20.47.48","Kansas City Chiefs VIP Packages","event","vv17bZ43GkR13y_D",FALSE,"https://www.ticketmastervip.com/d/kansas-city-chiefs-packages?utm_source=ticketmaster.com&utm_medium=referral&utm_campaign=nfl_kansas_city_chiefs&utm_content=shell_event_search_link","en-us","2009-09-12T01:00:00Z",FALSE,"2018-12-31T06:00:00Z","2018-12-31",NA,NA,FALSE,FALSE,FALSE,TRUE,"onsale","America/Chicago",TRUE,"494","PROMOTED BY VENUE","PROMOTED BY VENUE / NTL / USA",NA,"OFF",NA
"58","2018-12-16","2018-12-16_20.47.48","LUXURY SEATING: Jacksonville Jaguars v Miami Dolphins","event","vvG1VZ4FK9gWtx",FALSE,"https://www.ticketmaster.com/luxury-seating-jacksonville-jaguars-v-miami-miami-florida-12-23-2018/event/0D005484D7D7DA62","en-us",NA,FALSE,NA,"2018-12-23","13:00:00","2018-12-23T18:00:00Z",FALSE,FALSE,FALSE,FALSE,"offsale","America/New_York",FALSE,NA,NA,NA,"https://s1.ticketm.net/tmimages/venue/maps/flo/85771s.gif",NA,NA
"59","2018-12-16","2018-12-16_20.47.48","Denver Broncos vs. Los Angeles Chargers","event","G5vzZ4kMXvNXD",FALSE,"https://www.ticketmaster.com/denver-broncos-vs-los-angeles-chargers-denver-colorado-12-30-2018/event/1E00546DFE063FBB","en-us",NA,FALSE,NA,"2018-12-30","14:25:00","2018-12-30T21:25:00Z",FALSE,FALSE,FALSE,FALSE,"offsale","America/Denver",FALSE,"705","NFL REGULAR SEASON","NFL REGULAR SEASON / NTL / USA","https://s1.ticketm.net/tmimages/venue/maps/mtn/39373s.gif",NA,NA
"60","2018-12-16","2018-12-16_20.47.48","Detroit Lions vs. Minnesota Vikings","event","vv17OZ4kGkTIiE-E",FALSE,"https://www.ticketmaster.com/detroit-lions-vs-minnesota-vikings-detroit-michigan-12-23-2018/event/0800546FE8B27867","en-us","2018-07-25T14:00:00Z",FALSE,"2018-12-23T19:00:00Z","2018-12-23","13:00:00","2018-12-23T18:00:00Z",FALSE,FALSE,FALSE,FALSE,"onsale","America/New_York",FALSE,"705","NFL REGULAR SEASON","NFL REGULAR SEASON / NTL / USA","https://s1.ticketm.net/tmimages/venue/maps/det/29012s.gif","There is an overall 10 ticket limit on this event.","Accessible seating is available for wheelchairs and companions as well as limited mobility. There is a 4 ticket limit for all accessible seating (2 wheelchair, 2 companions max), unless otherwise posted. All accessible patrons, including limited mobility, should purchase up to 2 wheelchair seats as their seat and up to 2 companion seats. Additional companion seats are available through the box office by calling (313) 262-2167."
"61","2018-12-16","2018-12-16_20.47.48","New Orleans Saints vs. Pittsburgh Steelers","event","G5viZ4F6WXgNu",FALSE,"https://www.ticketmaster.com/new-orleans-saints-vs-pittsburgh-steelers-new-orleans-louisiana-12-23-2018/event/1B005481FDFB58CD","en-us",NA,FALSE,NA,"2018-12-23","15:25:00","2018-12-23T21:25:00Z",FALSE,FALSE,FALSE,FALSE,"offsale","America/Chicago",FALSE,"4635","SEATGEEK","SEATGEEK / NTL / USA","https://s1.ticketm.net/tmimages/venue/maps/scs/39707s.gif",NA,NA
"62","2018-12-16","2018-12-16_20.47.48","New Orleans Saints vs. Carolina Panthers","event","G5viZ4F6WMP-4",FALSE,"https://www.ticketmaster.com/new-orleans-saints-vs-carolina-panthers-new-orleans-louisiana-12-30-2018/event/1B005481FDDE5855","en-us",NA,FALSE,NA,"2018-12-30","12:00:00","2018-12-30T18:00:00Z",FALSE,FALSE,FALSE,FALSE,"offsale","America/Chicago",FALSE,"4635","SEATGEEK","SEATGEEK / NTL / USA","https://s1.ticketm.net/tmimages/venue/maps/scs/39707s.gif",NA,NA
"63","2018-12-16","2018-12-16_20.47.48","New Orleans Saints NFC Playoffs - NFC Championship Game","event","G5viZ49MsjiOf",FALSE,"https://www.ticketmaster.com/new-orleans-saints-nfc-playoffs-nfc-new-orleans-louisiana-01-20-2019/event/1B00557DF172C814","en-us",NA,FALSE,NA,"2019-01-20",NA,NA,FALSE,FALSE,TRUE,TRUE,"offsale","America/Chicago",FALSE,"706","NFL PLAYOFFS & SUPERBOWL","NFL PLAYOFFS & SUPERBOWL / NTL / USA","https://s1.ticketm.net/tmimages/venue/maps/scs/39707s.gif",NA,NA
"64","2018-12-16","2018-12-16_20.47.48","New York Jets V Houston Texans - First Responders Night","event","k7vGF46dxlluV",FALSE,"https://www.ticketmaster.com/new-york-jets-v-houston-texans-east-rutherford-new-jersey-12-15-2018/event/00005470E2AEB374","en-us","2018-04-20T00:00:00Z",FALSE,"2018-12-15T22:30:00Z","2018-12-15","16:30:00","2018-12-15T21:30:00Z",FALSE,FALSE,FALSE,FALSE,"offsale","America/New_York",FALSE,"705","NFL REGULAR SEASON","NFL REGULAR SEASON / NTL / USA","https://s1.ticketm.net/tmimages/venue/maps/ny1/41546s.gif","There is an overall (8) eight ticket limit for this event.",NA
"65","2018-12-16","2018-12-16_20.47.48","Tennessee Titans vs. Washington Redskins","event","G5viZ4kEtXuou",FALSE,"https://www.ticketmaster.com/tennessee-titans-vs-washington-redskins-nashville-tennessee-12-22-2018/event/1B005469E9F8D44D","en-us","2018-04-20T00:00:00Z",FALSE,"2018-12-22T20:30:00Z","2018-12-22","15:30:00","2018-12-22T21:30:00Z",FALSE,FALSE,FALSE,FALSE,"rescheduled","America/Chicago",FALSE,"705","NFL REGULAR SEASON","NFL REGULAR SEASON / NTL / USA","https://s1.ticketm.net/tmimages/venue/maps/scs/72311s.gif","There is an overall 14 ticket limit for this event.",NA
"66","2018-12-16","2018-12-16_20.47.48","New York Jets VIP Packages","event","k7vGF43RDADTs",FALSE,"https://www.ticketmastervip.com/d/new-york-jets-packages?utm_source=ticketmaster.com&utm_medium=referral&utm_campaign=nfl_new_york_jets&utm_content=shell_event_search_link","en-us","2017-09-01T14:00:00Z",FALSE,"2018-12-31T05:00:00Z","2018-12-31",NA,NA,FALSE,FALSE,FALSE,TRUE,"onsale","America/New_York",TRUE,"494","PROMOTED BY VENUE","PROMOTED BY VENUE / NTL / USA",NA,"OFF",NA
"67","2018-12-16","2018-12-16_20.47.48","Buffalo Bills vs. Detroit Lions","event","k7vGF4krYfIyG",FALSE,"https://www.ticketmaster.com/buffalo-bills-vs-detroit-lions-orchard-park-new-york-12-16-2018/event/00005467B0528E4C","en-us","2018-05-08T16:00:00Z",FALSE,"2018-12-16T19:00:00Z","2018-12-16","13:00:00","2018-12-16T18:00:00Z",FALSE,FALSE,FALSE,FALSE,"offsale","America/New_York",FALSE,"705","NFL REGULAR SEASON","NFL REGULAR SEASON / NTL / USA","https://s1.ticketm.net/tmimages/venue/maps/ny1/87584s.gif","There is an 6 Ticket Limit in the Family Sections 224-227.",NA
"68","2018-12-16","2018-12-16_20.47.48","Detroit Lions VIP Packages","event","vv17OZ43GkRQlbrB",FALSE,"https://www.ticketmastervip.com/d/detroit-lions-packages?utm_source=ticketmaster.com&utm_medium=referral&utm_campaign=nfl_detroit_lions&utm_content=shell_event_search_link","en-us","2009-09-12T00:00:00Z",FALSE,"2018-12-31T05:00:00Z","2018-12-31",NA,NA,FALSE,FALSE,FALSE,TRUE,"onsale","America/New_York",TRUE,"494","PROMOTED BY VENUE","PROMOTED BY VENUE / NTL / USA",NA,"OFF",NA
"69","2018-12-16","2018-12-16_20.47.48","Washington Redskins vs. Philadelphia Eagles","event","1AvfZ4kGkTqo4QN",FALSE,"https://www.ticketmaster.com/washington-redskins-vs-philadelphia-eagles-landover-maryland-12-30-2018/event/1500546FDD4556A3","en-us",NA,FALSE,NA,"2018-12-30","13:00:00","2018-12-30T18:00:00Z",FALSE,FALSE,FALSE,FALSE,"offsale","America/New_York",FALSE,"705","NFL REGULAR SEASON","NFL REGULAR SEASON / NTL / USA","https://s1.ticketm.net/tmimages/venue/maps/wdc/53738s.gif","There is an overall 8 ticket limit for this event.",NA
"70","2018-12-16","2018-12-16_20.47.48","Green Bay Packers vs. Detroit Lions","event","vv17jZ4kGkXYYShj",FALSE,"https://www.ticketmaster.com/green-bay-packers-vs-detroit-lions-green-bay-wisconsin-12-30-2018/event/0700546FB0C336DC","en-us",NA,FALSE,NA,"2018-12-30","12:00:00","2018-12-30T18:00:00Z",FALSE,FALSE,FALSE,FALSE,"offsale","America/Chicago",FALSE,"705","NFL REGULAR SEASON","NFL REGULAR SEASON / NTL / USA","https://s1.ticketm.net/tmimages/venue/maps/ch5/86265s.gif","There is a 4 ticket limit per household on this event","ADA Seating: Wheelchair Accessible is a space only.  Companion are actual seats.  Please use companion seating for limited mobility as well."
"71","2018-12-16","2018-12-16_20.47.48","Super Bowl Experience Driven by Hyundai","event","vvG1zZ4bQjJN77",FALSE,"https://www.ticketmaster.com/super-bowl-experience-driven-by-hyundai-atlanta-georgia-02-02-2019/event/0E0055869C9A3104","en-us","2018-12-13T15:00:00Z",FALSE,"2019-02-03T01:00:00Z","2019-02-02","10:00:00","2019-02-02T15:00:00Z",FALSE,FALSE,FALSE,FALSE,"onsale","America/New_York",FALSE,NA,NA,NA,"https://s1.ticketm.net/tmimages/venue/maps/atl/91307s.gif",NA,NA
"72","2018-12-16","2018-12-16_20.47.48","Super Bowl Experience Driven by Hyundai","event","vvG1zZ4bQjrSd1",FALSE,"https://www.ticketmaster.com/super-bowl-experience-driven-by-hyundai-atlanta-georgia-01-26-2019/event/0E0055869C7B30CA","en-us","2018-12-13T15:00:00Z",FALSE,"2019-01-27T01:00:00Z","2019-01-26","10:00:00","2019-01-26T15:00:00Z",FALSE,FALSE,FALSE,FALSE,"onsale","America/New_York",FALSE,NA,NA,NA,"https://s1.ticketm.net/tmimages/venue/maps/atl/91307s.gif",NA,NA
"73","2018-12-16","2018-12-16_20.47.48","Super Bowl Experience Driven by Hyundai","event","vvG1zZ4bQjOKdC",FALSE,"https://www.ticketmaster.com/super-bowl-experience-driven-by-hyundai-atlanta-georgia-01-27-2019/event/0E0055869C8130CE","en-us","2018-12-13T15:00:00Z",FALSE,"2019-01-27T23:00:00Z","2019-01-27","10:00:00","2019-01-27T15:00:00Z",FALSE,FALSE,FALSE,FALSE,"onsale","America/New_York",FALSE,NA,NA,NA,"https://s1.ticketm.net/tmimages/venue/maps/atl/91307s.gif",NA,NA
"74","2018-12-16","2018-12-16_20.47.48","Super Bowl Experience Driven by Hyundai","event","vvG1zZ4bQj-Kd9",FALSE,"https://www.ticketmaster.com/super-bowl-experience-driven-by-hyundai-atlanta-georgia-01-28-2019/event/0E0055869C8530D7","en-us","2018-12-13T15:00:00Z",FALSE,"2019-01-28T23:00:00Z","2019-01-28","15:00:00","2019-01-28T20:00:00Z",FALSE,FALSE,FALSE,FALSE,"onsale","America/New_York",FALSE,NA,NA,NA,"https://s1.ticketm.net/tmimages/venue/maps/atl/91307s.gif",NA,NA
"75","2018-12-16","2018-12-16_20.47.48","Super Bowl Experience Driven by Hyundai","event","vvG1zZ4bQjPddS",FALSE,"https://www.ticketmaster.com/super-bowl-experience-driven-by-hyundai-atlanta-georgia-02-01-2019/event/0E0055869C9430F3","en-us","2018-12-13T15:00:00Z",FALSE,"2019-02-02T01:00:00Z","2019-02-01","10:00:00","2019-02-01T15:00:00Z",FALSE,FALSE,FALSE,FALSE,"onsale","America/New_York",FALSE,NA,NA,NA,"https://s1.ticketm.net/tmimages/venue/maps/atl/91307s.gif",NA,NA
"76","2018-12-16","2018-12-16_20.47.48","Super Bowl Experience Driven by Hyundai","event","vvG1zZ4bQjxSdP",FALSE,"https://www.ticketmaster.com/super-bowl-experience-driven-by-hyundai-atlanta-georgia-01-29-2019/event/0E0055869C8B30E5","en-us","2018-12-13T15:00:00Z",FALSE,"2019-01-29T23:00:00Z","2019-01-29","15:00:00","2019-01-29T20:00:00Z",FALSE,FALSE,FALSE,FALSE,"onsale","America/New_York",FALSE,NA,NA,NA,"https://s1.ticketm.net/tmimages/venue/maps/atl/91307s.gif",NA,NA
"77","2018-12-16","2018-12-16_20.47.48","Super Bowl Experience Driven by Hyundai","event","vvG1zZ4bQj0ddn",FALSE,"https://www.ticketmaster.com/super-bowl-experience-driven-by-hyundai-atlanta-georgia-01-30-2019/event/0E0055869C9030EA","en-us","2018-12-13T15:00:00Z",FALSE,"2019-01-30T20:00:00Z","2019-01-30","15:00:00","2019-01-30T20:00:00Z",FALSE,FALSE,FALSE,FALSE,"onsale","America/New_York",FALSE,NA,NA,NA,"https://s1.ticketm.net/tmimages/venue/maps/atl/91307s.gif",NA,NA
"78","2018-12-16","2018-12-16_20.47.48","Super Bowl Experience Driven by Hyundai","event","vvG1zZ4bQjQdeS",FALSE,"https://www.ticketmaster.com/super-bowl-experience-driven-by-hyundai-atlanta-georgia-01-31-2019/event/0E0055869C6830B3","en-us","2018-12-13T15:00:00Z",FALSE,"2019-02-01T01:00:00Z","2019-01-31","15:00:00","2019-01-31T20:00:00Z",FALSE,FALSE,FALSE,FALSE,"onsale","America/New_York",FALSE,NA,NA,NA,"https://s1.ticketm.net/tmimages/venue/maps/atl/91307s.gif",NA,NA
"79","2018-12-16","2018-12-16_20.47.48","Downtown Watch Zone - NFL Viewing","event","17AYvfG62TK57k0",FALSE,"https://www.ticketmaster.com/downtown-watch-zone-nfl-viewing-las-vegas-nevada-12-16-2018/event/170054FFD32C41A4","en-us","2018-08-01T19:00:00Z",FALSE,"2018-12-16T18:00:00Z","2018-12-16","10:00:00","2018-12-16T18:00:00Z",FALSE,FALSE,FALSE,FALSE,"offsale","America/Los_Angeles",FALSE,"494","PROMOTED BY VENUE","PROMOTED BY VENUE / NTL / USA","https://s1.ticketm.net/tmimages/venue/maps/nev/88095s.gif","There is a ticket limit of exactly 1 ticket per order.",NA
"80","2018-12-16","2018-12-16_20.47.48","NFL UK Live presented by Subway","event","1kuYv4-aGA1GoAn",FALSE,"https://www.ticketmaster.co.uk/nfl-uk-live-presented-by-subway-southampton-01-14-2019/event/370055849A31116A","en-us","2018-12-06T13:00:00Z",FALSE,"2019-01-14T18:30:00Z","2019-01-14","19:30:00","2019-01-14T19:30:00Z",FALSE,FALSE,FALSE,FALSE,"onsale","Europe/London",FALSE,"2933","NATIONAL FOOTBALL LEAGUE INC","NATIONAL FOOTBALL LEAGUE INC / NTL / GBR",NA,"Please note: There is a ticket limit of 2 tickets per person and per credit card on this event",NA
"81","2018-12-16","2018-12-16_20.47.48","NFL UK Live presented by Subway","event","1AUZAp7GkeEngb0",FALSE,"https://www.ticketmaster.co.uk/nfl-uk-live-presented-by-subway-birmingham-01-15-2019/event/36005584A7AB5624","en-us","2018-12-06T13:00:00Z",FALSE,"2019-01-15T18:30:00Z","2019-01-15","19:30:00","2019-01-15T19:30:00Z",FALSE,FALSE,FALSE,FALSE,"onsale","Europe/London",FALSE,"2933","NATIONAL FOOTBALL LEAGUE INC","NATIONAL FOOTBALL LEAGUE INC / NTL / GBR",NA,"Please note: There is a ticket limit of 2 tickets per person and per credit card on this event",NA
"82","2018-12-16","2018-12-16_20.47.48","NFL UK Live presented by Subway","event","G5vHZ4b3-o039",FALSE,"https://www.ticketmaster.co.uk/nfl-uk-live-presented-by-subway-merseyside-01-16-2019/event/1F005584A1464497","en-us","2018-12-06T13:00:00Z",FALSE,"2019-01-16T18:30:00Z","2019-01-16","19:30:00","2019-01-16T19:30:00Z",FALSE,FALSE,FALSE,FALSE,"onsale","Europe/London",FALSE,"2933","NATIONAL FOOTBALL LEAGUE INC","NATIONAL FOOTBALL LEAGUE INC / NTL / GBR",NA,"Please note: There is a ticket limit of 2 tickets per person and per credit card on this event",NA
