"","eventID","eventType","game","gameName_short","V5","venueID","lowest_price","highest_price","average_price","listing_count","lowest_price_good_deals","announce_date","created_at","visible_until_utc","status","url"
"1","4109673","ncaa_football","South Alabama Jaguars at Oklahoma State Cowboys Football","South Alabama at Oklahoma State","Boone Pickens Stadium","2785","38","285","74.66","751","39","2017-11-02T00:00:00","2017-11-02T15:00:32","2018-09-09T04:00:00","normal","https://seatgeek.com/south-alabama-jaguars-at-oklahoma-state-cowboys-football-tickets/ncaa-football/2018-09-08-7-pm/4109673"
"2","4347091","nfl","Houston Texans at New England Patriots","Texans at Patriots","Gillette Stadium","33","191","1747","464.47","905","191","2018-04-20T00:00:00","2018-04-20T00:47:49","2018-09-09T21:00:00","normal","https://seatgeek.com/texans-at-patriots-tickets/9-9-2018-foxborough-massachusetts-gillette-stadium/nfl/4347091"
"3","4346964","nfl","Cincinnati Bengals at Indianapolis Colts","Bengals at Colts","Lucas Oil Stadium","1130","52","1238","178","1239","52","2018-04-20T00:00:00","2018-04-20T00:47:23","2018-09-09T21:00:00","normal","https://seatgeek.com/bengals-at-colts-tickets/9-9-2018-indianapolis-indiana-lucas-oil-stadium/nfl/4346964"
"4","4346952","nfl","Jacksonville Jaguars at New York Giants","Jaguars at Giants","MetLife Stadium","1587","134","2522","363.88","986","134","2018-04-20T00:00:00","2018-04-20T00:47:20","2018-09-09T21:00:00","normal","https://seatgeek.com/jaguars-at-giants-tickets/9-9-2018-east-rutherford-new-jersey-metlife-stadium/nfl/4346952"
"5","4347001","nfl","Pittsburgh Steelers at Cleveland Browns","Steelers at Browns","FirstEnergy Stadium","1123","106","19566","292","745","106","2018-04-20T00:00:00","2018-04-20T00:47:32","2018-09-09T21:00:00","normal","https://seatgeek.com/steelers-at-browns-tickets/9-9-2018-cleveland-ohio-firstenergy-stadium-15/nfl/4347001"
"6","4347082","nfl","Tennessee Titans at Miami Dolphins","Titans at Dolphins","Hard Rock Stadium","29","33","1913","143.41","2057","33","2018-04-20T00:00:00","2018-04-20T00:47:47","2018-09-09T21:00:00","normal","https://seatgeek.com/titans-at-dolphins-tickets/9-9-2018-miami-gardens-florida-hard-rock-stadium/nfl/4347082"
"7","4347073","nfl","Buffalo Bills at Baltimore Ravens","Bills at Ravens","M&T Bank Stadium","1121","69","1761","235.22","769","69","2018-04-20T00:00:00","2018-04-20T00:47:45","2018-09-09T21:00:00","normal","https://seatgeek.com/bills-at-ravens-tickets/9-9-2018-baltimore-maryland-m-t-bank-stadium/nfl/4347073"
"8","4346974","nfl","Tampa Bay Buccaneers at New Orleans Saints","Buccaneers at Saints","Mercedes-Benz Superdome","128","48","1398","193.18","1165","48","2018-04-20T00:00:00","2018-04-20T00:47:25","2018-09-09T21:00:00","normal","https://seatgeek.com/buccaneers-at-saints-tickets/9-9-2018-new-orleans-louisiana-mercedes-benz-superdome/nfl/4346974"
"9","4347146","nfl","San Francisco 49ers at Minnesota Vikings","49ers at Vikings","U.S. Bank Stadium","218451","105","1859","322.06","750","105","2018-04-20T00:00:00","2018-04-20T01:04:06","2018-09-09T21:00:00","normal","https://seatgeek.com/49ers-at-vikings-tickets/9-9-2018-minneapolis-minnesota-u-s-bank-stadium/nfl/4347146"
"10","4347113","nfl","Kansas City Chiefs at Los Angeles Chargers","Chiefs at Chargers","StubHub Center","52","90","3723","200.95","588","90","2018-04-20T00:00:00","2018-04-20T00:47:53","2018-09-10T00:05:00","normal","https://seatgeek.com/chiefs-at-chargers-tickets/9-9-2018-carson-california-stubhub-center/nfl/4347113"
"11","4347034","nfl","Dallas Cowboys at Carolina Panthers","Cowboys at Panthers","Bank of America Stadium","1122","160","11348","492.42","898","160","2018-04-20T00:00:00","2018-04-20T00:47:38","2018-09-10T00:25:00","normal","https://seatgeek.com/cowboys-at-panthers-tickets/9-9-2018-charlotte-north-carolina-bank-of-america-stadium/nfl/4347034"
"12","4347148","nfl","Seattle Seahawks at Denver Broncos","Seahawks at Broncos","Sports Authority Field at Mile High","1131","116","2783","351.26","998","116","2018-04-20T00:00:00","2018-04-20T01:04:06","2018-09-10T00:25:00","normal","https://seatgeek.com/seahawks-at-broncos-tickets/9-9-2018-denver-colorado-sports-authority-field-at-mile-high/nfl/4347148"
"13","4347105","nfl","Washington Redskins at Arizona Cardinals","Redskins at Cardinals","State Farm Stadium","43","17","941","118.42","1473","17","2018-04-20T00:00:00","2018-04-20T00:47:52","2018-09-10T00:25:00","normal","https://seatgeek.com/redskins-at-cardinals-tickets/9-9-2018-glendale-arizona-state-farm-stadium/nfl/4347105"
"14","4346916","nfl","Chicago Bears at Green Bay Packers","Bears at Packers","Lambeau Field","1125","152","1156","356.66","708","152","2018-04-20T00:00:00","2018-04-20T00:47:14","2018-09-10T04:20:00","normal","https://seatgeek.com/bears-at-packers-tickets/9-9-2018-green-bay-wisconsin-lambeau-field/nfl/4346916"
"15","4347029","nfl","New York Jets at Detroit Lions","Jets at Lions","Ford Field","346","62","28467","291","902","62","2018-04-20T00:00:00","2018-04-20T00:47:37","2018-09-11T03:10:00","normal","https://seatgeek.com/jets-at-lions-tickets/9-10-2018-detroit-michigan-ford-field/nfl/4347029"
"16","4347155","nfl","Los Angeles Rams at Oakland Raiders","Rams at Raiders","Oakland-Alameda County Coliseum","14","99","613","251.34","816","99","2018-04-20T00:00:00","2018-04-20T01:04:25","2018-09-11T06:20:00","normal","https://seatgeek.com/rams-at-raiders-tickets/9-10-2018-oakland-california-oakland-alameda-county-coliseum/nfl/4347155"
"17","4347044","nfl","Baltimore Ravens at Cincinnati Bengals","Ravens at Bengals","Paul Brown Stadium","1124","40","797","127.7","1327","40","2018-04-20T00:00:00","2018-04-20T00:47:41","2018-09-14T04:20:00","normal","https://seatgeek.com/ravens-at-bengals-tickets/9-13-2018-cincinnati-ohio-paul-brown-stadium/nfl/4347044"
"18","4281986","ncaa_football","Texas State Bobcats at South Alabama Jaguars Football","Texas State at South Alabama","Ladd Peebles Stadium","3716","17","93","34.82","26","17","2018-02-28T00:00:00","2018-02-28T15:00:17","2018-09-16T03:00:00","normal","https://seatgeek.com/texas-state-bobcats-at-south-alabama-jaguars-football-tickets/ncaa-football/2018-09-15-6-pm/4281986"
"19","4346993","nfl","Houston Texans at Tennessee Titans","Texans at Titans","Nissan Stadium","1126","63","1267","184.75","1106","63","2018-04-20T00:00:00","2018-04-20T00:47:30","2018-09-16T20:00:00","normal","https://seatgeek.com/texans-at-titans-tickets/9-16-2018-nashville-tennessee-nissan-stadium/nfl/4346993"
"20","4347054","nfl","Carolina Panthers at Atlanta Falcons","Panthers at Falcons","Mercedes-Benz Stadium","419590","108","1825","278.91","1359","108","2018-04-20T00:00:00","2018-04-20T00:47:42","2018-09-16T21:00:00","normal","https://seatgeek.com/panthers-at-falcons-tickets/9-16-2018-atlanta-georgia-mercedes-benz-stadium/nfl/4347054"
"21","4346944","nfl","Indianapolis Colts at Washington Redskins","Colts at Redskins","FedEx Field","35","86","1276","199.97","2063","86","2018-04-20T00:00:00","2018-04-20T00:47:18","2018-09-16T21:00:00","normal","https://seatgeek.com/colts-at-redskins-tickets/9-16-2018-landover-maryland-fedex-field/nfl/4346944"
"22","4347074","nfl","Kansas City Chiefs at Pittsburgh Steelers","Chiefs at Steelers","Heinz Field","1119","126","1351","324.3","824","126","2018-04-20T00:00:00","2018-04-20T00:47:45","2018-09-16T21:00:00","normal","https://seatgeek.com/chiefs-at-steelers-tickets/9-16-2018-pittsburgh-pennsylvania-heinz-field/nfl/4347074"
"23","4346933","nfl","Philadelphia Eagles at Tampa Bay Buccaneers","Eagles at Buccaneers","Raymond James Stadium","39","138","1268","404.6","1172","138","2018-04-20T00:00:00","2018-04-20T00:47:16","2018-09-16T21:00:00","normal","https://seatgeek.com/eagles-at-buccaneers-tickets/9-16-2018-tampa-florida-raymond-james-stadium/nfl/4346933"
"24","4346915","nfl","Minnesota Vikings at Green Bay Packers","Vikings at Packers","Lambeau Field","1125","200","1949","500.98","1095","200","2018-04-20T00:00:00","2018-04-20T00:47:14","2018-09-16T21:00:00","normal","https://seatgeek.com/vikings-at-packers-tickets/9-16-2018-green-bay-wisconsin-lambeau-field/nfl/4346915"
"25","4346973","nfl","Cleveland Browns at New Orleans Saints","Browns at Saints","Mercedes-Benz Superdome","128","58","1800","197.27","1440","58","2018-04-20T00:00:00","2018-04-20T00:47:25","2018-09-16T21:00:00","normal","https://seatgeek.com/browns-at-saints-tickets/9-16-2018-new-orleans-louisiana-mercedes-benz-superdome/nfl/4346973"
"26","4347064","nfl","Los Angeles Chargers at Buffalo Bills","Chargers at Bills","New Era Field","1135","126","2149","244.57","1053","126","2018-04-20T00:00:00","2018-04-20T00:47:44","2018-09-16T21:00:00","normal","https://seatgeek.com/chargers-at-bills-tickets/9-16-2018-orchard-park-new-york-new-era-field/nfl/4347064"
"27","4346953","nfl","Miami Dolphins at New York Jets","Dolphins at Jets","MetLife Stadium","1587","69","1979","222.16","1691","69","2018-04-20T00:00:00","2018-04-20T00:47:20","2018-09-16T21:00:00","normal","https://seatgeek.com/dolphins-at-jets-tickets/9-16-2018-east-rutherford-new-jersey-metlife-stadium/nfl/4346953"
"28","4346924","nfl","Arizona Cardinals at Los Angeles Rams","Cardinals at Rams","Los Angeles Memorial Coliseum","51012","30","1692","119.58","2711","30","2018-04-20T00:00:00","2018-04-20T00:47:15","2018-09-17T00:05:00","normal","https://seatgeek.com/cardinals-at-rams-tickets/9-16-2018-los-angeles-california-los-angeles-memorial-coliseum-1/nfl/4346924"
"29","4347119","nfl","Detroit Lions at San Francisco 49ers","Lions at 49ers","Levi's Stadium","58670","85","2989","240.45","1342","85","2018-04-20T00:00:00","2018-04-20T00:47:54","2018-09-17T00:05:00","normal","https://seatgeek.com/lions-at-49ers-tickets/9-16-2018-santa-clara-california-levi-s-stadium/nfl/4347119"
"30","4347149","nfl","Oakland Raiders at Denver Broncos","Raiders at Broncos","Sports Authority Field at Mile High","1131","156","1706","421.54","968","156","2018-04-20T00:00:00","2018-04-20T01:04:06","2018-09-17T00:25:00","normal","https://seatgeek.com/raiders-at-broncos-tickets/9-16-2018-denver-colorado-sports-authority-field-at-mile-high/nfl/4347149"
"31","4346951","nfl","New England Patriots at Jacksonville Jaguars","Patriots at Jaguars","TIAA Bank Field","5178","149","1346","335.31","808","149","2018-04-20T00:00:00","2018-04-20T00:47:19","2018-09-17T00:25:00","normal","https://seatgeek.com/patriots-at-jaguars-tickets/9-16-2018-jacksonville-florida-tiaa-bank-field/nfl/4346951"
"32","4327925","nfl","New York Giants at Dallas Cowboys","Giants at Cowboys","AT&T Stadium","4965","47","3000","388.1","2278","47","2018-04-05T00:00:00","2018-04-05T23:08:47","2018-09-17T04:20:00","normal","https://seatgeek.com/giants-at-cowboys-tickets/9-16-2018-arlington-texas-at-t-stadium/nfl/4327925"
"33","4347010","nfl","Seattle Seahawks at Chicago Bears","Seahawks at Bears","Soldier Field","31","153","11645","473.59","944","153","2018-04-20T00:00:00","2018-04-20T00:47:34","2018-09-18T04:15:00","normal","https://seatgeek.com/seahawks-at-bears-tickets/9-17-2018-chicago-illinois-soldier-field/nfl/4347010"
"34","4347000","nfl","New York Jets at Cleveland Browns","Jets at Browns","FirstEnergy Stadium","1123","37","1507","142.55","1739","38","2018-04-20T00:00:00","2018-04-20T00:47:31","2018-09-21T04:20:00","normal","https://seatgeek.com/jets-at-browns-tickets/9-20-2018-cleveland-ohio-firstenergy-stadium-15/nfl/4347000"
"35","4241762","ncaa_football","South Alabama Jaguars at Memphis Tigers Football","South Alabama at Memphis","Liberty Bowl Stadium","2827","23","245","54.64","181","23","2018-01-31T00:00:00","2018-01-31T15:00:53","2018-09-23T04:00:00","normal","https://seatgeek.com/south-alabama-jaguars-at-memphis-tigers-football-tickets/ncaa-football/2018-09-22-7-pm/4241762"
"36","4346963","nfl","Indianapolis Colts at Philadelphia Eagles","Colts at Eagles","Lincoln Financial Field","330","214","1226","392.8","294","214","2018-04-20T00:00:00","2018-04-20T00:47:23","2018-09-23T21:00:00","normal","https://seatgeek.com/colts-at-eagles-tickets/9-23-2018-philadelphia-pennsylvania-lincoln-financial-field/nfl/4346963"
"37","4347088","nfl","Oakland Raiders at Miami Dolphins","Raiders at Dolphins","Hard Rock Stadium","29","63","2636","252.08","2241","63","2018-04-20T00:00:00","2018-04-20T00:47:48","2018-09-23T21:00:00","normal","https://seatgeek.com/raiders-at-dolphins-tickets/9-23-2018-miami-gardens-florida-hard-rock-stadium/nfl/4347088"
"38","4347142","nfl","Buffalo Bills at Minnesota Vikings","Bills at Vikings","U.S. Bank Stadium","218451","99","1667","277.84","1214","99","2018-04-20T00:00:00","2018-04-20T01:04:05","2018-09-23T21:00:00","normal","https://seatgeek.com/bills-at-vikings-tickets/9-23-2018-minneapolis-minnesota-u-s-bank-stadium/nfl/4347142"
"39","4346943","nfl","Green Bay Packers at Washington Redskins","Packers at Redskins","FedEx Field","35","159","1276","361.13","1945","159","2018-04-20T00:00:00","2018-04-20T00:47:18","2018-09-23T21:00:00","normal","https://seatgeek.com/packers-at-redskins-tickets/9-23-2018-landover-maryland-fedex-field/nfl/4346943"
"40","4346985","nfl","San Francisco 49ers at Kansas City Chiefs","49ers at Chiefs","Arrowhead Stadium","1128","88","123594","316.23","1719","88","2018-04-20T00:00:00","2018-04-20T00:47:28","2018-09-23T21:00:00","normal","https://seatgeek.com/49ers-at-chiefs-tickets/9-23-2018-kansas-city-missouri-arrowhead-stadium/nfl/4346985"
"41","4347072","nfl","Denver Broncos at Baltimore Ravens","Broncos at Ravens","M&T Bank Stadium","1121","82","927","238.36","1420","82","2018-04-20T00:00:00","2018-04-20T00:47:45","2018-09-23T21:00:00","normal","https://seatgeek.com/broncos-at-ravens-tickets/9-23-2018-baltimore-maryland-m-t-bank-stadium/nfl/4347072"
"42","4347021","nfl","New York Giants at Houston Texans","Giants at Texans","NRG Stadium","41","100","5735","278.89","1294","100","2018-04-20T00:00:00","2018-04-20T00:47:36","2018-09-23T21:00:00","normal","https://seatgeek.com/giants-at-texans-tickets/9-23-2018-houston-texas-nrg-stadium/nfl/4347021"
"43","4347053","nfl","New Orleans Saints at Atlanta Falcons","Saints at Falcons","Mercedes-Benz Stadium","419590","133","2539","399.21","1078","133","2018-04-20T00:00:00","2018-04-20T00:47:42","2018-09-23T21:00:00","normal","https://seatgeek.com/saints-at-falcons-tickets/9-23-2018-atlanta-georgia-mercedes-benz-stadium/nfl/4347053"
"44","4347045","nfl","Cincinnati Bengals at Carolina Panthers","Bengals at Panthers","Bank of America Stadium","1122","77","5377","235.08","1456","77","2018-04-20T00:00:00","2018-04-20T00:47:41","2018-09-23T21:00:00","normal","https://seatgeek.com/bengals-at-panthers-tickets/9-23-2018-charlotte-north-carolina-bank-of-america-stadium/nfl/4347045"
"45","4346950","nfl","Tennessee Titans at Jacksonville Jaguars","Titans at Jaguars","TIAA Bank Field","5178","46","2558","119.48","1204","46","2018-04-20T00:00:00","2018-04-20T00:47:19","2018-09-23T21:00:00","normal","https://seatgeek.com/titans-at-jaguars-tickets/9-23-2018-jacksonville-florida-tiaa-bank-field/nfl/4346950"
"46","4346923","nfl","Los Angeles Chargers at Los Angeles Rams","Chargers at Rams","Los Angeles Memorial Coliseum","51012","59","2361","160.27","2411","59","2018-04-20T00:00:00","2018-04-20T00:47:14","2018-09-24T00:05:00","normal","https://seatgeek.com/chargers-at-rams-tickets/9-23-2018-los-angeles-california-los-angeles-memorial-coliseum-1/nfl/4346923"
"47","4347129","nfl","Dallas Cowboys at Seattle Seahawks","Cowboys at Seahawks","CenturyLink Field","339","229","2719","767.08","484","229","2018-04-20T00:00:00","2018-04-20T00:47:56","2018-09-24T00:25:00","normal","https://seatgeek.com/cowboys-at-seahawks-tickets/9-23-2018-seattle-washington-centurylink-field/nfl/4347129"
"48","4347104","nfl","Chicago Bears at Arizona Cardinals","Bears at Cardinals","State Farm Stadium","43","77","5735","256.22","1558","77","2018-04-20T00:00:00","2018-04-20T00:47:52","2018-09-24T00:25:00","normal","https://seatgeek.com/bears-at-cardinals-tickets/9-23-2018-glendale-arizona-state-farm-stadium/nfl/4347104"
"49","4347028","nfl","New England Patriots at Detroit Lions","Patriots at Lions","Ford Field","346","135","123594","541.58","1225","135","2018-04-20T00:00:00","2018-04-20T00:47:37","2018-09-24T04:20:00","normal","https://seatgeek.com/patriots-at-lions-tickets/9-23-2018-detroit-michigan-ford-field/nfl/4347028"
"50","4346932","nfl","Pittsburgh Steelers at Tampa Bay Buccaneers","Steelers at Buccaneers","Raymond James Stadium","39","154","1268","412.23","1161","154","2018-04-20T00:00:00","2018-04-20T00:47:16","2018-09-25T04:15:00","normal","https://seatgeek.com/steelers-at-buccaneers-tickets/9-24-2018-tampa-florida-raymond-james-stadium/nfl/4346932"
"51","4346922","nfl","Minnesota Vikings at Los Angeles Rams","Vikings at Rams","Los Angeles Memorial Coliseum","51012","60","3883","210.83","1972","60","2018-04-20T00:00:00","2018-04-20T00:47:14","2018-09-28T04:20:00","normal","https://seatgeek.com/vikings-at-rams-tickets/9-27-2018-los-angeles-california-los-angeles-memorial-coliseum-1/nfl/4346922"
"52","4401810","sports","Arkansas Razorbacks at Kentucky Wildcats Womens Volleyball","Arkansas Razorbacks at Kentucky Wildcats Womens Volleyball","Memorial Coliseum","5102","11","35","31","6",NA,"2018-06-05T00:00:00","2018-06-05T16:00:59","2018-09-29T03:00:00","normal","https://seatgeek.com/arkansas-razorbacks-at-kentucky-wildcats-womens-volleyball-tickets/sport/2018-09-28-7-pm/4401810"
"53","4163969","ncaa_football","Southwest Classic: Arkansas vs Texas A&M","Southwest Classic: Arkansas vs Texas A&M","AT&T Stadium","4965","102","14133","339.21","1974","102","2017-12-05T00:00:00","2017-12-05T15:00:24","2018-09-30T05:00:00","normal","https://seatgeek.com/southwest-classic-arkansas-vs-texas-aandm-tickets/ncaa-football/2018-09-29-3-30-am/4163969"
"54","4281951","ncaa_football","South Alabama Jaguars at Appalachian State Mountaineers Football","South Alabama at Appalachian State","Kidd Brewer Stadium","3723","54","233","95.37","159","60","2018-02-28T00:00:00","2018-02-28T15:00:11","2018-09-29T23:30:00","normal","https://seatgeek.com/south-alabama-jaguars-at-appalachian-state-mountaineers-football-tickets/ncaa-football/2018-09-29-3-30-pm/4281951"
"55","4346992","nfl","Philadelphia Eagles at Tennessee Titans","Eagles at Titans","Nissan Stadium","1126","242","1200","459.23","717","253","2018-04-20T00:00:00","2018-04-20T00:47:30","2018-09-30T20:00:00","normal","https://seatgeek.com/eagles-at-titans-tickets/9-30-2018-nashville-tennessee-nissan-stadium/nfl/4346992"
"56","4346911","nfl","Buffalo Bills at Green Bay Packers","Bills at Packers","Lambeau Field","1125","186","1553","399.84","1034","186","2018-04-20T00:00:00","2018-04-20T00:47:13","2018-09-30T21:00:00","normal","https://seatgeek.com/bills-at-packers-tickets/9-30-2018-green-bay-wisconsin-lambeau-field/nfl/4346911"
"57","4347009","nfl","Tampa Bay Buccaneers at Chicago Bears","Buccaneers at Bears","Soldier Field","31","139","1949","392.36","1067","139","2018-04-20T00:00:00","2018-04-20T00:47:33","2018-09-30T21:00:00","normal","https://seatgeek.com/buccaneers-at-bears-tickets/9-30-2018-chicago-illinois-soldier-field/nfl/4347009"
"58","4346962","nfl","Houston Texans at Indianapolis Colts","Texans at Colts","Lucas Oil Stadium","1130","30","1238","167.57","1919","30","2018-04-20T00:00:00","2018-04-20T00:47:22","2018-09-30T21:00:00","normal","https://seatgeek.com/texans-at-colts-tickets/9-30-2018-indianapolis-indiana-lucas-oil-stadium/nfl/4346962"
"59","4346949","nfl","New York Jets at Jacksonville Jaguars","Jets at Jaguars","TIAA Bank Field","5178","60","1282","132.42","1075","60","2018-04-20T00:00:00","2018-04-20T00:47:19","2018-09-30T21:00:00","normal","https://seatgeek.com/jets-at-jaguars-tickets/9-30-2018-jacksonville-florida-tiaa-bank-field/nfl/4346949"
"60","4347052","nfl","Cincinnati Bengals at Atlanta Falcons","Bengals at Falcons","Mercedes-Benz Stadium","419590","73","11790","264.24","1567","73","2018-04-20T00:00:00","2018-04-20T00:47:42","2018-09-30T21:00:00","normal","https://seatgeek.com/bengals-at-falcons-tickets/9-30-2018-atlanta-georgia-mercedes-benz-stadium/nfl/4347052"
"61","4347092","nfl","Miami Dolphins at New England Patriots","Dolphins at Patriots","Gillette Stadium","33","242","2988","667.94","1398","242","2018-04-20T00:00:00","2018-04-20T00:47:49","2018-09-30T21:00:00","normal","https://seatgeek.com/dolphins-at-patriots-tickets/9-30-2018-foxborough-massachusetts-gillette-stadium/nfl/4347092"
"62","4327924","nfl","Detroit Lions at Dallas Cowboys","Lions at Cowboys","AT&T Stadium","4965",NA,"2097","296.52","2738",NA,"2018-04-05T00:00:00","2018-04-05T23:08:47","2018-09-30T21:00:00","normal","https://seatgeek.com/lions-at-cowboys-tickets/9-30-2018-arlington-texas-at-t-stadium/nfl/4327924"
"63","4347103","nfl","Seattle Seahawks at Arizona Cardinals","Seahawks at Cardinals","State Farm Stadium","43","58","6423","199.33","2177","58","2018-04-20T00:00:00","2018-04-20T00:47:51","2018-10-01T00:05:00","normal","https://seatgeek.com/seahawks-at-cardinals-tickets/9-30-2018-glendale-arizona-state-farm-stadium/nfl/4347103"
"64","4347154","nfl","Cleveland Browns at Oakland Raiders","Browns at Raiders","Oakland-Alameda County Coliseum","14","90","1867","211.19","1124","90","2018-04-20T00:00:00","2018-04-20T01:04:25","2018-10-01T00:05:00","normal","https://seatgeek.com/browns-at-raiders-tickets/9-30-2018-oakland-california-oakland-alameda-county-coliseum/nfl/4347154"
"65","4347112","nfl","San Francisco 49ers at Los Angeles Chargers","49ers at Chargers","StubHub Center","52","211","1202","344.55","502","211","2018-04-20T00:00:00","2018-04-20T00:47:52","2018-10-01T00:25:00","normal","https://seatgeek.com/49ers-at-chargers-tickets/9-30-2018-carson-california-stubhub-center/nfl/4347112"
"66","4346972","nfl","New Orleans Saints at New York Giants","Saints at Giants","MetLife Stadium","1587","134","2946","353.34","1318","134","2018-04-20T00:00:00","2018-04-20T00:47:25","2018-10-01T00:25:00","normal","https://seatgeek.com/saints-at-giants-tickets/9-30-2018-east-rutherford-new-jersey-metlife-stadium/nfl/4346972"
"67","4347080","nfl","Baltimore Ravens at Pittsburgh Steelers","Ravens at Steelers","Heinz Field","1119","102","6452","366.09","1114","102","2018-04-20T00:00:00","2018-04-20T00:47:47","2018-10-01T04:20:00","normal","https://seatgeek.com/ravens-at-steelers-tickets/9-30-2018-pittsburgh-pennsylvania-heinz-field/nfl/4347080"
"68","4347139","nfl","Kansas City Chiefs at Denver Broncos","Chiefs at Broncos","Sports Authority Field at Mile High","1131","138","2273","400.57","999","138","2018-04-20T00:00:00","2018-04-20T01:04:05","2018-10-02T04:15:00","normal","https://seatgeek.com/chiefs-at-broncos-tickets/10-1-2018-denver-colorado-sports-authority-field-at-mile-high/nfl/4347139"
"69","4347096","nfl","Indianapolis Colts at New England Patriots","Colts at Patriots","Gillette Stadium","33","176","3333","562.38","1546","184","2018-04-20T00:00:00","2018-04-20T00:47:50","2018-10-05T04:20:00","normal","https://seatgeek.com/colts-at-patriots-tickets/10-4-2018-foxborough-massachusetts-gillette-stadium/nfl/4347096"
"70","4281989","ncaa_football","South Alabama Jaguars at Georgia Southern Eagles Football","South Alabama at Georgia Southern","Allen E. Paulson Stadium","2352","28","96","46.5","20",NA,"2018-02-28T00:00:00","2018-02-28T15:00:17","2018-10-06T20:00:00","normal","https://seatgeek.com/south-alabama-jaguars-at-georgia-southern-eagles-football-tickets/ncaa-football/2018-10-06-12-pm/4281989"
"71","4347079","nfl","Atlanta Falcons at Pittsburgh Steelers","Falcons at Steelers","Heinz Field","1119","153","6736","435.65","941","153","2018-04-20T00:00:00","2018-04-20T00:47:47","2018-10-07T21:00:00","normal","https://seatgeek.com/falcons-at-steelers-tickets/10-7-2018-pittsburgh-pennsylvania-heinz-field/nfl/4347079"
"72","4347027","nfl","Green Bay Packers at Detroit Lions","Packers at Lions","Ford Field","346","86","13379","335.56","998","86","2018-04-20T00:00:00","2018-04-20T00:47:37","2018-10-07T21:00:00","normal","https://seatgeek.com/packers-at-lions-tickets/10-7-2018-detroit-michigan-ford-field/nfl/4347027"
"73","4347032","nfl","New York Giants at Carolina Panthers","Giants at Panthers","Bank of America Stadium","1122","157","1696","425.79","913","157","2018-04-20T00:00:00","2018-04-20T00:47:38","2018-10-07T21:00:00","normal","https://seatgeek.com/giants-at-panthers-tickets/10-7-2018-charlotte-north-carolina-bank-of-america-stadium/nfl/4347032"
"74","4347011","sports","Denver Broncos at New York Jets","Broncos at Jets","MetLife Stadium","1587","56","1864","189.21","2437","56","2018-04-20T00:00:00","2018-04-20T00:47:34","2018-10-07T21:00:00","normal","https://seatgeek.com/denver-broncos-at-new-york-jets-tickets/sport/2018-10-07-1-pm/4347011"
"75","4347043","nfl","Miami Dolphins at Cincinnati Bengals","Dolphins at Bengals","Paul Brown Stadium","1124","41","1109","137.5","1434","41","2018-04-20T00:00:00","2018-04-20T00:47:40","2018-10-07T21:00:00","normal","https://seatgeek.com/dolphins-at-bengals-tickets/10-7-2018-cincinnati-ohio-paul-brown-stadium/nfl/4347043"
"76","4346999","nfl","Baltimore Ravens at Cleveland Browns","Ravens at Browns","FirstEnergy Stadium","1123","36","1178","153.36","1920","36","2018-04-20T00:00:00","2018-04-20T00:47:31","2018-10-07T21:00:00","normal","https://seatgeek.com/ravens-at-browns-tickets/10-7-2018-cleveland-ohio-firstenergy-stadium-15/nfl/4346999"
"77","4347063","nfl","Tennessee Titans at Buffalo Bills","Titans at Bills","New Era Field","1135","67","6308","173.53","1967","67","2018-04-20T00:00:00","2018-04-20T00:47:44","2018-10-07T21:00:00","normal","https://seatgeek.com/titans-at-bills-tickets/10-7-2018-orchard-park-new-york-new-era-field/nfl/4347063"
"78","4346983","nfl","Jacksonville Jaguars at Kansas City Chiefs","Jaguars at Chiefs","Arrowhead Stadium","1128","43","758","149.92","1907","43","2018-04-20T00:00:00","2018-04-20T00:47:28","2018-10-07T21:00:00","normal","https://seatgeek.com/jaguars-at-chiefs-tickets/10-7-2018-kansas-city-missouri-arrowhead-stadium/nfl/4346983"
"79","4347111","nfl","Oakland Raiders at Los Angeles Chargers","Raiders at Chargers","StubHub Center","52","263","6245","410.07","595","263","2018-04-20T00:00:00","2018-04-20T00:47:52","2018-10-08T00:05:00","normal","https://seatgeek.com/raiders-at-chargers-tickets/10-7-2018-carson-california-stubhub-center/nfl/4347111"
"80","4347115","nfl","Arizona Cardinals at San Francisco 49ers","Cardinals at 49ers","Levi's Stadium","58670","65","3694","235.35","1887","65","2018-04-20T00:00:00","2018-04-20T00:47:53","2018-10-08T00:25:00","normal","https://seatgeek.com/cardinals-at-49ers-tickets/10-7-2018-santa-clara-california-levi-s-stadium/nfl/4347115"
"81","4347128","nfl","Los Angeles Rams at Seattle Seahawks","Rams at Seahawks","CenturyLink Field","339","173","1900","449.9","689","173","2018-04-20T00:00:00","2018-04-20T00:47:56","2018-10-08T00:25:00","normal","https://seatgeek.com/rams-at-seahawks-tickets/10-7-2018-seattle-washington-centurylink-field/nfl/4347128"
"82","4346976","nfl","Minnesota Vikings at Philadelphia Eagles","Vikings at Eagles","Lincoln Financial Field","330","213","1217","441.91","358","213","2018-04-20T00:00:00","2018-04-20T00:47:26","2018-10-08T00:25:00","normal","https://seatgeek.com/vikings-at-eagles-tickets/10-7-2018-philadelphia-pennsylvania-lincoln-financial-field/nfl/4346976"
"83","4347020","nfl","Dallas Cowboys at Houston Texans","Cowboys at Texans","NRG Stadium","41","284","14119","654.74","1502","284","2018-04-20T00:00:00","2018-04-20T00:47:36","2018-10-08T04:20:00","normal","https://seatgeek.com/cowboys-at-texans-tickets/10-7-2018-houston-texas-nrg-stadium/nfl/4347020"
"84","4474093","sports","Baltimore Ravens at A Purple Evening","Baltimore Ravens at A Purple Evening","M&T Bank Stadium","1121","76","569","244.25","12",NA,"2018-08-03T00:00:00","2018-08-03T16:01:06","2018-10-09T00:00:00","normal","https://seatgeek.com/baltimore-ravens-at-a-purple-evening-tickets/sport/2018-10-08-4-pm/4474093"
"85","4346971","nfl","Washington Redskins at New Orleans Saints","Redskins at Saints","Mercedes-Benz Superdome","128","83","5941","247.98","1413","83","2018-04-20T00:00:00","2018-04-20T00:47:25","2018-10-09T04:15:00","normal","https://seatgeek.com/redskins-at-saints-tickets/10-8-2018-new-orleans-louisiana-mercedes-benz-superdome/nfl/4346971"
"86","4346917","nfl","Philadelphia Eagles at New York Giants","Eagles at Giants","MetLife Stadium","1587","145","6022","384.31","1997","145","2018-04-20T00:00:00","2018-04-20T00:47:14","2018-10-12T04:20:00","normal","https://seatgeek.com/eagles-at-giants-tickets/10-11-2018-east-rutherford-new-jersey-metlife-stadium/nfl/4346917"
"87","4192619","ncaa_football","Alabama State Hornets at South Alabama Jaguars Football","Alabama State at South Alabama","Ladd Peebles Stadium","3716","32","124","52.77","17","32","2017-12-21T00:00:00","2017-12-21T15:00:36","2018-10-13T21:00:00","normal","https://seatgeek.com/alabama-state-hornets-at-south-alabama-jaguars-football-tickets/ncaa-football/2018-10-13-12-pm/4192619"
"88","4347051","nfl","Tampa Bay Buccaneers at Atlanta Falcons","Buccaneers at Falcons","Mercedes-Benz Stadium","419590","71","11921","258.68","1782","71","2018-04-20T00:00:00","2018-04-20T00:47:42","2018-10-14T21:00:00","normal","https://seatgeek.com/buccaneers-at-falcons-tickets/10-14-2018-atlanta-georgia-mercedes-benz-stadium/nfl/4347051"
"89","4347042","nfl","Pittsburgh Steelers at Cincinnati Bengals","Steelers at Bengals","Paul Brown Stadium","1124","73","1505","204.05","896","73","2018-04-20T00:00:00","2018-04-20T00:47:40","2018-10-14T21:00:00","normal","https://seatgeek.com/steelers-at-bengals-tickets/10-14-2018-cincinnati-ohio-paul-brown-stadium/nfl/4347042"
"90","4346961","nfl","Indianapolis Colts at New York Jets","Colts at Jets","MetLife Stadium","1587","50","6046","182.66","2357","50","2018-04-20T00:00:00","2018-04-20T00:47:22","2018-10-14T21:00:00","normal","https://seatgeek.com/colts-at-jets-tickets/10-14-2018-east-rutherford-new-jersey-metlife-stadium/nfl/4346961"
"91","4347081","nfl","Chicago Bears at Miami Dolphins","Bears at Dolphins","Hard Rock Stadium","29","94","12155","330.28","1608","94","2018-04-20T00:00:00","2018-04-20T00:47:47","2018-10-14T21:00:00","normal","https://seatgeek.com/bears-at-dolphins-tickets/10-14-2018-miami-gardens-florida-hard-rock-stadium/nfl/4347081"
"92","4347019","nfl","Buffalo Bills at Houston Texans","Bills at Texans","NRG Stadium","41","61","5735","205.34","2030","61","2018-04-20T00:00:00","2018-04-20T00:47:36","2018-10-14T21:00:00","normal","https://seatgeek.com/bills-at-texans-tickets/10-14-2018-houston-texas-nrg-stadium/nfl/4347019"
"93","4346998","nfl","Los Angeles Chargers at Cleveland Browns","Chargers at Browns","FirstEnergy Stadium","1123","31","6158","135.5","2112","32","2018-04-20T00:00:00","2018-04-20T00:47:31","2018-10-14T21:00:00","normal","https://seatgeek.com/chargers-at-browns-tickets/10-14-2018-cleveland-ohio-firstenergy-stadium-15/nfl/4346998"
"94","4347145","nfl","Arizona Cardinals at Minnesota Vikings","Cardinals at Vikings","U.S. Bank Stadium","218451","104","1694","322.98","1195","104","2018-04-20T00:00:00","2018-04-20T01:04:06","2018-10-14T21:00:00","normal","https://seatgeek.com/cardinals-at-vikings-tickets/10-14-2018-minneapolis-minnesota-u-s-bank-stadium/nfl/4347145"
"95","4346942","nfl","Carolina Panthers at Washington Redskins","Panthers at Redskins","FedEx Field","35","97","1276","230.71","2240","97","2018-04-20T00:00:00","2018-04-20T00:47:18","2018-10-14T21:00:00","normal","https://seatgeek.com/panthers-at-redskins-tickets/10-14-2018-landover-maryland-fedex-field/nfl/4346942"
"96","4346991","nfl","Baltimore Ravens at Tennessee Titans","Ravens at Titans","Nissan Stadium","1126","54","722","189.34","1088","54","2018-04-20T00:00:00","2018-04-20T00:47:30","2018-10-14T23:25:00","normal","https://seatgeek.com/ravens-at-titans-tickets/10-14-2018-nashville-tennessee-nissan-stadium/nfl/4346991"
"97","4347138","nfl","Los Angeles Rams at Denver Broncos","Rams at Broncos","Sports Authority Field at Mile High","1131","140","1922","428.6","1314","140","2018-04-20T00:00:00","2018-04-20T01:04:04","2018-10-15T00:05:00","normal","https://seatgeek.com/rams-at-broncos-tickets/10-14-2018-denver-colorado-sports-authority-field-at-mile-high/nfl/4347138"
"98","4327923","nfl","Jacksonville Jaguars at Dallas Cowboys","Jaguars at Cowboys","AT&T Stadium","4965","32","4310","340.12","2607","32","2018-04-05T00:00:00","2018-04-05T23:08:47","2018-10-15T00:25:00","normal","https://seatgeek.com/jaguars-at-cowboys-tickets/10-14-2018-arlington-texas-at-t-stadium/nfl/4327923"
"99","4347095","nfl","Kansas City Chiefs at New England Patriots","Chiefs at Patriots","Gillette Stadium","33","172","2066","636.2","1652","172","2018-04-20T00:00:00","2018-04-20T00:47:50","2018-10-15T04:20:00","normal","https://seatgeek.com/chiefs-at-patriots-tickets/10-14-2018-foxborough-massachusetts-gillette-stadium/nfl/4347095"
"100","4346914","nfl","San Francisco 49ers at Green Bay Packers","49ers at Packers","Lambeau Field","1125","169","1480","370.69","1107","169","2018-04-20T00:00:00","2018-04-20T00:47:13","2018-10-16T04:15:00","normal","https://seatgeek.com/49ers-at-packers-tickets/10-15-2018-green-bay-wisconsin-lambeau-field/nfl/4346914"
"101","4347102","nfl","Denver Broncos at Arizona Cardinals","Broncos at Cardinals","State Farm Stadium","43","60","1601","214.4","1935","60","2018-04-20T00:00:00","2018-04-20T00:47:51","2018-10-19T04:20:00","normal","https://seatgeek.com/broncos-at-cardinals-tickets/10-18-2018-glendale-arizona-state-farm-stadium/nfl/4347102"
"102","4471322","nfl","Little Rock Trojans at Arkansas State Red Wolves Women's Volleyball","Little Rock Trojans at Arkansas State Red Wolves Women's Volleyball","ASU Convocation Center","4081","21","21","21","1",NA,"2018-08-01T00:00:00","2018-08-01T16:01:33","2018-10-21T03:30:00","normal","https://seatgeek.com/little-rock-trojans-at-arkansas-state-red-wolves-womens-volleyball-tickets/10-20-2018-jonesboro-arkansas-asu-convocation-center-1/nfl/4471322"
"103","4347008","nfl","New England Patriots at Chicago Bears","Patriots at Bears","Soldier Field","31","252","3083","693.97","1133","252","2018-04-20T00:00:00","2018-04-20T00:47:33","2018-10-21T21:00:00","normal","https://seatgeek.com/patriots-at-bears-tickets/10-21-2018-chicago-illinois-soldier-field/nfl/4347008"
"104","4346960","nfl","Buffalo Bills at Indianapolis Colts","Bills at Colts","Lucas Oil Stadium","1130","34","6154","173.18","2232","34","2018-04-20T00:00:00","2018-04-20T00:47:22","2018-10-21T21:00:00","normal","https://seatgeek.com/bills-at-colts-tickets/10-21-2018-indianapolis-indiana-lucas-oil-stadium/nfl/4346960"
"105","4346975","nfl","Minnesota Vikings at New York Jets","Vikings at Jets","MetLife Stadium","1587","57","1493","205.69","2240","57","2018-04-20T00:00:00","2018-04-20T00:47:26","2018-10-21T21:00:00","normal","https://seatgeek.com/vikings-at-jets-tickets/10-21-2018-east-rutherford-new-jersey-metlife-stadium/nfl/4346975"
"106","4347084","nfl","Detroit Lions at Miami Dolphins","Lions at Dolphins","Hard Rock Stadium","29","51","6934","251.58","2164","51","2018-04-20T00:00:00","2018-04-20T00:47:47","2018-10-21T21:00:00","normal","https://seatgeek.com/lions-at-dolphins-tickets/10-21-2018-miami-gardens-florida-hard-rock-stadium/nfl/4347084"
"107","4346931","nfl","Cleveland Browns at Tampa Bay Buccaneers","Browns at Buccaneers","Raymond James Stadium","39","83","1268","235.04","1019","83","2018-04-20T00:00:00","2018-04-20T00:47:16","2018-10-21T21:00:00","normal","https://seatgeek.com/browns-at-buccaneers-tickets/10-21-2018-tampa-florida-raymond-james-stadium/nfl/4346931"
"108","4346982","nfl","Cincinnati Bengals at Kansas City Chiefs","Bengals at Chiefs","Arrowhead Stadium","1128","42","11704","170.76","1422","42","2018-04-20T00:00:00","2018-04-20T00:47:27","2018-10-21T21:00:00","normal","https://seatgeek.com/bengals-at-chiefs-tickets/10-21-2018-kansas-city-missouri-arrowhead-stadium/nfl/4346982"
"109","4347036","nfl","Carolina Panthers at Philadelphia Eagles","Panthers at Eagles","Lincoln Financial Field","330","205","3586","421.74","408","205","2018-04-20T00:00:00","2018-04-20T00:47:39","2018-10-21T21:00:00","normal","https://seatgeek.com/panthers-at-eagles-tickets/10-21-2018-philadelphia-pennsylvania-lincoln-financial-field/nfl/4347036"
"110","4346948","nfl","Houston Texans at Jacksonville Jaguars","Texans at Jaguars","TIAA Bank Field","5178","52","2558","141.88","1136","52","2018-04-20T00:00:00","2018-04-20T00:47:19","2018-10-21T21:00:00","normal","https://seatgeek.com/texans-at-jaguars-tickets/10-21-2018-jacksonville-florida-tiaa-bank-field/nfl/4346948"
"111","4347071","nfl","New Orleans Saints at Baltimore Ravens","Saints at Ravens","M&T Bank Stadium","1121","57","822","229.59","2091","57","2018-04-20T00:00:00","2018-04-20T00:47:45","2018-10-22T00:05:00","normal","https://seatgeek.com/saints-at-ravens-tickets/10-21-2018-baltimore-maryland-m-t-bank-stadium/nfl/4347071"
"112","4346941","nfl","Dallas Cowboys at Washington Redskins","Cowboys at Redskins","FedEx Field","35","190","1318","399.48","2113","190","2018-04-20T00:00:00","2018-04-20T00:47:18","2018-10-22T00:25:00","normal","https://seatgeek.com/cowboys-at-redskins-tickets/10-21-2018-landover-maryland-fedex-field/nfl/4346941"
"113","4347118","nfl","Los Angeles Rams at San Francisco 49ers","Rams at 49ers","Levi's Stadium","58670","103","3694","307.88","1784","103","2018-04-20T00:00:00","2018-04-20T00:47:54","2018-10-22T04:20:00","normal","https://seatgeek.com/rams-at-49ers-tickets/10-21-2018-santa-clara-california-levi-s-stadium/nfl/4347118"
"114","4347050","nfl","New York Giants at Atlanta Falcons","Giants at Falcons","Mercedes-Benz Stadium","419590","121","3094","371.75","1468","121","2018-04-20T00:00:00","2018-04-20T00:47:42","2018-10-23T04:15:00","normal","https://seatgeek.com/giants-at-falcons-tickets/10-22-2018-atlanta-georgia-mercedes-benz-stadium/nfl/4347050"
"115","4281985","ncaa_football","Troy Trojans at South Alabama Jaguars Football","Troy at South Alabama","Ladd Peebles Stadium","3716","32","93","49.95","26","32","2018-02-28T00:00:00","2018-02-28T15:00:17","2018-10-24T04:00:00","normal","https://seatgeek.com/troy-trojans-at-south-alabama-jaguars-football-tickets/ncaa-football/2018-10-23-7-pm/4281985"
"116","4347018","nfl","Miami Dolphins at Houston Texans","Dolphins at Texans","NRG Stadium","41","41","5735","197.39","1916","41","2018-04-20T00:00:00","2018-04-20T00:47:36","2018-10-26T04:20:00","normal","https://seatgeek.com/dolphins-at-texans-tickets/10-25-2018-houston-texas-nrg-stadium/nfl/4347018"
"117","4347041","nfl","Tampa Bay Buccaneers at Cincinnati Bengals","Buccaneers at Bengals","Paul Brown Stadium","1124","37","1109","126.48","1682","37","2018-04-20T00:00:00","2018-04-20T00:47:40","2018-10-28T21:00:00","normal","https://seatgeek.com/buccaneers-at-bengals-tickets/10-28-2018-cincinnati-ohio-paul-brown-stadium/nfl/4347041"
"118","4347026","nfl","Seattle Seahawks at Detroit Lions","Seahawks at Lions","Ford Field","346","67","11510","278.62","1087","67","2018-04-20T00:00:00","2018-04-20T00:47:37","2018-10-28T21:00:00","normal","https://seatgeek.com/seahawks-at-lions-tickets/10-28-2018-detroit-michigan-ford-field/nfl/4347026"
"119","4347070","nfl","Baltimore Ravens at Carolina Panthers","Ravens at Panthers","Bank of America Stadium","1122","77","1112","264.04","1586","77","2018-04-20T00:00:00","2018-04-20T00:47:45","2018-10-28T21:00:00","normal","https://seatgeek.com/ravens-at-panthers-tickets/10-28-2018-charlotte-north-carolina-bank-of-america-stadium/nfl/4347070"
"120","4346940","nfl","Washington Redskins at New York Giants","Redskins at Giants","MetLife Stadium","1587","121","2946","334.82","1856","121","2018-04-20T00:00:00","2018-04-20T00:47:17","2018-10-28T21:00:00","normal","https://seatgeek.com/redskins-at-giants-tickets/10-28-2018-east-rutherford-new-jersey-metlife-stadium/nfl/4346940"
"121","4347078","nfl","Cleveland Browns at Pittsburgh Steelers","Browns at Steelers","Heinz Field","1119","110","2456","310.88","1245","110","2018-04-20T00:00:00","2018-04-20T00:47:46","2018-10-28T21:00:00","normal","https://seatgeek.com/browns-at-steelers-tickets/10-28-2018-pittsburgh-pennsylvania-heinz-field/nfl/4347078"
"122","4346981","nfl","Denver Broncos at Kansas City Chiefs","Broncos at Chiefs","Arrowhead Stadium","1128","77","836","244.13","1431","77","2018-04-20T00:00:00","2018-04-20T00:47:27","2018-10-28T21:00:00","normal","https://seatgeek.com/broncos-at-chiefs-tickets/10-28-2018-kansas-city-missouri-arrowhead-stadium/nfl/4346981"
"123","4347007","nfl","New York Jets at Chicago Bears","Jets at Bears","Soldier Field","31","105","1492","378.31","1591","105","2018-04-20T00:00:00","2018-04-20T00:47:33","2018-10-28T21:00:00","normal","https://seatgeek.com/jets-at-bears-tickets/10-28-2018-chicago-illinois-soldier-field/nfl/4347007"
"124","4347153","nfl","Indianapolis Colts at Oakland Raiders","Colts at Raiders","Oakland-Alameda County Coliseum","14","81","1867","224.42","1442","81","2018-04-20T00:00:00","2018-04-20T01:04:25","2018-10-29T00:05:00","normal","https://seatgeek.com/colts-at-raiders-tickets/10-28-2018-oakland-california-oakland-alameda-county-coliseum/nfl/4347153"
"125","4346921","nfl","Green Bay Packers at Los Angeles Rams","Packers at Rams","Los Angeles Memorial Coliseum","51012","240","10993","572.33","1715","240","2018-04-20T00:00:00","2018-04-20T00:47:14","2018-10-29T00:25:00","normal","https://seatgeek.com/packers-at-rams-tickets/10-28-2018-los-angeles-california-los-angeles-memorial-coliseum-1/nfl/4346921"
"126","4347101","nfl","San Francisco 49ers at Arizona Cardinals","49ers at Cardinals","State Farm Stadium","43","44","1322","187.1","2175","44","2018-04-20T00:00:00","2018-04-20T00:47:51","2018-10-29T00:25:00","normal","https://seatgeek.com/49ers-at-cardinals-tickets/10-28-2018-glendale-arizona-state-farm-stadium/nfl/4347101"
"127","4347136","nfl","New Orleans Saints at Minnesota Vikings","Saints at Vikings","U.S. Bank Stadium","218451","117","4120","369.53","1488","117","2018-04-20T00:00:00","2018-04-20T01:04:04","2018-10-29T04:20:00","normal","https://seatgeek.com/saints-at-vikings-tickets/10-28-2018-minneapolis-minnesota-u-s-bank-stadium/nfl/4347136"
"128","4347062","nfl","New England Patriots at Buffalo Bills","Patriots at Bills","New Era Field","1135","121","3004","244.69","2110","121","2018-04-20T00:00:00","2018-04-20T00:47:44","2018-10-30T04:15:00","normal","https://seatgeek.com/patriots-at-bills-tickets/10-29-2018-orchard-park-new-york-new-era-field/nfl/4347062"
"129","4347131","nfl","Oakland Raiders at San Francisco 49ers","Raiders at 49ers","Levi's Stadium","58670","271","4674","610.1","1555","286","2018-04-20T00:00:00","2018-04-20T00:47:57","2018-11-02T04:20:00","normal","https://seatgeek.com/raiders-at-49ers-tickets/11-1-2018-santa-clara-california-levi-s-stadium/nfl/4347131"
"130","4281935","ncaa_football","South Alabama Jaguars at Arkansas State Red Wolves Football","South Alabama at Arkansas State","Centennial Bank Stadium","8896","24","179","46.91","146",NA,"2018-02-28T00:00:00","2018-02-28T15:00:09","2018-11-03T21:00:00","normal","https://seatgeek.com/south-alabama-jaguars-at-arkansas-state-red-wolves-football-tickets/ncaa-football/2018-11-03-12-pm/4281935"
"131","4347083","nfl","New York Jets at Miami Dolphins","Jets at Dolphins","Hard Rock Stadium","29","57","6934","260.36","2140","57","2018-04-20T00:00:00","2018-04-20T00:47:47","2018-11-04T22:00:00","normal","https://seatgeek.com/jets-at-dolphins-tickets/11-4-2018-miami-gardens-florida-hard-rock-stadium/nfl/4347083"
"132","4347140","nfl","Detroit Lions at Minnesota Vikings","Lions at Vikings","U.S. Bank Stadium","218451","102","1964","302.36","1536","102","2018-04-20T00:00:00","2018-04-20T01:04:05","2018-11-04T22:00:00","normal","https://seatgeek.com/lions-at-vikings-tickets/11-4-2018-minneapolis-minnesota-u-s-bank-stadium/nfl/4347140"
"133","4346997","nfl","Kansas City Chiefs at Cleveland Browns","Chiefs at Browns","FirstEnergy Stadium","1123","32","11968","133.31","2449","32","2018-04-20T00:00:00","2018-04-20T00:47:31","2018-11-04T22:00:00","normal","https://seatgeek.com/chiefs-at-browns-tickets/11-4-2018-cleveland-ohio-firstenergy-stadium-15/nfl/4346997"
"134","4347069","nfl","Pittsburgh Steelers at Baltimore Ravens","Steelers at Ravens","M&T Bank Stadium","1121","121","1053","332.27","1789","121","2018-04-20T00:00:00","2018-04-20T00:47:45","2018-11-04T22:00:00","normal","https://seatgeek.com/steelers-at-ravens-tickets/11-4-2018-baltimore-maryland-m-t-bank-stadium/nfl/4347069"
"135","4346937","nfl","Atlanta Falcons at Washington Redskins","Falcons at Redskins","FedEx Field","35","83","1276","228.4","1977","83","2018-04-20T00:00:00","2018-04-20T00:47:17","2018-11-04T22:00:00","normal","https://seatgeek.com/falcons-at-redskins-tickets/11-4-2018-landover-maryland-fedex-field/nfl/4346937"
"136","4347033","nfl","Tampa Bay Buccaneers at Carolina Panthers","Buccaneers at Panthers","Bank of America Stadium","1122","67","5377","235.48","1699","67","2018-04-20T00:00:00","2018-04-20T00:47:38","2018-11-04T22:00:00","normal","https://seatgeek.com/buccaneers-at-panthers-tickets/11-4-2018-charlotte-north-carolina-bank-of-america-stadium/nfl/4347033"
"137","4347061","nfl","Chicago Bears at Buffalo Bills","Bears at Bills","New Era Field","1135","54","1197","155.17","2519","54","2018-04-20T00:00:00","2018-04-20T00:47:43","2018-11-04T22:00:00","normal","https://seatgeek.com/bears-at-bills-tickets/11-4-2018-orchard-park-new-york-new-era-field/nfl/4347061"
"138","4347127","nfl","Los Angeles Chargers at Seattle Seahawks","Chargers at Seahawks","CenturyLink Field","339","127","1351","369.26","1214","127","2018-04-20T00:00:00","2018-04-20T00:47:56","2018-11-05T01:05:00","normal","https://seatgeek.com/chargers-at-seahawks-tickets/11-4-2018-seattle-washington-centurylink-field/nfl/4347127"
"139","4347141","nfl","Houston Texans at Denver Broncos","Texans at Broncos","Sports Authority Field at Mile High","1131","112","123594","475.4","1396","112","2018-04-20T00:00:00","2018-04-20T01:04:05","2018-11-05T01:05:00","normal","https://seatgeek.com/texans-at-broncos-tickets/11-4-2018-denver-colorado-sports-authority-field-at-mile-high/nfl/4347141"
"140","4346970","nfl","Los Angeles Rams at New Orleans Saints","Rams at Saints","Mercedes-Benz Superdome","128","71","5941","243.79","1377","71","2018-04-20T00:00:00","2018-04-20T00:47:25","2018-11-05T01:25:00","normal","https://seatgeek.com/rams-at-saints-tickets/11-4-2018-new-orleans-louisiana-mercedes-benz-superdome/nfl/4346970"
"141","4494650","concert","Alex G","Alex G","Thalia Hall","60271","59","562","127.23","22",NA,"2018-08-23T00:00:00","2018-08-23T19:51:10","2018-11-05T05:00:00","normal","https://seatgeek.com/alex-g-tickets/chicago-illinois-thalia-hall-2018-11-04-7-pm/concert/4494650"
"142","4347089","nfl","Green Bay Packers at New England Patriots","Packers at Patriots","Gillette Stadium","33","458","14119","1141.12","1245","458","2018-04-20T00:00:00","2018-04-20T00:47:49","2018-11-05T05:20:00","normal","https://seatgeek.com/packers-at-patriots-tickets/11-4-2018-foxborough-massachusetts-gillette-stadium/nfl/4347089"
"143","4327922","nfl","Tennessee Titans at Dallas Cowboys","Titans at Cowboys","AT&T Stadium","4965","28","6036","293.39","3592","28","2018-04-05T00:00:00","2018-04-05T23:08:47","2018-11-06T05:15:00","normal","https://seatgeek.com/titans-at-cowboys-tickets/11-5-2018-arlington-texas-at-t-stadium/nfl/4327922"
"144","4347075","nfl","Carolina Panthers at Pittsburgh Steelers","Panthers at Steelers","Heinz Field","1119","91","2422","258.88","1705","91","2018-04-20T00:00:00","2018-04-20T00:47:46","2018-11-09T05:20:00","normal","https://seatgeek.com/panthers-at-steelers-tickets/11-8-2018-pittsburgh-pennsylvania-heinz-field/nfl/4347075"
"145","4346990","nfl","New England Patriots at Tennessee Titans","Patriots at Titans","Nissan Stadium","1126","267","12607","628.11","863","277","2018-04-20T00:00:00","2018-04-20T00:47:30","2018-11-11T21:00:00","normal","https://seatgeek.com/patriots-at-titans-tickets/11-11-2018-nashville-tennessee-nissan-stadium/nfl/4346990"
"146","4346980","nfl","Arizona Cardinals at Kansas City Chiefs","Cardinals at Chiefs","Arrowhead Stadium","1128","41","1047","160.7","1255","41","2018-04-20T00:00:00","2018-04-20T00:47:27","2018-11-11T22:00:00","normal","https://seatgeek.com/cardinals-at-chiefs-tickets/11-11-2018-kansas-city-missouri-arrowhead-stadium/nfl/4346980"
"147","4347006","nfl","Detroit Lions at Chicago Bears","Lions at Bears","Soldier Field","31","104","1969","356.23","1760","104","2018-04-20T00:00:00","2018-04-20T00:47:32","2018-11-11T22:00:00","normal","https://seatgeek.com/lions-at-bears-tickets/11-11-2018-chicago-illinois-soldier-field/nfl/4347006"
"148","4347040","nfl","New Orleans Saints at Cincinnati Bengals","Saints at Bengals","Paul Brown Stadium","1124","51","1109","148.68","1515","51","2018-04-20T00:00:00","2018-04-20T00:47:40","2018-11-11T22:00:00","normal","https://seatgeek.com/saints-at-bengals-tickets/11-11-2018-cincinnati-ohio-paul-brown-stadium/nfl/4347040"
"149","4346958","nfl","Jacksonville Jaguars at Indianapolis Colts","Jaguars at Colts","Lucas Oil Stadium","1130","33","6154","169.08","2424","33","2018-04-20T00:00:00","2018-04-20T00:47:22","2018-11-11T22:00:00","normal","https://seatgeek.com/jaguars-at-colts-tickets/11-11-2018-indianapolis-indiana-lucas-oil-stadium/nfl/4346958"
"150","4346930","nfl","Washington Redskins at Tampa Bay Buccaneers","Redskins at Buccaneers","Raymond James Stadium","39","75","1268","240.05","1081","75","2018-04-20T00:00:00","2018-04-20T00:47:16","2018-11-11T22:00:00","normal","https://seatgeek.com/redskins-at-buccaneers-tickets/11-11-2018-tampa-florida-raymond-james-stadium/nfl/4346930"
"151","4347060","nfl","Buffalo Bills at New York Jets","Bills at Jets","MetLife Stadium","1587","36","6022","176.67","2702","36","2018-04-20T00:00:00","2018-04-20T00:47:43","2018-11-11T22:00:00","normal","https://seatgeek.com/bills-at-jets-tickets/11-11-2018-east-rutherford-new-jersey-metlife-stadium/nfl/4347060"
"152","4346996","nfl","Atlanta Falcons at Cleveland Browns","Falcons at Browns","FirstEnergy Stadium","1123","31","1176","129.66","2548","33","2018-04-20T00:00:00","2018-04-20T00:47:31","2018-11-11T22:00:00","normal","https://seatgeek.com/falcons-at-browns-tickets/11-11-2018-cleveland-ohio-firstenergy-stadium-15/nfl/4346996"
"153","4346912","nfl","Miami Dolphins at Green Bay Packers","Dolphins at Packers","Lambeau Field","1125","193","1861","412.2","1183","193","2018-04-20T00:00:00","2018-04-20T00:47:13","2018-11-11T22:00:00","normal","https://seatgeek.com/dolphins-at-packers-tickets/11-11-2018-green-bay-wisconsin-lambeau-field/nfl/4346912"
"154","4347130","nfl","Los Angeles Chargers at Oakland Raiders","Chargers at Raiders","Oakland-Alameda County Coliseum","14","96","1268","242.56","1383","96","2018-04-20T00:00:00","2018-04-20T00:47:56","2018-11-12T01:05:00","normal","https://seatgeek.com/chargers-at-raiders-tickets/11-11-2018-oakland-california-oakland-alameda-county-coliseum/nfl/4347130"
"155","4346920","nfl","Seattle Seahawks at Los Angeles Rams","Seahawks at Rams","Los Angeles Memorial Coliseum","51012","56","2783","192.48","2454","56","2018-04-20T00:00:00","2018-04-20T00:47:14","2018-11-12T01:25:00","normal","https://seatgeek.com/seahawks-at-rams-tickets/11-11-2018-los-angeles-california-los-angeles-memorial-coliseum-1/nfl/4346920"
"156","4500554","concert","Alex G with Half Waif","Alex G with Half Waif","Crowbar","3160","45","562","180.64","11",NA,"2018-08-23T00:00:00","2018-08-23T20:13:51","2018-11-12T04:00:00","normal","https://seatgeek.com/alex-g-with-half-waif-tickets/tampa-florida-crowbar-2-2018-11-11-7-pm/concert/4500554"
"157","4347031","nfl","Dallas Cowboys at Philadelphia Eagles","Cowboys at Eagles","Lincoln Financial Field","330","232","7171","497.85","448","232","2018-04-20T00:00:00","2018-04-20T00:47:38","2018-11-12T05:20:00","normal","https://seatgeek.com/cowboys-at-eagles-tickets/11-11-2018-philadelphia-pennsylvania-lincoln-financial-field/nfl/4347031"
"158","4347117","nfl","New York Giants at San Francisco 49ers","Giants at 49ers","Levi's Stadium","58670","79","3694","273.21","1988","79","2018-04-20T00:00:00","2018-04-20T00:47:54","2018-11-13T05:15:00","normal","https://seatgeek.com/giants-at-49ers-tickets/11-12-2018-santa-clara-california-levi-s-stadium/nfl/4347117"
"159","4347126","nfl","Green Bay Packers at Seattle Seahawks","Packers at Seahawks","CenturyLink Field","339","266","2533","662.2","924","266","2018-04-20T00:00:00","2018-04-20T00:47:56","2018-11-16T05:20:00","normal","https://seatgeek.com/packers-at-seahawks-tickets/11-15-2018-seattle-washington-centurylink-field/nfl/4347126"
"160","4281956","ncaa_football","South Alabama Jaguars at Louisiana Ragin Cajuns Football","South Alabama at Louisiana","Cajun Field","2796","54","84","65.31","162","54","2018-02-28T00:00:00","2018-02-28T15:00:12","2018-11-17T22:00:00","normal","https://seatgeek.com/south-alabama-jaguars-at-louisiana-ragin-cajuns-football-tickets/ncaa-football/2018-11-17-12-pm/4281956"
"161","4347068","nfl","Cincinnati Bengals at Baltimore Ravens","Bengals at Ravens","M&T Bank Stadium","1121","43","833","190.32","2675","43","2018-04-20T00:00:00","2018-04-20T00:47:45","2018-11-18T22:00:00","normal","https://seatgeek.com/bengals-at-ravens-tickets/11-18-2018-baltimore-maryland-m-t-bank-stadium/nfl/4347068"
"162","4347005","nfl","Minnesota Vikings at Chicago Bears","Vikings at Bears","Soldier Field","31","98","1969","378.84","1873","98","2018-04-20T00:00:00","2018-04-20T00:47:32","2018-11-18T22:00:00","normal","https://seatgeek.com/vikings-at-bears-tickets/11-18-2018-chicago-illinois-soldier-field/nfl/4347005"
"163","4347049","nfl","Dallas Cowboys at Atlanta Falcons","Cowboys at Falcons","Mercedes-Benz Stadium","419590","213","2946","534.64","1608","213","2018-04-20T00:00:00","2018-04-20T00:47:41","2018-11-18T22:00:00","normal","https://seatgeek.com/cowboys-at-falcons-tickets/11-18-2018-atlanta-georgia-mercedes-benz-stadium/nfl/4347049"
"164","4346969","nfl","Philadelphia Eagles at New Orleans Saints","Eagles at Saints","Mercedes-Benz Superdome","128","160","123594","488.57","1309","160","2018-04-20T00:00:00","2018-04-20T00:47:25","2018-11-18T22:00:00","normal","https://seatgeek.com/eagles-at-saints-tickets/11-18-2018-new-orleans-louisiana-mercedes-benz-superdome/nfl/4346969"
"165","4347025","nfl","Carolina Panthers at Detroit Lions","Panthers at Lions","Ford Field","346","67","11426","260.42","1276","67","2018-04-20T00:00:00","2018-04-20T00:47:37","2018-11-18T22:00:00","normal","https://seatgeek.com/panthers-at-lions-tickets/11-18-2018-detroit-michigan-ford-field/nfl/4347025"
"166","4346957","nfl","Tennessee Titans at Indianapolis Colts","Titans at Colts","Lucas Oil Stadium","1130","31","6154","171.48","2559","38","2018-04-20T00:00:00","2018-04-20T00:47:22","2018-11-18T22:00:00","normal","https://seatgeek.com/titans-at-colts-tickets/11-18-2018-indianapolis-indiana-lucas-oil-stadium/nfl/4346957"
"167","4346929","nfl","Tampa Bay Buccaneers at New York Giants","Buccaneers at Giants","MetLife Stadium","1587","94","6022","278.99","2398","94","2018-04-20T00:00:00","2018-04-20T00:47:16","2018-11-18T22:00:00","normal","https://seatgeek.com/buccaneers-at-giants-tickets/11-18-2018-east-rutherford-new-jersey-metlife-stadium/nfl/4346929"
"168","4346939","nfl","Houston Texans at Washington Redskins","Texans at Redskins","FedEx Field","35","80","1276","210.72","2135","80","2018-04-20T00:00:00","2018-04-20T00:47:17","2018-11-18T22:00:00","normal","https://seatgeek.com/texans-at-redskins-tickets/11-18-2018-landover-maryland-fedex-field/nfl/4346939"
"169","4347100","nfl","Oakland Raiders at Arizona Cardinals","Raiders at Cardinals","State Farm Stadium","43","101","1360","318.4","1572","101","2018-04-20T00:00:00","2018-04-20T00:47:51","2018-11-19T01:05:00","normal","https://seatgeek.com/raiders-at-cardinals-tickets/11-18-2018-glendale-arizona-state-farm-stadium/nfl/4347100"
"170","4347110","nfl","Denver Broncos at Los Angeles Chargers","Broncos at Chargers","StubHub Center","52","163","4606","318.66","796","163","2018-04-20T00:00:00","2018-04-20T00:47:52","2018-11-19T01:05:00","normal","https://seatgeek.com/broncos-at-chargers-tickets/11-18-2018-carson-california-stubhub-center/nfl/4347110"
"171","4346947","nfl","Pittsburgh Steelers at Jacksonville Jaguars","Steelers at Jaguars","TIAA Bank Field","5178","151","2558","365.32","1074","151","2018-04-20T00:00:00","2018-04-20T00:47:19","2018-11-19T05:20:00","normal","https://seatgeek.com/steelers-at-jaguars-tickets/11-18-2018-jacksonville-florida-tiaa-bank-field/nfl/4346947"
"172","4347137","nfl","Kansas City Chiefs at Los Angeles Rams","Chiefs at Rams","Estadio Azteca","41952","152","1052","416.46","253","152","2018-04-20T00:00:00","2018-04-20T01:04:04","2018-11-20T05:15:00","normal","https://seatgeek.com/chiefs-at-rams-tickets/11-19-2018-mexico-city-mexico-estadio-azteca-2/nfl/4347137"
"173","4347024","nfl","Chicago Bears at Detroit Lions","Bears at Lions","Ford Field","346","98","2571","288.74","1167","98","2018-04-20T00:00:00","2018-04-20T00:47:36","2018-11-22T21:30:00","normal","https://seatgeek.com/bears-at-lions-tickets/11-22-2018-detroit-michigan-ford-field/nfl/4347024"
"174","4327921","nfl","Washington Redskins at Dallas Cowboys","Redskins at Cowboys","AT&T Stadium","4965","36","3000","436.82","1037","36","2018-04-05T00:00:00","2018-04-05T23:08:47","2018-11-23T01:30:00","normal","https://seatgeek.com/redskins-at-cowboys-tickets/11-22-2018-arlington-texas-at-t-stadium/nfl/4327921"
"175","4346968","nfl","Atlanta Falcons at New Orleans Saints","Falcons at Saints","Mercedes-Benz Superdome","128","120","4200","328.2","1294","120","2018-04-20T00:00:00","2018-04-20T00:47:24","2018-11-23T05:20:00","normal","https://seatgeek.com/falcons-at-saints-tickets/11-22-2018-new-orleans-louisiana-mercedes-benz-superdome/nfl/4346968"
"176","4281983","ncaa_football","Coastal Carolina Chanticleers at South Alabama Jaguars Football","Coastal Carolina at South Alabama","Ladd Peebles Stadium","3716",NA,NA,NA,NA,NA,"2018-02-28T00:00:00","2018-02-28T15:00:16","2018-11-23T22:00:00","normal","https://seatgeek.com/coastal-carolina-chanticleers-at-south-alabama-jaguars-football-tickets/ncaa-football/2018-11-23-12-pm/4281983"
"177","4347039","nfl","Cleveland Browns at Cincinnati Bengals","Browns at Bengals","Paul Brown Stadium","1124","50","1109","137.16","1666","50","2018-04-20T00:00:00","2018-04-20T00:47:39","2018-11-25T22:00:00","normal","https://seatgeek.com/browns-at-bengals-tickets/11-25-2018-cincinnati-ohio-paul-brown-stadium/nfl/4347039"
"178","4346918","nfl","New York Giants at Philadelphia Eagles","Giants at Eagles","Lincoln Financial Field","330","212","1239","412.77","404","212","2018-04-20T00:00:00","2018-04-20T00:47:14","2018-11-25T22:00:00","normal","https://seatgeek.com/giants-at-eagles-tickets/11-25-2018-philadelphia-pennsylvania-lincoln-financial-field/nfl/4346918"
"179","4347058","nfl","Jacksonville Jaguars at Buffalo Bills","Jaguars at Bills","New Era Field","1135","36","1275","122.05","3120","36","2018-04-20T00:00:00","2018-04-20T00:47:43","2018-11-25T22:00:00","normal","https://seatgeek.com/jaguars-at-bills-tickets/11-25-2018-orchard-park-new-york-new-era-field/nfl/4347058"
"180","4347098","nfl","New England Patriots at New York Jets","Patriots at Jets","MetLife Stadium","1587","96","1864","292.07","2530","96","2018-04-20T00:00:00","2018-04-20T00:47:50","2018-11-25T22:00:00","normal","https://seatgeek.com/patriots-at-jets-tickets/11-25-2018-east-rutherford-new-jersey-metlife-stadium/nfl/4347098"
"181","4347125","nfl","Seattle Seahawks at Carolina Panthers","Seahawks at Panthers","Bank of America Stadium","1122","80","5377","287.52","1990","80","2018-04-20T00:00:00","2018-04-20T00:47:55","2018-11-25T22:00:00","normal","https://seatgeek.com/seahawks-at-panthers-tickets/11-25-2018-charlotte-north-carolina-bank-of-america-stadium/nfl/4347125"
"182","4347067","nfl","Oakland Raiders at Baltimore Ravens","Raiders at Ravens","M&T Bank Stadium","1121","68","1013","241.54","2387","68","2018-04-20T00:00:00","2018-04-20T00:47:44","2018-11-25T22:00:00","normal","https://seatgeek.com/raiders-at-ravens-tickets/11-25-2018-baltimore-maryland-m-t-bank-stadium/nfl/4347067"
"183","4346928","nfl","San Francisco 49ers at Tampa Bay Buccaneers","49ers at Buccaneers","Raymond James Stadium","39","73","1268","251.66","1352","73","2018-04-20T00:00:00","2018-04-20T00:47:15","2018-11-25T22:00:00","normal","https://seatgeek.com/49ers-at-buccaneers-tickets/11-25-2018-tampa-florida-raymond-james-stadium/nfl/4346928"
"184","4346956","nfl","Miami Dolphins at Indianapolis Colts","Dolphins at Colts","Lucas Oil Stadium","1130","35","6154","175.42","2350","35","2018-04-20T00:00:00","2018-04-20T00:47:21","2018-11-25T22:00:00","normal","https://seatgeek.com/dolphins-at-colts-tickets/11-25-2018-indianapolis-indiana-lucas-oil-stadium/nfl/4346956"
"185","4347109","nfl","Arizona Cardinals at Los Angeles Chargers","Cardinals at Chargers","StubHub Center","52","99","4732","232.95","1059","99","2018-04-20T00:00:00","2018-04-20T00:47:52","2018-11-26T01:05:00","normal","https://seatgeek.com/cardinals-at-chargers-tickets/11-25-2018-carson-california-stubhub-center/nfl/4347109"
"186","4347143","nfl","Pittsburgh Steelers at Denver Broncos","Steelers at Broncos","Sports Authority Field at Mile High","1131","164","4940","550.94","1675","164","2018-04-20T00:00:00","2018-04-20T01:04:05","2018-11-26T01:25:00","normal","https://seatgeek.com/steelers-at-broncos-tickets/11-25-2018-denver-colorado-sports-authority-field-at-mile-high/nfl/4347143"
"187","4347133","nfl","Green Bay Packers at Minnesota Vikings","Packers at Vikings","U.S. Bank Stadium","218451","200","3606","488.94","1628","214","2018-04-20T00:00:00","2018-04-20T01:04:04","2018-11-26T05:20:00","normal","https://seatgeek.com/packers-at-vikings-tickets/11-25-2018-minneapolis-minnesota-u-s-bank-stadium/nfl/4347133"
"188","4347017","nfl","Tennessee Titans at Houston Texans","Titans at Texans","NRG Stadium","41","44","5735","203.26","2228","44","2018-04-20T00:00:00","2018-04-20T00:47:36","2018-11-27T05:15:00","normal","https://seatgeek.com/titans-at-texans-tickets/11-26-2018-houston-texas-nrg-stadium/nfl/4347017"
"189","4327920","nfl","New Orleans Saints at Dallas Cowboys","Saints at Cowboys","AT&T Stadium","4965","49","3000","434.65","925","49","2018-04-05T00:00:00","2018-04-05T23:08:47","2018-11-30T05:20:00","normal","https://seatgeek.com/saints-at-cowboys-tickets/11-29-2018-arlington-texas-at-t-stadium/nfl/4327920"
"190","4347023","nfl","Los Angeles Rams at Detroit Lions","Rams at Lions","Ford Field","346","67","11429","256.24","1244","67","2018-04-20T00:00:00","2018-04-20T00:47:36","2018-12-02T22:00:00","normal","https://seatgeek.com/rams-at-lions-tickets/12-2-2018-detroit-michigan-ford-field/nfl/4347023"
"191","4347087","nfl","Buffalo Bills at Miami Dolphins","Bills at Dolphins","Hard Rock Stadium","29","46","2373","237.86","2168","46","2018-04-20T00:00:00","2018-04-20T00:47:48","2018-12-02T22:00:00","normal","https://seatgeek.com/bills-at-dolphins-tickets/12-2-2018-miami-gardens-florida-hard-rock-stadium/nfl/4347087"
"192","4346927","nfl","Carolina Panthers at Tampa Bay Buccaneers","Panthers at Buccaneers","Raymond James Stadium","39","59","1268","221.3","1178","59","2018-04-20T00:00:00","2018-04-20T00:47:15","2018-12-02T22:00:00","normal","https://seatgeek.com/panthers-at-buccaneers-tickets/12-2-2018-tampa-florida-raymond-james-stadium/nfl/4346927"
"193","4346909","nfl","Arizona Cardinals at Green Bay Packers","Cardinals at Packers","Lambeau Field","1125","145","23325","313.76","2952","145","2018-04-20T00:00:00","2018-04-20T00:47:13","2018-12-02T22:00:00","normal","https://seatgeek.com/cardinals-at-packers-tickets/12-2-2018-green-bay-wisconsin-lambeau-field/nfl/4346909"
"194","4347108","nfl","Los Angeles Chargers at Pittsburgh Steelers","Chargers at Steelers","Heinz Field","1119","92","2368","252.31","1960","92","2018-04-20T00:00:00","2018-04-20T00:47:52","2018-12-02T22:00:00","normal","https://seatgeek.com/chargers-at-steelers-tickets/12-2-2018-pittsburgh-pennsylvania-heinz-field/nfl/4347108"
"195","4346946","nfl","Indianapolis Colts at Jacksonville Jaguars","Colts at Jaguars","TIAA Bank Field","5178","54","5568","149.88","1233","54","2018-04-20T00:00:00","2018-04-20T00:47:19","2018-12-02T22:00:00","normal","https://seatgeek.com/colts-at-jaguars-tickets/12-2-2018-jacksonville-florida-tiaa-bank-field/nfl/4346946"
"196","4347038","nfl","Denver Broncos at Cincinnati Bengals","Broncos at Bengals","Paul Brown Stadium","1124","49","1505","143.98","1628","49","2018-04-20T00:00:00","2018-04-20T00:47:39","2018-12-02T22:00:00","normal","https://seatgeek.com/broncos-at-bengals-tickets/12-2-2018-cincinnati-ohio-paul-brown-stadium/nfl/4347038"
"197","4347048","nfl","Baltimore Ravens at Atlanta Falcons","Ravens at Falcons","Mercedes-Benz Stadium","419590","68","11790","273.58","1792","68","2018-04-20T00:00:00","2018-04-20T00:47:41","2018-12-02T22:00:00","normal","https://seatgeek.com/ravens-at-falcons-tickets/12-2-2018-atlanta-georgia-mercedes-benz-stadium/nfl/4347048"
"198","4347004","nfl","Chicago Bears at New York Giants","Bears at Giants","MetLife Stadium","1587","94","11353","296.58","2636","94","2018-04-20T00:00:00","2018-04-20T00:47:32","2018-12-02T22:00:00","normal","https://seatgeek.com/bears-at-giants-tickets/12-2-2018-east-rutherford-new-jersey-metlife-stadium/nfl/4347004"
"199","4347156","nfl","Cleveland Browns at Houston Texans","Browns at Texans","NRG Stadium","41","43","5735","186.84","2011","43","2018-04-20T00:00:00","2018-04-20T03:52:35","2018-12-02T22:00:00","normal","https://seatgeek.com/browns-at-texans-tickets/12-2-2018-houston-texas-nrg-stadium/nfl/4347156"
"200","4346989","nfl","New York Jets at Tennessee Titans","Jets at Titans","Nissan Stadium","1126","41","1197","159.29","1468","41","2018-04-20T00:00:00","2018-04-20T00:47:29","2018-12-03T00:05:00","normal","https://seatgeek.com/jets-at-titans-tickets/12-2-2018-nashville-tennessee-nissan-stadium/nfl/4346989"
"201","4347152","nfl","Kansas City Chiefs at Oakland Raiders","Chiefs at Raiders","Oakland-Alameda County Coliseum","14","89","1867","251.09","1552","89","2018-04-20T00:00:00","2018-04-20T01:04:24","2018-12-03T01:05:00","normal","https://seatgeek.com/chiefs-at-raiders-tickets/12-2-2018-oakland-california-oakland-alameda-county-coliseum/nfl/4347152"
"202","4347094","nfl","Minnesota Vikings at New England Patriots","Vikings at Patriots","Gillette Stadium","33","262","6853","779.94","1447","262","2018-04-20T00:00:00","2018-04-20T00:47:50","2018-12-03T01:25:00","normal","https://seatgeek.com/vikings-at-patriots-tickets/12-2-2018-foxborough-massachusetts-gillette-stadium/nfl/4347094"
"203","4347124","nfl","San Francisco 49ers at Seattle Seahawks","49ers at Seahawks","CenturyLink Field","339","164","2604","464.67","1420","164","2018-04-20T00:00:00","2018-04-20T00:47:55","2018-12-03T05:20:00","normal","https://seatgeek.com/49ers-at-seahawks-tickets/12-2-2018-seattle-washington-centurylink-field/nfl/4347124"
"204","4346936","nfl","Washington Redskins at Philadelphia Eagles","Redskins at Eagles","Lincoln Financial Field","330","140","1217","326.55","570","140","2018-04-20T00:00:00","2018-04-20T00:47:17","2018-12-04T05:15:00","normal","https://seatgeek.com/redskins-at-eagles-tickets/12-3-2018-philadelphia-pennsylvania-lincoln-financial-field/nfl/4346936"
"205","4346987","nfl","Jacksonville Jaguars at Tennessee Titans","Jaguars at Titans","Nissan Stadium","1126","37","8442","197.49","1337","37","2018-04-20T00:00:00","2018-04-20T00:47:29","2018-12-07T04:20:00","normal","https://seatgeek.com/jaguars-at-titans-tickets/12-6-2018-nashville-tennessee-nissan-stadium/nfl/4346987"
"206","4346926","nfl","New Orleans Saints at Tampa Bay Buccaneers","Saints at Buccaneers","Raymond James Stadium","39","64","1268","247.07","906","64","2018-04-20T00:00:00","2018-04-20T00:47:15","2018-12-09T22:00:00","normal","https://seatgeek.com/saints-at-buccaneers-tickets/12-9-2018-tampa-florida-raymond-james-stadium/nfl/4346926"
"207","4346995","nfl","Carolina Panthers at Cleveland Browns","Panthers at Browns","FirstEnergy Stadium","1123","29","1171","119.76","2435","29","2018-04-20T00:00:00","2018-04-20T00:47:31","2018-12-09T22:00:00","normal","https://seatgeek.com/panthers-at-browns-tickets/12-9-2018-cleveland-ohio-firstenergy-stadium-15/nfl/4346995"
"208","4347003","nfl","Los Angeles Rams at Chicago Bears","Rams at Bears","Soldier Field","31","83","2225","332.43","1840","83","2018-04-20T00:00:00","2018-04-20T00:47:32","2018-12-09T22:00:00","normal","https://seatgeek.com/rams-at-bears-tickets/12-9-2018-chicago-illinois-soldier-field/nfl/4347003"
"209","4347086","nfl","New England Patriots at Miami Dolphins","Patriots at Dolphins","Hard Rock Stadium","29","163","6934","495.81","1534","163","2018-04-20T00:00:00","2018-04-20T00:47:48","2018-12-09T22:00:00","normal","https://seatgeek.com/patriots-at-dolphins-tickets/12-9-2018-miami-gardens-florida-hard-rock-stadium/nfl/4347086"
"210","4346979","nfl","Baltimore Ravens at Kansas City Chiefs","Ravens at Chiefs","Arrowhead Stadium","1128","37","1030","160.77","1461","37","2018-04-20T00:00:00","2018-04-20T00:47:27","2018-12-09T22:00:00","normal","https://seatgeek.com/ravens-at-chiefs-tickets/12-9-2018-kansas-city-missouri-arrowhead-stadium/nfl/4346979"
"211","4347014","nfl","Indianapolis Colts at Houston Texans","Colts at Texans","NRG Stadium","41","45","5390","198.3","1752","45","2018-04-20T00:00:00","2018-04-20T00:47:35","2018-12-09T22:00:00","normal","https://seatgeek.com/colts-at-texans-tickets/12-9-2018-houston-texas-nrg-stadium/nfl/4347014"
"212","4346935","nfl","New York Giants at Washington Redskins","Giants at Redskins","FedEx Field","35","92","1198","250.47","1885","92","2018-04-20T00:00:00","2018-04-20T00:47:17","2018-12-09T22:00:00","normal","https://seatgeek.com/giants-at-redskins-tickets/12-9-2018-landover-maryland-fedex-field/nfl/4346935"
"213","4347059","nfl","New York Jets at Buffalo Bills","Jets at Bills","New Era Field","1135","29","1197","120.64","2772","29","2018-04-20T00:00:00","2018-04-20T00:47:43","2018-12-09T22:00:00","normal","https://seatgeek.com/jets-at-bills-tickets/12-9-2018-orchard-park-new-york-new-era-field/nfl/4347059"
"214","4346910","nfl","Atlanta Falcons at Green Bay Packers","Falcons at Packers","Lambeau Field","1125","143","1772","295.53","2577","143","2018-04-20T00:00:00","2018-04-20T00:47:13","2018-12-09T22:00:00","normal","https://seatgeek.com/falcons-at-packers-tickets/12-9-2018-green-bay-wisconsin-lambeau-field/nfl/4346910"
"215","4347107","nfl","Cincinnati Bengals at Los Angeles Chargers","Bengals at Chargers","StubHub Center","52","103","1198","234.74","898","103","2018-04-20T00:00:00","2018-04-20T00:47:52","2018-12-10T01:05:00","normal","https://seatgeek.com/bengals-at-chargers-tickets/12-9-2018-carson-california-stubhub-center/nfl/4347107"
"216","4347114","nfl","Denver Broncos at San Francisco 49ers","Broncos at 49ers","Levi's Stadium","58670","100","6783","311.27","1875","100","2018-04-20T00:00:00","2018-04-20T00:47:53","2018-12-10T01:05:00","normal","https://seatgeek.com/broncos-at-49ers-tickets/12-9-2018-santa-clara-california-levi-s-stadium/nfl/4347114"
"217","4347099","nfl","Detroit Lions at Arizona Cardinals","Lions at Cardinals","State Farm Stadium","43","43","1238","176.34","1734","43","2018-04-20T00:00:00","2018-04-20T00:47:51","2018-12-10T01:25:00","normal","https://seatgeek.com/lions-at-cardinals-tickets/12-9-2018-glendale-arizona-state-farm-stadium/nfl/4347099"
"218","4327919","nfl","Philadelphia Eagles at Dallas Cowboys","Eagles at Cowboys","AT&T Stadium","4965","56","4311","465.19","2987","56","2018-04-05T00:00:00","2018-04-05T23:08:46","2018-12-10T01:25:00","normal","https://seatgeek.com/eagles-at-cowboys-tickets/12-9-2018-arlington-texas-at-t-stadium/nfl/4327919"
"219","4347151","nfl","Pittsburgh Steelers at Oakland Raiders","Steelers at Raiders","Oakland-Alameda County Coliseum","14","197","2048","477.04","1009","197","2018-04-20T00:00:00","2018-04-20T01:04:24","2018-12-10T05:20:00","normal","https://seatgeek.com/steelers-at-raiders-tickets/12-9-2018-oakland-california-oakland-alameda-county-coliseum/nfl/4347151"
"220","4347123","nfl","Minnesota Vikings at Seattle Seahawks","Vikings at Seahawks","CenturyLink Field","339","132","2570","435.77","1314","132","2018-04-20T00:00:00","2018-04-20T00:47:55","2018-12-11T05:15:00","normal","https://seatgeek.com/vikings-at-seahawks-tickets/12-10-2018-seattle-washington-centurylink-field/nfl/4347123"
"221","4346978","nfl","Los Angeles Chargers at Kansas City Chiefs","Chargers at Chiefs","Arrowhead Stadium","1128","37","7880","167.26","1355","37","2018-04-20T00:00:00","2018-04-20T00:47:26","2018-12-14T05:20:00","normal","https://seatgeek.com/chargers-at-chiefs-tickets/12-13-2018-kansas-city-missouri-arrowhead-stadium/nfl/4346978"
"222","4347015","nfl","Houston Texans at New York Jets","Texans at Jets","MetLife Stadium","1587","28","1368","164.62","2287","28","2018-04-20T00:00:00","2018-04-20T00:47:35","2018-12-16T01:30:00","normal","https://seatgeek.com/texans-at-jets-tickets/12-15-2018-east-rutherford-new-jersey-metlife-stadium/nfl/4347015"
"223","4347135","nfl","Cleveland Browns at Denver Broncos","Browns at Broncos","Sports Authority Field at Mile High","1131","97","1285","283","1003","97","2018-04-20T00:00:00","2018-04-20T01:04:04","2018-12-16T01:30:00","normal","https://seatgeek.com/browns-at-broncos-tickets/12-15-2018-denver-colorado-sports-authority-field-at-mile-high/nfl/4347135"
"224","4347047","nfl","Arizona Cardinals at Atlanta Falcons","Cardinals at Falcons","Mercedes-Benz Stadium","419590","68","12187","243.18","1769","68","2018-04-20T00:00:00","2018-04-20T00:47:41","2018-12-16T22:00:00","normal","https://seatgeek.com/cardinals-at-falcons-tickets/12-16-2018-atlanta-georgia-mercedes-benz-stadium/nfl/4347047"
"225","4347057","nfl","Detroit Lions at Buffalo Bills","Lions at Bills","New Era Field","1135","25","9541","119.88","2767","33","2018-04-20T00:00:00","2018-04-20T00:47:43","2018-12-16T22:00:00","normal","https://seatgeek.com/lions-at-bills-tickets/12-16-2018-orchard-park-new-york-new-era-field/nfl/4347057"
"226","4347002","nfl","Green Bay Packers at Chicago Bears","Packers at Bears","Soldier Field","31","143","2230","482.83","1663","143","2018-04-20T00:00:00","2018-04-20T00:47:32","2018-12-16T22:00:00","normal","https://seatgeek.com/packers-at-bears-tickets/12-16-2018-chicago-illinois-soldier-field/nfl/4347002"
"227","4346955","nfl","Dallas Cowboys at Indianapolis Colts","Cowboys at Colts","Lucas Oil Stadium","1130","103","6154","326.22","1474","106","2018-04-20T00:00:00","2018-04-20T00:47:20","2018-12-16T22:00:00","normal","https://seatgeek.com/cowboys-at-colts-tickets/12-16-2018-indianapolis-indiana-lucas-oil-stadium/nfl/4346955"
"228","4347066","nfl","Tampa Bay Buccaneers at Baltimore Ravens","Buccaneers at Ravens","M&T Bank Stadium","1121","36","923","193.73","2104","36","2018-04-20T00:00:00","2018-04-20T00:47:44","2018-12-16T22:00:00","normal","https://seatgeek.com/buccaneers-at-ravens-tickets/12-16-2018-baltimore-maryland-m-t-bank-stadium/nfl/4347066"
"229","4347144","nfl","Miami Dolphins at Minnesota Vikings","Dolphins at Vikings","U.S. Bank Stadium","218451","92","11271","294.46","1439","92","2018-04-20T00:00:00","2018-04-20T01:04:05","2018-12-16T22:00:00","normal","https://seatgeek.com/dolphins-at-vikings-tickets/12-16-2018-minneapolis-minnesota-u-s-bank-stadium/nfl/4347144"
"230","4346945","nfl","Washington Redskins at Jacksonville Jaguars","Redskins at Jaguars","TIAA Bank Field","5178","64","2558","173.44","1071","64","2018-04-20T00:00:00","2018-04-20T00:47:18","2018-12-16T22:00:00","normal","https://seatgeek.com/redskins-at-jaguars-tickets/12-16-2018-jacksonville-florida-tiaa-bank-field/nfl/4346945"
"231","4347037","nfl","Oakland Raiders at Cincinnati Bengals","Raiders at Bengals","Paul Brown Stadium","1124","53","11944","151.76","1348","53","2018-04-20T00:00:00","2018-04-20T00:47:39","2018-12-16T22:00:00","normal","https://seatgeek.com/raiders-at-bengals-tickets/12-16-2018-cincinnati-ohio-paul-brown-stadium/nfl/4347037"
"232","4346988","nfl","Tennessee Titans at New York Giants","Titans at Giants","MetLife Stadium","1587","81","5678","261.92","2366","81","2018-04-20T00:00:00","2018-04-20T00:47:29","2018-12-16T22:00:00","normal","https://seatgeek.com/titans-at-giants-tickets/12-16-2018-east-rutherford-new-jersey-metlife-stadium/nfl/4346988"
"233","4347122","nfl","Seattle Seahawks at San Francisco 49ers","Seahawks at 49ers","Levi's Stadium","58670","94","3694","299.65","2006","94","2018-04-20T00:00:00","2018-04-20T00:47:55","2018-12-17T01:05:00","normal","https://seatgeek.com/seahawks-at-49ers-tickets/12-16-2018-santa-clara-california-levi-s-stadium/nfl/4347122"
"234","4347077","nfl","New England Patriots at Pittsburgh Steelers","Patriots at Steelers","Heinz Field","1119","196","10795","476.39","1628","196","2018-04-20T00:00:00","2018-04-20T00:47:46","2018-12-17T01:25:00","normal","https://seatgeek.com/patriots-at-steelers-tickets/12-16-2018-pittsburgh-pennsylvania-heinz-field/nfl/4347077"
"235","4346919","nfl","Philadelphia Eagles at Los Angeles Rams","Eagles at Rams","Los Angeles Memorial Coliseum","51012","109","2652","324.91","2030","109","2018-04-20T00:00:00","2018-04-20T00:47:14","2018-12-17T05:20:00","normal","https://seatgeek.com/eagles-at-rams-tickets/12-16-2018-los-angeles-california-los-angeles-memorial-coliseum-1/nfl/4346919"
"236","4347035","nfl","New Orleans Saints at Carolina Panthers","Saints at Panthers","Bank of America Stadium","1122","77","5377","273.08","1688","77","2018-04-20T00:00:00","2018-04-20T00:47:38","2018-12-18T05:15:00","normal","https://seatgeek.com/saints-at-panthers-tickets/12-17-2018-charlotte-north-carolina-bank-of-america-stadium/nfl/4347035"
"237","4346986","nfl","Washington Redskins at Tennessee Titans","Redskins at Titans","Nissan Stadium","1126","50","8442","209.89","1294","50","2018-04-20T00:00:00","2018-04-20T00:47:29","2018-12-23T21:00:00","normal","https://seatgeek.com/redskins-at-titans-tickets/12-23-2018-nashville-tennessee-nissan-stadium/nfl/4346986"
"238","4346994","nfl","Cincinnati Bengals at Cleveland Browns","Bengals at Browns","FirstEnergy Stadium","1123","29","1197","116.65","2447","29","2018-04-20T00:00:00","2018-04-20T00:47:31","2018-12-23T22:00:00","normal","https://seatgeek.com/bengals-at-browns-tickets/12-23-2018-cleveland-ohio-firstenergy-stadium-15/nfl/4346994"
"239","4347013","nfl","Houston Texans at Philadelphia Eagles","Texans at Eagles","Lincoln Financial Field","330","131","1339","350.58","429","131","2018-04-20T00:00:00","2018-04-20T00:47:35","2018-12-23T22:00:00","normal","https://seatgeek.com/texans-at-eagles-tickets/12-23-2018-philadelphia-pennsylvania-lincoln-financial-field/nfl/4347013"
"240","4347085","nfl","Jacksonville Jaguars at Miami Dolphins","Jaguars at Dolphins","Hard Rock Stadium","29","51","11345","279.77","1110","51","2018-04-20T00:00:00","2018-04-20T00:47:48","2018-12-23T22:00:00","normal","https://seatgeek.com/jaguars-at-dolphins-tickets/12-23-2018-miami-gardens-florida-hard-rock-stadium/nfl/4347085"
"241","4347022","nfl","Minnesota Vikings at Detroit Lions","Vikings at Lions","Ford Field","346","75","13964","286.67","1234","75","2018-04-20T00:00:00","2018-04-20T00:47:36","2018-12-23T22:00:00","normal","https://seatgeek.com/vikings-at-lions-tickets/12-23-2018-detroit-michigan-ford-field/nfl/4347022"
"242","4347046","nfl","Atlanta Falcons at Carolina Panthers","Falcons at Panthers","Bank of America Stadium","1122","81","5377","278.47","1714","81","2018-04-20T00:00:00","2018-04-20T00:47:41","2018-12-23T22:00:00","normal","https://seatgeek.com/falcons-at-panthers-tickets/12-23-2018-charlotte-north-carolina-bank-of-america-stadium/nfl/4347046"
"243","4346959","nfl","Green Bay Packers at New York Jets","Packers at Jets","MetLife Stadium","1587","76","6034","296.74","1630","76","2018-04-20T00:00:00","2018-04-20T00:47:22","2018-12-23T22:00:00","normal","https://seatgeek.com/packers-at-jets-tickets/12-23-2018-east-rutherford-new-jersey-metlife-stadium/nfl/4346959"
"244","4347093","nfl","Buffalo Bills at New England Patriots","Bills at Patriots","Gillette Stadium","33","168","6853","535.55","1397","168","2018-04-20T00:00:00","2018-04-20T00:47:50","2018-12-23T22:00:00","normal","https://seatgeek.com/bills-at-patriots-tickets/12-23-2018-foxborough-massachusetts-gillette-stadium/nfl/4347093"
"245","4346954","nfl","New York Giants at Indianapolis Colts","Giants at Colts","Lucas Oil Stadium","1130","37","6154","164.81","1694","37","2018-04-20T00:00:00","2018-04-20T00:47:20","2018-12-23T22:00:00","normal","https://seatgeek.com/giants-at-colts-tickets/12-23-2018-indianapolis-indiana-lucas-oil-stadium/nfl/4346954"
"246","4327918","nfl","Tampa Bay Buccaneers at Dallas Cowboys","Buccaneers at Cowboys","AT&T Stadium","4965","30","4311","289.37","4148","30","2018-04-05T00:00:00","2018-04-05T23:08:46","2018-12-23T22:00:00","normal","https://seatgeek.com/buccaneers-at-cowboys-tickets/12-23-2018-arlington-texas-at-t-stadium/nfl/4327918"
"247","4347097","nfl","Los Angeles Rams at Arizona Cardinals","Rams at Cardinals","State Farm Stadium","43","39","1322","184.79","1735","39","2018-04-20T00:00:00","2018-04-20T00:47:50","2018-12-24T01:05:00","normal","https://seatgeek.com/rams-at-cardinals-tickets/12-23-2018-glendale-arizona-state-farm-stadium/nfl/4347097"
"248","4347106","nfl","Baltimore Ravens at Los Angeles Chargers","Ravens at Chargers","StubHub Center","52","122","1198","238.04","726","122","2018-04-20T00:00:00","2018-04-20T00:47:52","2018-12-24T01:05:00","normal","https://seatgeek.com/ravens-at-chargers-tickets/12-23-2018-carson-california-stubhub-center/nfl/4347106"
"249","4347116","nfl","Chicago Bears at San Francisco 49ers","Bears at 49ers","Levi's Stadium","58670","92","3694","278.19","2138","92","2018-04-20T00:00:00","2018-04-20T00:47:54","2018-12-24T01:05:00","normal","https://seatgeek.com/bears-at-49ers-tickets/12-23-2018-santa-clara-california-levi-s-stadium/nfl/4347116"
"250","4346967","nfl","Pittsburgh Steelers at New Orleans Saints","Steelers at Saints","Mercedes-Benz Superdome","128","142","2400","370.75","1442","142","2018-04-20T00:00:00","2018-04-20T00:47:24","2018-12-24T01:25:00","normal","https://seatgeek.com/steelers-at-saints-tickets/12-23-2018-new-orleans-louisiana-mercedes-benz-superdome/nfl/4346967"
"251","4347121","nfl","Kansas City Chiefs at Seattle Seahawks","Chiefs at Seahawks","CenturyLink Field","339","116","1444","369.39","1479","116","2018-04-20T00:00:00","2018-04-20T00:47:55","2018-12-24T05:20:00","normal","https://seatgeek.com/chiefs-at-seahawks-tickets/12-23-2018-seattle-washington-centurylink-field/nfl/4347121"
"252","4347150","nfl","Denver Broncos at Oakland Raiders","Broncos at Raiders","Oakland-Alameda County Coliseum","14","84","2273","247.53","1528","84","2018-04-20T00:00:00","2018-04-20T01:04:24","2018-12-25T05:15:00","normal","https://seatgeek.com/broncos-at-raiders-tickets/12-24-2018-oakland-california-oakland-alameda-county-coliseum/nfl/4347150"
"253","4346984","nfl","Indianapolis Colts at Tennessee Titans","Colts at Titans","Nissan Stadium","1126","36","8105","191.9","1546","36","2018-04-20T00:00:00","2018-04-20T00:47:28","2018-12-30T21:00:00","normal","https://seatgeek.com/colts-at-titans-tickets/12-30-2018-nashville-tennessee-nissan-stadium/nfl/4346984"
"254","4347065","nfl","Cleveland Browns at Baltimore Ravens","Browns at Ravens","M&T Bank Stadium","1121","32","24186","196.34","2120","32","2018-04-20T00:00:00","2018-04-20T00:47:44","2018-12-30T22:00:00","normal","https://seatgeek.com/browns-at-ravens-tickets/12-30-2018-baltimore-maryland-m-t-bank-stadium/nfl/4347065"
"255","4346934","nfl","Philadelphia Eagles at Washington Redskins","Eagles at Redskins","FedEx Field","35","109","1198","263.19","1872","109","2018-04-20T00:00:00","2018-04-20T00:47:17","2018-12-30T22:00:00","normal","https://seatgeek.com/eagles-at-redskins-tickets/12-30-2018-landover-maryland-fedex-field/nfl/4346934"
"256","4347090","nfl","New York Jets at New England Patriots","Jets at Patriots","Gillette Stadium","33","173","149254","654.5","1463","173","2018-04-20T00:00:00","2018-04-20T00:47:49","2018-12-30T22:00:00","normal","https://seatgeek.com/jets-at-patriots-tickets/12-30-2018-foxborough-massachusetts-gillette-stadium/nfl/4347090"
"257","4347134","nfl","Chicago Bears at Minnesota Vikings","Bears at Vikings","U.S. Bank Stadium","218451","99","11271","346.89","1511","99","2018-04-20T00:00:00","2018-04-20T01:04:04","2018-12-30T22:00:00","normal","https://seatgeek.com/bears-at-vikings-tickets/12-30-2018-minneapolis-minnesota-u-s-bank-stadium/nfl/4347134"
"258","4347012","nfl","Jacksonville Jaguars at Houston Texans","Jaguars at Texans","NRG Stadium","41","53","5377","216.59","1892","53","2018-04-20T00:00:00","2018-04-20T00:47:34","2018-12-30T22:00:00","normal","https://seatgeek.com/jaguars-at-texans-tickets/12-30-2018-houston-texas-nrg-stadium/nfl/4347012"
"259","4347056","nfl","Miami Dolphins at Buffalo Bills","Dolphins at Bills","New Era Field","1135","28","2459","119.12","2886","28","2018-04-20T00:00:00","2018-04-20T00:47:43","2018-12-30T22:00:00","normal","https://seatgeek.com/dolphins-at-bills-tickets/12-30-2018-orchard-park-new-york-new-era-field/nfl/4347056"
"260","4347030","nfl","Dallas Cowboys at New York Giants","Cowboys at Giants","MetLife Stadium","1587","155","5678","461.93","2015","155","2018-04-20T00:00:00","2018-04-20T00:47:37","2018-12-30T22:00:00","normal","https://seatgeek.com/cowboys-at-giants-tickets/12-30-2018-east-rutherford-new-jersey-metlife-stadium/nfl/4347030"
"261","4347076","nfl","Cincinnati Bengals at Pittsburgh Steelers","Bengals at Steelers","Heinz Field","1119","76","123594","295.07","1929","76","2018-04-20T00:00:00","2018-04-20T00:47:46","2018-12-30T22:00:00","normal","https://seatgeek.com/bengals-at-steelers-tickets/12-30-2018-pittsburgh-pennsylvania-heinz-field/nfl/4347076"
"262","4346966","nfl","Carolina Panthers at New Orleans Saints","Panthers at Saints","Mercedes-Benz Superdome","128","74","2400","253.5","1604","74","2018-04-20T00:00:00","2018-04-20T00:47:23","2018-12-30T22:00:00","normal","https://seatgeek.com/panthers-at-saints-tickets/12-30-2018-new-orleans-louisiana-mercedes-benz-superdome/nfl/4346966"
"263","4346913","nfl","Detroit Lions at Green Bay Packers","Lions at Packers","Lambeau Field","1125","144","24585","305.98","3385","144","2018-04-20T00:00:00","2018-04-20T00:47:13","2018-12-30T22:00:00","normal","https://seatgeek.com/lions-at-packers-tickets/12-30-2018-green-bay-wisconsin-lambeau-field/nfl/4346913"
"264","4346977","nfl","Oakland Raiders at Kansas City Chiefs","Raiders at Chiefs","Arrowhead Stadium","1128","54","1030","202.91","1324","54","2018-04-20T00:00:00","2018-04-20T00:47:26","2018-12-30T22:00:00","normal","https://seatgeek.com/raiders-at-chiefs-tickets/12-30-2018-kansas-city-missouri-arrowhead-stadium/nfl/4346977"
"265","4346925","nfl","Atlanta Falcons at Tampa Bay Buccaneers","Falcons at Buccaneers","Raymond James Stadium","39","59","1268","253.77","1236","59","2018-04-20T00:00:00","2018-04-20T00:47:15","2018-12-30T22:00:00","normal","https://seatgeek.com/falcons-at-buccaneers-tickets/12-30-2018-tampa-florida-raymond-james-stadium/nfl/4346925"
"266","4347147","nfl","Los Angeles Chargers at Denver Broncos","Chargers at Broncos","Sports Authority Field at Mile High","1131","87","5676","312.54","1209","87","2018-04-20T00:00:00","2018-04-20T01:04:06","2018-12-31T01:25:00","normal","https://seatgeek.com/chargers-at-broncos-tickets/12-30-2018-denver-colorado-sports-authority-field-at-mile-high/nfl/4347147"
"267","4346938","nfl","San Francisco 49ers at Los Angeles Rams","49ers at Rams","Los Angeles Memorial Coliseum","51012","74","11944","238.84","2181","74","2018-04-20T00:00:00","2018-04-20T00:47:17","2018-12-31T01:25:00","normal","https://seatgeek.com/49ers-at-rams-tickets/12-30-2018-los-angeles-california-los-angeles-memorial-coliseum-1/nfl/4346938"
"268","4347120","nfl","Arizona Cardinals at Seattle Seahawks","Cardinals at Seahawks","CenturyLink Field","339","108","1224","334.95","1439","108","2018-04-20T00:00:00","2018-04-20T00:47:54","2018-12-31T01:25:00","normal","https://seatgeek.com/cardinals-at-seahawks-tickets/12-30-2018-seattle-washington-centurylink-field/nfl/4347120"
"269","4418626","nfl","Pro Bowl","Pro Bowl","Camping World Stadium","3721","61","10750","373.45","248","61","2018-06-20T00:00:00","2018-06-20T16:00:22","2019-01-28T00:00:00","normal","https://seatgeek.com/pro-bowl-tickets/1-27-2019-orlando-florida-camping-world-stadium/nfl/4418626"
