"","timestamp","event_promotion","is_open","id","title","announce_date","score","type","status","description","datetime_local","visible_until_utc","time_tbd","date_tbd","url","created_at","popularity","short_title","datetime_utc","datetime_tbd","visible_listing_count","average_price","lowest_price_good_deals","median_price","listing_count","lowest_price","highest_price","employee_only","created_at","method","metro_code","postal_code","timezone","has_upcoming_events","id","city","extended_address","display_location","state","score","num_upcoming_events","address","slug","name","url","country","popularity","name_v2","lat","lon","employee_only","created_at","method"
"1","2018-12-09_09.21.34",NA,FALSE,4346995,"Carolina Panthers at Cleveland Browns","2018-04-20T00:00:00",0.802,"nfl","normal","","2018-12-09T13:00:00","2018-12-09T22:00:00",FALSE,FALSE,"https://seatgeek.com/panthers-at-browns-tickets/12-9-2018-cleveland-ohio-firstenergy-stadium-15/nfl/4346995","2018-04-20T00:47:31",0.904,"Panthers at Browns","2018-12-09T18:00:00",FALSE,423,47,20,35,315,21,225,FALSE,"2018-08-24T21:53:42Z","QRCODE",510,"44114","America/New_York",TRUE,1123,"Cleveland","Cleveland, OH 44114","Cleveland, OH","OH",0.86852187,3,"100 Alfred Lerner Way","firstenergy-stadium-15","FirstEnergy Stadium","https://seatgeek.com/venues/firstenergy-stadium-15/tickets","US",0,"FirstEnergy Stadium",41.5065,-81.7,FALSE,"2015-11-11T20:55:31Z","NONE"
"2","2018-12-09_09.21.34",NA,FALSE,4346926,"New Orleans Saints at Tampa Bay Buccaneers","2018-04-20T00:00:00",0.829,"nfl","normal","","2018-12-09T13:00:00","2018-12-09T22:00:00",FALSE,FALSE,"https://seatgeek.com/saints-at-buccaneers-tickets/12-9-2018-tampa-florida-raymond-james-stadium/nfl/4346926","2018-04-20T00:47:15",0.926,"Saints at Buccaneers","2018-12-09T18:00:00",FALSE,352,194,57,151,205,57,525,FALSE,"2018-08-24T21:53:42Z","QRCODE",539,"33607","America/New_York",TRUE,39,"Tampa","Tampa, FL 33607","Tampa, FL","FL",0.86513025,7,"4201 North Dale Mabry Highway","raymond-james-stadium","Raymond James Stadium","https://seatgeek.com/venues/raymond-james-stadium/tickets","US",0,"Raymond James Stadium",27.9753,-82.5034,FALSE,"2015-08-24T14:44:53Z","QRCODE_TM"
"3","2018-12-09_09.21.34",NA,FALSE,4347086,"New England Patriots at Miami Dolphins","2018-04-20T00:00:00",0.894,"nfl","normal","","2018-12-09T13:00:00","2018-12-09T22:00:00",FALSE,FALSE,"https://seatgeek.com/patriots-at-dolphins-tickets/12-9-2018-miami-gardens-florida-hard-rock-stadium/nfl/4347086","2018-04-20T00:47:48",0.982,"Patriots at Dolphins","2018-12-09T18:00:00",FALSE,306,332,138,304,76,116,776,FALSE,"2018-08-24T21:53:42Z","QRCODE",528,"33056","America/New_York",TRUE,29,"Miami Gardens","Miami Gardens, FL 33056","Miami Gardens, FL","FL",0.8378203,36,"347 Don Shula Dr.","hard-rock-stadium","Hard Rock Stadium","https://seatgeek.com/venues/hard-rock-stadium/tickets","US",0,"Hard Rock Stadium",25.9579,-80.2388,FALSE,"2017-10-03T18:58:44Z","NONE"
"4","2018-12-09_09.21.34",NA,FALSE,4347014,"Indianapolis Colts at Houston Texans","2018-04-20T00:00:00",0.849,"nfl","normal","","2018-12-09T12:00:00","2018-12-09T22:00:00",FALSE,FALSE,"https://seatgeek.com/colts-at-texans-tickets/12-9-2018-houston-texas-nrg-stadium/nfl/4347014","2018-04-20T00:47:35",0.942,"Colts at Texans","2018-12-09T18:00:00",FALSE,203,154,56,145,100,65,366,FALSE,"2018-08-24T21:53:42Z","QRCODE",618,"77054","America/Chicago",TRUE,41,"Houston","Houston, TX 77054","Houston, TX","TX",0.8624192,36,"1 Reliant Park","nrg-stadium","NRG Stadium","https://seatgeek.com/venues/nrg-stadium/tickets","US",0,"NRG Stadium",29.6847,-95.4107,FALSE,"2015-11-04T18:42:27Z","QRCODE_TM"
"5","2018-12-09_09.21.34",NA,FALSE,4346910,"Atlanta Falcons at Green Bay Packers","2018-04-20T00:00:00",0.849,"nfl","normal","","2018-12-09T12:00:00","2018-12-09T22:00:00",FALSE,FALSE,"https://seatgeek.com/falcons-at-packers-tickets/12-9-2018-green-bay-wisconsin-lambeau-field/nfl/4346910","2018-04-20T00:47:13",0.928,"Falcons at Packers","2018-12-09T18:00:00",FALSE,115,107,42,109,24,42,225,FALSE,"2018-08-24T21:53:42Z","QRCODE",658,"54304","America/Chicago",TRUE,1125,"Green Bay","Green Bay, WI 54304","Green Bay, WI","WI",0.92909414,5,"1265 Lombardi Avenue","lambeau-field","Lambeau Field","https://seatgeek.com/venues/lambeau-field/tickets","US",0,"Lambeau Field",44.5013,-88.0622,FALSE,"2015-09-02T22:43:34Z","QRCODE_TM"
"6","2018-12-09_09.21.34",NA,FALSE,4347059,"New York Jets at Buffalo Bills","2018-04-20T00:00:00",0.772,"nfl","normal","","2018-12-09T13:00:00","2018-12-09T22:00:00",FALSE,FALSE,"https://seatgeek.com/jets-at-bills-tickets/12-9-2018-orchard-park-new-york-new-era-field/nfl/4347059","2018-04-20T00:47:43",0.878,"Jets at Bills","2018-12-09T18:00:00",FALSE,464,28.545454,7,27,275,7,180,FALSE,"2018-08-24T21:53:42Z","QRCODE",514,"14127","America/New_York",TRUE,1135,"Orchard Park","Orchard Park, NY 14127","Orchard Park, NY","NY",0.8815085,3,"1 Bills Drive","new-era-field","New Era Field","https://seatgeek.com/venues/new-era-field/tickets","US",0,"New Era Field",42.7737,-78.7874,FALSE,"2015-08-12T16:52:53Z","QRCODE_TM"
"7","2018-12-09_09.21.34",NA,FALSE,4346979,"Baltimore Ravens at Kansas City Chiefs","2018-04-20T00:00:00",0.835,"nfl","normal","","2018-12-09T12:00:00","2018-12-09T22:00:00",FALSE,FALSE,"https://seatgeek.com/ravens-at-chiefs-tickets/12-9-2018-kansas-city-missouri-arrowhead-stadium/nfl/4346979","2018-04-20T00:47:27",0.93,"Ravens at Chiefs","2018-12-09T18:00:00",FALSE,419,71,31,63,257,31,146,FALSE,"2018-08-24T21:53:42Z","QRCODE",616,"64129","America/Chicago",TRUE,1128,"Kansas City","Kansas City, MO 64129","Kansas City, MO","MO",0.8827867,5,"1 Arrowhead Drive","arrowhead-stadium","Arrowhead Stadium","https://seatgeek.com/venues/arrowhead-stadium/tickets","US",0,"Arrowhead Stadium",39.0489,-94.4839,FALSE,"2015-08-20T16:20:51Z","QRCODE_TM"
"8","2018-12-09_09.21.34",NA,FALSE,4346935,"New York Giants at Washington Redskins","2018-04-20T00:00:00",0.884,"nfl","normal","","2018-12-09T13:00:00","2018-12-09T22:00:00",FALSE,FALSE,"https://seatgeek.com/giants-at-redskins-tickets/12-9-2018-landover-maryland-fedex-field/nfl/4346935","2018-04-20T00:47:17",0.964,"Giants at Redskins","2018-12-09T18:00:00",FALSE,843,54,12,45,562,14,175,FALSE,"2018-08-24T21:53:42Z","QRCODE",511,"20785","America/New_York",TRUE,35,"Landover","Landover, MD 20785","Landover, MD","MD",0.9333444,5,"1600 Fedex Way","fedex-field","FedEx Field","https://seatgeek.com/venues/fedex-field/tickets","US",0,"FedEx Field",38.9071,-76.8658,FALSE,"2015-09-12T14:13:58Z","QRCODE_TM"
"9","2018-12-09_09.21.34",NA,FALSE,4347107,"Cincinnati Bengals at Los Angeles Chargers","2018-04-20T00:00:00",0.853,"nfl","normal","","2018-12-09T13:05:00","2018-12-10T01:05:00",FALSE,FALSE,"https://seatgeek.com/bengals-at-chargers-tickets/12-9-2018-carson-california-stubhub-center/nfl/4347107","2018-04-20T00:47:52",0.946,"Bengals at Chargers","2018-12-09T21:05:00",FALSE,173,188.93828,72,178,81,74,424,FALSE,"2018-08-24T21:53:42Z","QRCODE",803,"90746","America/Los_Angeles",TRUE,52,"Carson","Carson, CA 90746","Carson, CA","CA",0.7228164,4,"18400 Avalon Blvd","stubhub-center","StubHub Center","https://seatgeek.com/venues/stubhub-center/tickets","US",0,"StubHub Center",33.8643,-118.261,NA,NA,NA
"10","2018-12-09_09.21.34",NA,FALSE,4347114,"Denver Broncos at San Francisco 49ers","2018-04-20T00:00:00",0.881,"nfl","normal","","2018-12-09T13:05:00","2018-12-10T01:05:00",FALSE,FALSE,"https://seatgeek.com/broncos-at-49ers-tickets/12-9-2018-santa-clara-california-levi-s-stadium/nfl/4347114","2018-04-20T00:47:53",0.967,"Broncos at 49ers","2018-12-09T21:05:00",FALSE,380,126.66535,32,107,254,32,389,FALSE,"2018-08-24T21:53:42Z","QRCODE",0,"95054","America/Los_Angeles",TRUE,58670,"Santa Clara","Santa Clara, CA 95054","Santa Clara, CA","CA",0.95768774,8,"4900 Marie P DeBartolo Way","levi-s-stadium","Levi's Stadium","https://seatgeek.com/venues/levi-s-stadium/tickets","US",0,"Levi's Stadium",37.4023,-121.969,FALSE,"2015-07-10T00:00:00Z","QRCODE_TM"
"11","2018-12-09_09.21.34",NA,FALSE,4347151,"Pittsburgh Steelers at Oakland Raiders","2018-04-20T00:00:00",0.871,"nfl","normal","","2018-12-09T13:25:00","2018-12-10T01:25:00",FALSE,FALSE,"https://seatgeek.com/steelers-at-raiders-tickets/12-9-2018-oakland-california-oakland-alameda-county-coliseum/nfl/4347151","2018-04-20T01:04:24",0.958,"Steelers at Raiders","2018-12-09T21:25:00",FALSE,138,188,93,143,63,96,450,FALSE,"2018-08-24T21:53:42Z","QRCODE",807,"94621","America/Los_Angeles",TRUE,14,"Oakland","Oakland, CA 94621","Oakland, CA","CA",0.7817843,86,"7000 Coliseum Way","oakland-alameda-county-coliseum","Oakland-Alameda County Coliseum","https://seatgeek.com/venues/oakland-alameda-county-coliseum/tickets","US",0,"Oakland-Alameda County Coliseum",37.7469,-122.201,FALSE,"2015-06-24T00:00:00Z","PDF417"
"12","2018-12-09_09.21.34",NA,FALSE,4347099,"Detroit Lions at Arizona Cardinals","2018-04-20T00:00:00",0.838,"nfl","normal","","2018-12-09T14:25:00","2018-12-10T01:25:00",FALSE,FALSE,"https://seatgeek.com/lions-at-cardinals-tickets/12-9-2018-glendale-arizona-state-farm-stadium/nfl/4347099","2018-04-20T00:47:51",0.929,"Lions at Cardinals","2018-12-09T21:25:00",FALSE,238,70,32,50,168,23,261,FALSE,"2018-08-24T21:53:42Z","QRCODE",753,"85305","America/Phoenix",TRUE,43,"Glendale","Glendale, AZ 85305","Glendale, AZ","AZ",0.93402725,9,"1 Cardinals Drive","state-farm-stadium","State Farm Stadium","https://seatgeek.com/venues/state-farm-stadium/tickets","US",0,"State Farm Stadium",33.5294,-112.262,FALSE,"2015-12-21T17:26:05Z","NONE"
"13","2018-12-09_09.21.34",NA,TRUE,4327919,"Philadelphia Eagles at Dallas Cowboys","2018-04-05T00:00:00",0.938,"nfl","normal","","2018-12-09T15:25:00","2018-12-10T01:25:00",FALSE,FALSE,"https://seatgeek.com/eagles-at-cowboys-tickets/12-9-2018-arlington-texas-at-t-stadium/nfl/4327919","2018-04-05T23:08:46",1.007,"Eagles at Cowboys","2018-12-09T21:25:00",FALSE,620,367,43,300,803,43,3175,FALSE,"2018-10-06T23:29:11Z","QRCODE_TM",623,"76011","America/Chicago",TRUE,4965,"Arlington","Arlington, TX 76011","Arlington, TX","TX",0.9751414,17,"1 AT&T Way","at-t-stadium","AT&T Stadium","https://seatgeek.com/venues/at-t-stadium/tickets","US",0,"AT&T Stadium",32.7459,-97.0957,FALSE,"2018-10-06T23:29:11Z","QRCODE_TM"
"14","2018-12-09_09.21.34",NA,FALSE,4347003,"Los Angeles Rams at Chicago Bears","2018-04-20T00:00:00",0.858,"nfl","normal","","2018-12-09T19:20:00","2018-12-10T05:20:00",FALSE,FALSE,"https://seatgeek.com/rams-at-bears-tickets/12-9-2018-chicago-illinois-soldier-field/nfl/4347003","2018-04-20T00:47:32",0.944,"Rams at Bears","2018-12-10T01:20:00",FALSE,669,307,103,225,64,103,1544,FALSE,"2018-08-24T21:53:42Z","QRCODE",602,"60605","America/Chicago",TRUE,31,"Chicago","Chicago, IL 60605","Chicago, IL","IL",0.940013,26,"1410 S. Museum Campus Drive","soldier-field","Soldier Field","https://seatgeek.com/venues/soldier-field/tickets","US",0,"Soldier Field",41.8623,-87.6159,FALSE,"2018-06-02T00:44:08Z","NONE"
"15","2018-12-09_09.21.34",NA,FALSE,4347123,"Minnesota Vikings at Seattle Seahawks","2018-04-20T00:00:00",0.88,"nfl","normal","","2018-12-10T17:15:00","2018-12-11T05:15:00",FALSE,FALSE,"https://seatgeek.com/vikings-at-seahawks-tickets/12-10-2018-seattle-washington-centurylink-field/nfl/4347123","2018-04-20T00:47:55",0.959,"Vikings at Seahawks","2018-12-11T01:15:00",FALSE,1471,291.01086,127,238,92,127,736,FALSE,"2018-08-24T21:53:42Z","QRCODE",819,"98134","America/Los_Angeles",TRUE,339,"Seattle","Seattle, WA 98134","Seattle, WA","WA",0.87232786,9,"800 Occidental Ave S","centurylink-field","CenturyLink Field","https://seatgeek.com/venues/centurylink-field/tickets","US",0,"CenturyLink Field",47.5948,-122.332,FALSE,"2018-03-02T22:54:54Z","QRCODE"
"16","2018-12-09_09.21.34",NA,FALSE,4346978,"Los Angeles Chargers at Kansas City Chiefs","2018-04-20T00:00:00",0.832,"nfl","normal","","2018-12-13T19:20:00","2018-12-14T05:20:00",FALSE,FALSE,"https://seatgeek.com/chargers-at-chiefs-tickets/12-13-2018-kansas-city-missouri-arrowhead-stadium/nfl/4346978","2018-04-20T00:47:26",0.896,"Chargers at Chiefs","2018-12-14T01:20:00",FALSE,1019,122,55,104,676,65,742,FALSE,"2018-08-24T21:53:42Z","QRCODE",616,"64129","America/Chicago",TRUE,1128,"Kansas City","Kansas City, MO 64129","Kansas City, MO","MO",0.8827867,5,"1 Arrowhead Drive","arrowhead-stadium","Arrowhead Stadium","https://seatgeek.com/venues/arrowhead-stadium/tickets","US",0,"Arrowhead Stadium",39.0489,-94.4839,FALSE,"2015-08-20T16:20:51Z","QRCODE_TM"
"17","2018-12-09_09.21.34",NA,FALSE,4347015,"Houston Texans at New York Jets","2018-04-20T00:00:00",0.841,"nfl","normal","","2018-12-15T16:30:00","2018-12-16T01:30:00",FALSE,FALSE,"https://seatgeek.com/texans-at-jets-tickets/12-15-2018-east-rutherford-new-jersey-metlife-stadium/nfl/4347015","2018-04-20T00:47:35",0.911,"Texans at Jets","2018-12-15T21:30:00",FALSE,1200,210,16,66,1140,16,6045,FALSE,"2018-08-24T21:53:42Z","QRCODE",501,"07073","America/New_York",TRUE,1587,"East Rutherford","East Rutherford, NJ 07073","East Rutherford, NJ","NJ",0.94873494,9,"1 MetLife Stadium Drive","metlife-stadium","MetLife Stadium","https://seatgeek.com/venues/metlife-stadium/tickets","US",0,"MetLife Stadium",40.8142,-74.0737,FALSE,"2015-09-12T14:14:07Z","QRCODE_TM"
"18","2018-12-09_09.21.34",NA,FALSE,4347135,"Cleveland Browns at Denver Broncos","2018-04-20T00:00:00",0.829,"nfl","normal","","2018-12-15T18:20:00","2018-12-16T05:20:00",FALSE,FALSE,"https://seatgeek.com/browns-at-broncos-tickets/12-15-2018-denver-colorado-broncos-stadium-at-mile-high/nfl/4347135","2018-04-20T01:04:04",0.894,"Browns at Broncos","2018-12-16T01:20:00",FALSE,1283,271,91,224,49,127,798,FALSE,"2018-08-24T21:53:42Z","QRCODE",751,"80204","America/Denver",TRUE,1131,"Denver","Denver, CO 80204","Denver, CO","CO",0.9028296,5,"1701 Bryant St.","broncos-stadium-at-mile-high","Broncos Stadium at Mile High","https://seatgeek.com/venues/broncos-stadium-at-mile-high/tickets","US",0,"Broncos Stadium at Mile High",39.74,-105.02,FALSE,"2015-08-07T18:39:02Z","QRCODE_TM"
"19","2018-12-09_09.21.34",NA,FALSE,4347047,"Arizona Cardinals at Atlanta Falcons","2018-04-20T00:00:00",0.834,"nfl","normal","","2018-12-16T13:00:00","2018-12-16T22:00:00",FALSE,FALSE,"https://seatgeek.com/cardinals-at-falcons-tickets/12-16-2018-atlanta-georgia-mercedes-benz-stadium/nfl/4347047","2018-04-20T00:47:41",0.894,"Cardinals at Falcons","2018-12-16T18:00:00",FALSE,2305,136,43,118,787,43,599,FALSE,"2018-08-24T21:53:42Z","QRCODE",0,"30313","America/New_York",TRUE,419590,"Atlanta","Atlanta, GA 30313","Atlanta, GA","GA",0.76958936,12,"441 M.L.K. Jr Dr NW","mercedes-benz-stadium","Mercedes-Benz Stadium","https://seatgeek.com/venues/mercedes-benz-stadium/tickets","US",0,"Mercedes-Benz Stadium",33.7547,-84.404,FALSE,"2018-08-23T20:14:46Z","QRCODE"
"20","2018-12-09_09.21.34",NA,FALSE,4347057,"Detroit Lions at Buffalo Bills","2018-04-20T00:00:00",0.792,"nfl","normal","","2018-12-16T13:00:00","2018-12-16T22:00:00",FALSE,FALSE,"https://seatgeek.com/lions-at-bills-tickets/12-16-2018-orchard-park-new-york-new-era-field/nfl/4347057","2018-04-20T00:47:43",0.856,"Lions at Bills","2018-12-16T18:00:00",FALSE,1765,46,8,31,819,10,562,FALSE,"2018-08-24T21:53:42Z","QRCODE",514,"14127","America/New_York",TRUE,1135,"Orchard Park","Orchard Park, NY 14127","Orchard Park, NY","NY",0.8815085,3,"1 Bills Drive","new-era-field","New Era Field","https://seatgeek.com/venues/new-era-field/tickets","US",0,"New Era Field",42.7737,-78.7874,FALSE,"2015-08-12T16:52:53Z","QRCODE_TM"
"21","2018-12-09_09.21.34",NA,FALSE,4346955,"Dallas Cowboys at Indianapolis Colts","2018-04-20T00:00:00",0.888,"nfl","normal","","2018-12-16T13:00:00","2018-12-16T22:00:00",FALSE,FALSE,"https://seatgeek.com/cowboys-at-colts-tickets/12-16-2018-indianapolis-indiana-lucas-oil-stadium/nfl/4346955","2018-04-20T00:47:20",0.937,"Cowboys at Colts","2018-12-16T18:00:00",FALSE,565,356,170,319,195,212,942,FALSE,"2018-08-24T21:53:42Z","QRCODE",527,"46225","America/Indiana/Indianapolis",TRUE,1130,"Indianapolis","Indianapolis, IN 46225","Indianapolis, IN","IN",0.9071682,10,"500 South Capitol Avenue","lucas-oil-stadium","Lucas Oil Stadium","https://seatgeek.com/venues/lucas-oil-stadium/tickets","US",0,"Lucas Oil Stadium",39.7601,-86.1639,FALSE,"2018-09-13T22:29:37Z","QRCODE_TM"
"22","2018-12-09_09.21.34",NA,FALSE,4347002,"Green Bay Packers at Chicago Bears","2018-04-20T00:00:00",0.923,"nfl","normal","","2018-12-16T12:00:00","2018-12-16T22:00:00",FALSE,FALSE,"https://seatgeek.com/packers-at-bears-tickets/12-16-2018-chicago-illinois-soldier-field/nfl/4347002","2018-04-20T00:47:32",0.965,"Packers at Bears","2018-12-16T18:00:00",FALSE,916,518,260,440,67,276,1078,FALSE,"2018-08-24T21:53:42Z","QRCODE",602,"60605","America/Chicago",TRUE,31,"Chicago","Chicago, IL 60605","Chicago, IL","IL",0.940013,26,"1410 S. Museum Campus Drive","soldier-field","Soldier Field","https://seatgeek.com/venues/soldier-field/tickets","US",0,"Soldier Field",41.8623,-87.6159,FALSE,"2018-06-02T00:44:08Z","NONE"
"23","2018-12-09_09.21.34",NA,FALSE,4347066,"Tampa Bay Buccaneers at Baltimore Ravens","2018-04-20T00:00:00",0.79,"nfl","normal","","2018-12-16T13:00:00","2018-12-16T22:00:00",FALSE,FALSE,"https://seatgeek.com/buccaneers-at-ravens-tickets/12-16-2018-baltimore-maryland-m-t-bank-stadium/nfl/4347066","2018-04-20T00:47:44",0.859,"Buccaneers at Ravens","2018-12-16T18:00:00",FALSE,2086,98,23,66,456,25,480,FALSE,"2018-08-24T21:53:42Z","QRCODE",512,"21230","America/New_York",TRUE,1121,"Baltimore","Baltimore, MD 21230","Baltimore, MD","MD",0.8927189,4,"1101 Russell St","m-t-bank-stadium","M&T Bank Stadium","https://seatgeek.com/venues/m-t-bank-stadium/tickets","US",0,"M&T Bank Stadium",39.2774,-76.623,FALSE,"2015-08-04T00:00:00Z","QRCODE_TM"
"24","2018-12-09_09.21.34",NA,FALSE,4346945,"Washington Redskins at Jacksonville Jaguars","2018-04-20T00:00:00",0.761,"nfl","normal","","2018-12-16T13:00:00","2018-12-16T22:00:00",FALSE,FALSE,"https://seatgeek.com/redskins-at-jaguars-tickets/12-16-2018-jacksonville-florida-tiaa-bank-field/nfl/4346945","2018-04-20T00:47:18",0.839,"Redskins at Jaguars","2018-12-16T18:00:00",FALSE,1078,72.496124,27,51,129,32,230,FALSE,"2018-08-24T21:53:42Z","QRCODE",561,"32202","America/New_York",TRUE,5178,"Jacksonville","Jacksonville, FL 32202","Jacksonville, FL","FL",0.83759147,4,"1 TIAA Bank Field Drive","tiaa-bank-field","TIAA Bank Field","https://seatgeek.com/venues/tiaa-bank-field/tickets","US",0,"TIAA Bank Field",30.32,-81.64,FALSE,"2015-10-17T20:03:42Z","QRCODE_TM"
"25","2018-12-09_09.21.34",NA,FALSE,4347144,"Miami Dolphins at Minnesota Vikings","2018-04-20T00:00:00",0.858,"nfl","normal","","2018-12-16T12:00:00","2018-12-16T22:00:00",FALSE,FALSE,"https://seatgeek.com/dolphins-at-vikings-tickets/12-16-2018-minneapolis-minnesota-u-s-bank-stadium/nfl/4347144","2018-04-20T01:04:05",0.911,"Dolphins at Vikings","2018-12-16T18:00:00",FALSE,1039,289,149,243,384,149,972,FALSE,"2018-08-24T21:53:42Z","QRCODE",0,"55415","America/Chicago",TRUE,218451,"Minneapolis","Minneapolis, MN 55415","Minneapolis, MN","MN",0.88524246,19,"401 Chicago Avenue","u-s-bank-stadium","U.S. Bank Stadium","https://seatgeek.com/venues/u-s-bank-stadium/tickets","US",0,"U.S. Bank Stadium",44.9751,-93.2582,FALSE,"2018-08-22T15:34:15Z","NONE"
"26","2018-12-09_09.21.34",NA,FALSE,4347037,"Oakland Raiders at Cincinnati Bengals","2018-04-20T00:00:00",0.818,"nfl","normal","","2018-12-16T13:00:00","2018-12-16T22:00:00",FALSE,FALSE,"https://seatgeek.com/raiders-at-bengals-tickets/12-16-2018-cincinnati-ohio-paul-brown-stadium/nfl/4347037","2018-04-20T00:47:39",0.883,"Raiders at Bengals","2018-12-16T18:00:00",FALSE,937,71,26,55,481,26,282,FALSE,"2018-08-24T21:53:42Z","QRCODE",515,"45202","America/New_York",TRUE,1124,"Cincinnati","Cincinnati, OH 45202","Cincinnati, OH","OH",0.86166537,6,"1 Paul Brown Stadium","paul-brown-stadium","Paul Brown Stadium","https://seatgeek.com/venues/paul-brown-stadium/tickets","US",0,"Paul Brown Stadium",39.0961,-84.5177,FALSE,"2015-10-09T16:14:37Z","QRCODE_TM"
"27","2018-12-09_09.21.34",NA,FALSE,4346988,"Tennessee Titans at New York Giants","2018-04-20T00:00:00",0.83,"nfl","normal","","2018-12-16T13:00:00","2018-12-16T22:00:00",FALSE,FALSE,"https://seatgeek.com/titans-at-giants-tickets/12-16-2018-east-rutherford-new-jersey-metlife-stadium/nfl/4346988","2018-04-20T00:47:29",0.898,"Titans at Giants","2018-12-16T18:00:00",FALSE,2173,146.89143,48,108,350,46,859,FALSE,"2018-08-24T21:53:42Z","QRCODE",501,"07073","America/New_York",TRUE,1587,"East Rutherford","East Rutherford, NJ 07073","East Rutherford, NJ","NJ",0.94873494,9,"1 MetLife Stadium Drive","metlife-stadium","MetLife Stadium","https://seatgeek.com/venues/metlife-stadium/tickets","US",0,"MetLife Stadium",40.8142,-74.0737,FALSE,"2015-09-12T14:14:07Z","QRCODE_TM"
"28","2018-12-09_09.21.34",NA,FALSE,4347122,"Seattle Seahawks at San Francisco 49ers","2018-04-20T00:00:00",0.86,"nfl","normal","","2018-12-16T13:05:00","2018-12-17T01:05:00",FALSE,FALSE,"https://seatgeek.com/seahawks-at-49ers-tickets/12-16-2018-santa-clara-california-levi-s-stadium/nfl/4347122","2018-04-20T00:47:55",0.913,"Seahawks at 49ers","2018-12-16T21:05:00",FALSE,1983,147,39,120,512,39,729,FALSE,"2018-08-24T21:53:42Z","QRCODE",0,"95054","America/Los_Angeles",TRUE,58670,"Santa Clara","Santa Clara, CA 95054","Santa Clara, CA","CA",0.95768774,8,"4900 Marie P DeBartolo Way","levi-s-stadium","Levi's Stadium","https://seatgeek.com/venues/levi-s-stadium/tickets","US",0,"Levi's Stadium",37.4023,-121.969,FALSE,"2015-07-10T00:00:00Z","QRCODE_TM"
"29","2018-12-09_09.21.34",NA,FALSE,4347077,"New England Patriots at Pittsburgh Steelers","2018-04-20T00:00:00",0.919,"nfl","normal","","2018-12-16T16:25:00","2018-12-17T01:25:00",FALSE,FALSE,"https://seatgeek.com/patriots-at-steelers-tickets/12-16-2018-pittsburgh-pennsylvania-heinz-field/nfl/4347077","2018-04-20T00:47:46",0.96,"Patriots at Steelers","2018-12-16T21:25:00",FALSE,1143,499.01498,218,411,267,229,1474,FALSE,"2018-08-24T21:53:42Z","QRCODE",508,"15212","America/New_York",TRUE,1119,"Pittsburgh","Pittsburgh, PA 15212","Pittsburgh, PA","PA",0.9033526,5,"100 Art Rooney Avenue","heinz-field","Heinz Field","https://seatgeek.com/venues/heinz-field/tickets","US",0,"Heinz Field",40.4468,-80.0158,FALSE,"2018-10-04T12:42:28Z","QRCODE"
"30","2018-12-09_09.21.34",NA,FALSE,4346919,"Philadelphia Eagles at Los Angeles Rams","2018-04-20T00:00:00",0.872,"nfl","normal","","2018-12-16T17:20:00","2018-12-17T05:20:00",FALSE,FALSE,"https://seatgeek.com/eagles-at-rams-tickets/12-16-2018-los-angeles-california-los-angeles-memorial-coliseum-1/nfl/4346919","2018-04-20T00:47:14",0.921,"Eagles at Rams","2018-12-17T01:20:00",FALSE,1355,279,126,217,449,126,976,FALSE,"2018-08-24T21:53:42Z","QRCODE",0,"90037","America/Los_Angeles",TRUE,51012,"Los Angeles","Los Angeles, CA 90037","Los Angeles, CA","CA",0.86898464,8,"3911 S Figueroa St","los-angeles-memorial-coliseum-1","Los Angeles Memorial Coliseum","https://seatgeek.com/venues/los-angeles-memorial-coliseum-1/tickets","US",0,"Los Angeles Memorial Coliseum",34.0138,-118.288,FALSE,"2018-08-23T17:59:28Z","QRCODE"
"31","2018-12-09_09.21.34",NA,FALSE,4347035,"New Orleans Saints at Carolina Panthers","2018-04-20T00:00:00",0.85,"nfl","normal","","2018-12-17T20:15:00","2018-12-18T05:15:00",FALSE,FALSE,"https://seatgeek.com/saints-at-panthers-tickets/12-17-2018-charlotte-north-carolina-bank-of-america-stadium/nfl/4347035","2018-04-20T00:47:38",0.901,"Saints at Panthers","2018-12-18T01:15:00",FALSE,1724,187.4124,63,146,371,63,817,FALSE,"2018-08-24T21:53:42Z","QRCODE",517,"28202","America/New_York",TRUE,1122,"Charlotte","Charlotte, NC 28202","Charlotte, NC","NC",0.8968222,7,"800 South Mint Street","bank-of-america-stadium","Bank of America Stadium","https://seatgeek.com/venues/bank-of-america-stadium/tickets","US",0,"Bank of America Stadium",35.2243,-80.8524,FALSE,"2015-09-25T18:23:51Z","QRCODE_TM"
"32","2018-12-09_09.21.34",NA,FALSE,4608309,"Washington Redskins at Tennessee Titans","2018-10-30T00:00:00",0.794,"nfl","normal","","2018-12-22T15:30:00","2018-12-23T01:30:00",FALSE,FALSE,"https://seatgeek.com/redskins-at-titans-tickets/12-22-2018-nashville-tennessee-nissan-stadium/nfl/4608309","2018-10-30T16:11:05",0.848,"Redskins at Titans","2018-12-22T21:30:00",FALSE,1652,138.86424,38,120,302,44,1034,FALSE,"2015-10-19T15:09:39Z","NONE",659,"37213","America/Chicago",TRUE,1126,"Nashville","Nashville, TN 37213","Nashville, TN","TN",0.8546275,15,"1 Titans Way","nissan-stadium","Nissan Stadium","https://seatgeek.com/venues/nissan-stadium/tickets","US",0,"Nissan Stadium",36.1665,-86.7713,FALSE,"2015-10-19T15:09:39Z","NONE"
"33","2018-12-09_09.21.34",NA,FALSE,4599412,"Baltimore Ravens at Los Angeles Chargers","2018-10-26T00:00:00",0.882,"nfl","normal","","2018-12-22T17:20:00","2018-12-23T05:20:00",FALSE,FALSE,"https://seatgeek.com/ravens-at-chargers-tickets/12-22-2018-carson-california-stubhub-center/nfl/4599412","2018-10-26T13:55:35",0.921,"Ravens at Chargers","2018-12-23T01:20:00",FALSE,703,261.06668,122,231,150,151,596,NA,NA,NA,803,"90746","America/Los_Angeles",TRUE,52,"Carson","Carson, CA 90746","Carson, CA","CA",0.7228164,4,"18400 Avalon Blvd","stubhub-center","StubHub Center","https://seatgeek.com/venues/stubhub-center/tickets","US",0,"StubHub Center",33.8643,-118.261,NA,NA,NA
"34","2018-12-09_09.21.34",NA,FALSE,4346994,"Cincinnati Bengals at Cleveland Browns","2018-04-20T00:00:00",0.803,"nfl","normal","","2018-12-23T13:00:00","2018-12-23T22:00:00",FALSE,FALSE,"https://seatgeek.com/bengals-at-browns-tickets/12-23-2018-cleveland-ohio-firstenergy-stadium-15/nfl/4346994","2018-04-20T00:47:31",0.854,"Bengals at Browns","2018-12-23T18:00:00",FALSE,1322,95,47,75,653,47,558,FALSE,"2018-08-24T21:53:43Z","QRCODE",510,"44114","America/New_York",TRUE,1123,"Cleveland","Cleveland, OH 44114","Cleveland, OH","OH",0.86852187,3,"100 Alfred Lerner Way","firstenergy-stadium-15","FirstEnergy Stadium","https://seatgeek.com/venues/firstenergy-stadium-15/tickets","US",0,"FirstEnergy Stadium",41.5065,-81.7,FALSE,"2015-11-11T20:55:31Z","NONE"
"35","2018-12-09_09.21.34",NA,FALSE,4347013,"Houston Texans at Philadelphia Eagles","2018-04-20T00:00:00",0.846,"nfl","normal","","2018-12-23T13:00:00","2018-12-23T22:00:00",FALSE,FALSE,"https://seatgeek.com/texans-at-eagles-tickets/12-23-2018-philadelphia-pennsylvania-lincoln-financial-field/nfl/4347013","2018-04-20T00:47:35",0.89,"Texans at Eagles","2018-12-23T18:00:00",FALSE,1597,240,88,205,376,103,1124,FALSE,"2018-08-24T21:53:43Z","QRCODE",504,"19148","America/New_York",TRUE,330,"Philadelphia","Philadelphia, PA 19148","Philadelphia, PA","PA",0.90542686,10,"1020 Pattison Ave","lincoln-financial-field","Lincoln Financial Field","https://seatgeek.com/venues/lincoln-financial-field/tickets","US",0,"Lincoln Financial Field",39.9046,-75.1675,FALSE,"2015-07-10T00:00:00Z","QRCODE_TM"
"36","2018-12-09_09.21.34",NA,FALSE,4346959,"Green Bay Packers at New York Jets","2018-04-20T00:00:00",0.914,"nfl","normal","","2018-12-23T13:00:00","2018-12-23T22:00:00",FALSE,FALSE,"https://seatgeek.com/packers-at-jets-tickets/12-23-2018-east-rutherford-new-jersey-metlife-stadium/nfl/4346959","2018-04-20T00:47:22",0.947,"Packers at Jets","2018-12-23T18:00:00",FALSE,1373,195.7948,77,167,1077,80,1080,FALSE,"2018-08-24T21:53:43Z","QRCODE",501,"07073","America/New_York",TRUE,1587,"East Rutherford","East Rutherford, NJ 07073","East Rutherford, NJ","NJ",0.94873494,9,"1 MetLife Stadium Drive","metlife-stadium","MetLife Stadium","https://seatgeek.com/venues/metlife-stadium/tickets","US",0,"MetLife Stadium",40.8142,-74.0737,FALSE,"2015-09-12T14:14:07Z","QRCODE_TM"
"37","2018-12-09_09.21.34",NA,FALSE,4347085,"Jacksonville Jaguars at Miami Dolphins","2018-04-20T00:00:00",0.81,"nfl","normal","","2018-12-23T13:00:00","2018-12-23T22:00:00",FALSE,FALSE,"https://seatgeek.com/jaguars-at-dolphins-tickets/12-23-2018-miami-gardens-florida-hard-rock-stadium/nfl/4347085","2018-04-20T00:47:48",0.859,"Jaguars at Dolphins","2018-12-23T18:00:00",FALSE,1753,130.63556,48,103,225,48,1993,FALSE,"2018-08-24T21:53:43Z","QRCODE",528,"33056","America/New_York",TRUE,29,"Miami Gardens","Miami Gardens, FL 33056","Miami Gardens, FL","FL",0.8378203,36,"347 Don Shula Dr.","hard-rock-stadium","Hard Rock Stadium","https://seatgeek.com/venues/hard-rock-stadium/tickets","US",0,"Hard Rock Stadium",25.9579,-80.2388,FALSE,"2017-10-03T18:58:44Z","NONE"
"38","2018-12-09_09.21.34",NA,FALSE,4347046,"Atlanta Falcons at Carolina Panthers","2018-04-20T00:00:00",0.839,"nfl","normal","","2018-12-23T13:00:00","2018-12-23T22:00:00",FALSE,FALSE,"https://seatgeek.com/falcons-at-panthers-tickets/12-23-2018-charlotte-north-carolina-bank-of-america-stadium/nfl/4347046","2018-04-20T00:47:41",0.884,"Falcons at Panthers","2018-12-23T18:00:00",FALSE,1399,210,93,180,300,91,730,FALSE,"2018-08-24T21:53:43Z","QRCODE",517,"28202","America/New_York",TRUE,1122,"Charlotte","Charlotte, NC 28202","Charlotte, NC","NC",0.8968222,7,"800 South Mint Street","bank-of-america-stadium","Bank of America Stadium","https://seatgeek.com/venues/bank-of-america-stadium/tickets","US",0,"Bank of America Stadium",35.2243,-80.8524,FALSE,"2015-09-25T18:23:51Z","QRCODE_TM"
"39","2018-12-09_09.21.34",NA,FALSE,4347022,"Minnesota Vikings at Detroit Lions","2018-04-20T00:00:00",0.878,"nfl","normal","","2018-12-23T13:00:00","2018-12-23T22:00:00",FALSE,FALSE,"https://seatgeek.com/vikings-at-lions-tickets/12-23-2018-detroit-michigan-ford-field/nfl/4347022","2018-04-20T00:47:36",0.917,"Vikings at Lions","2018-12-23T18:00:00",FALSE,1110,144,52,118,572,59,2318,FALSE,"2018-08-24T21:53:43Z","QRCODE",505,"48226","America/Detroit",TRUE,346,"Detroit","Detroit, MI 48226","Detroit, MI","MI",0.9029952,5,"2000 Brush St.","ford-field","Ford Field","https://seatgeek.com/venues/ford-field/tickets","US",0,"Ford Field",42.34,-83.0459,FALSE,"2015-11-04T17:31:52Z","NONE"
"40","2018-12-09_09.21.34",NA,FALSE,4347093,"Buffalo Bills at New England Patriots","2018-04-20T00:00:00",0.884,"nfl","normal","","2018-12-23T13:00:00","2018-12-23T22:00:00",FALSE,FALSE,"https://seatgeek.com/bills-at-patriots-tickets/12-23-2018-foxborough-massachusetts-gillette-stadium/nfl/4347093","2018-04-20T00:47:50",0.918,"Bills at Patriots","2018-12-23T18:00:00",FALSE,722,404,221,353,162,221,1108,FALSE,"2018-08-24T21:53:43Z","QRCODE",506,"02035","America/New_York",TRUE,33,"Foxborough","Foxborough, MA 02035","Foxborough, MA","MA",0.8983344,7,"1 Patriot Place","gillette-stadium","Gillette Stadium","https://seatgeek.com/venues/gillette-stadium/tickets","US",0,"Gillette Stadium",42.0906,-71.2674,FALSE,"2018-08-22T15:36:58Z","NONE"
"41","2018-12-09_09.21.34",NA,FALSE,4346954,"New York Giants at Indianapolis Colts","2018-04-20T00:00:00",0.829,"nfl","normal","","2018-12-23T13:00:00","2018-12-23T22:00:00",FALSE,FALSE,"https://seatgeek.com/giants-at-colts-tickets/12-23-2018-indianapolis-indiana-lucas-oil-stadium/nfl/4346954","2018-04-20T00:47:20",0.875,"Giants at Colts","2018-12-23T18:00:00",FALSE,954,128.70787,62,106,445,66,492,FALSE,"2018-08-24T21:53:42Z","QRCODE",527,"46225","America/Indiana/Indianapolis",TRUE,1130,"Indianapolis","Indianapolis, IN 46225","Indianapolis, IN","IN",0.9071682,10,"500 South Capitol Avenue","lucas-oil-stadium","Lucas Oil Stadium","https://seatgeek.com/venues/lucas-oil-stadium/tickets","US",0,"Lucas Oil Stadium",39.7601,-86.1639,FALSE,"2018-09-13T22:29:37Z","QRCODE_TM"
"42","2018-12-09_09.21.34",NA,TRUE,4327918,"Tampa Bay Buccaneers at Dallas Cowboys","2018-04-05T00:00:00",0.889,"nfl","normal","","2018-12-23T12:00:00","2018-12-23T22:00:00",FALSE,FALSE,"https://seatgeek.com/buccaneers-at-cowboys-tickets/12-23-2018-arlington-texas-at-t-stadium/nfl/4327918","2018-04-05T23:08:46",0.92,"Buccaneers at Cowboys","2018-12-23T18:00:00",FALSE,1691,347.50122,27,285,2035,41,6191,FALSE,"2018-10-06T23:29:11Z","QRCODE_TM",623,"76011","America/Chicago",TRUE,4965,"Arlington","Arlington, TX 76011","Arlington, TX","TX",0.9751414,17,"1 AT&T Way","at-t-stadium","AT&T Stadium","https://seatgeek.com/venues/at-t-stadium/tickets","US",0,"AT&T Stadium",32.7459,-97.0957,FALSE,"2018-10-06T23:29:11Z","QRCODE_TM"
"43","2018-12-09_09.21.34",NA,FALSE,4347097,"Los Angeles Rams at Arizona Cardinals","2018-04-20T00:00:00",0.826,"nfl","normal","","2018-12-23T14:05:00","2018-12-24T01:05:00",FALSE,FALSE,"https://seatgeek.com/rams-at-cardinals-tickets/12-23-2018-glendale-arizona-state-farm-stadium/nfl/4347097","2018-04-20T00:47:50",0.872,"Rams at Cardinals","2018-12-23T21:05:00",FALSE,1448,111.646385,30,79,608,30,601,FALSE,"2018-08-24T21:53:43Z","QRCODE",753,"85305","America/Phoenix",TRUE,43,"Glendale","Glendale, AZ 85305","Glendale, AZ","AZ",0.93402725,9,"1 Cardinals Drive","state-farm-stadium","State Farm Stadium","https://seatgeek.com/venues/state-farm-stadium/tickets","US",0,"State Farm Stadium",33.5294,-112.262,FALSE,"2015-12-21T17:26:05Z","NONE"
"44","2018-12-09_09.21.34",NA,FALSE,4347116,"Chicago Bears at San Francisco 49ers","2018-04-20T00:00:00",0.888,"nfl","normal","","2018-12-23T13:05:00","2018-12-24T01:05:00",FALSE,FALSE,"https://seatgeek.com/bears-at-49ers-tickets/12-23-2018-santa-clara-california-levi-s-stadium/nfl/4347116","2018-04-20T00:47:54",0.923,"Bears at 49ers","2018-12-23T21:05:00",FALSE,1889,165.12886,51,144,551,51,533,FALSE,"2018-08-24T21:53:43Z","QRCODE",0,"95054","America/Los_Angeles",TRUE,58670,"Santa Clara","Santa Clara, CA 95054","Santa Clara, CA","CA",0.95768774,8,"4900 Marie P DeBartolo Way","levi-s-stadium","Levi's Stadium","https://seatgeek.com/venues/levi-s-stadium/tickets","US",0,"Levi's Stadium",37.4023,-121.969,FALSE,"2015-07-10T00:00:00Z","QRCODE_TM"
"45","2018-12-09_09.21.34",NA,TRUE,4346967,"Pittsburgh Steelers at New Orleans Saints","2018-04-20T00:00:00",0.883,"nfl","normal","","2018-12-23T15:25:00","2018-12-24T01:25:00",FALSE,FALSE,"https://seatgeek.com/steelers-at-saints-tickets/12-23-2018-new-orleans-louisiana-mercedes-benz-superdome/nfl/4346967","2018-04-20T00:47:24",0.915,"Steelers at Saints","2018-12-23T21:25:00",FALSE,421,643,282,558,429,282,2746,FALSE,"2018-05-29T20:39:33Z","QRCODE",622,"70112","America/Chicago",TRUE,128,"New Orleans","New Orleans, LA 70112","New Orleans, LA","LA",0.8966978,9,"1500 Sugar Bowl Drive","mercedes-benz-superdome","Mercedes-Benz Superdome","https://seatgeek.com/venues/mercedes-benz-superdome/tickets","US",0,"Mercedes-Benz Superdome",29.9515,-90.0786,FALSE,"2018-08-27T20:46:59Z","QRCODE_TM"
"46","2018-12-09_09.21.34",NA,FALSE,4347121,"Kansas City Chiefs at Seattle Seahawks","2018-04-20T00:00:00",0.87,"nfl","normal","","2018-12-23T17:20:00","2018-12-24T05:20:00",FALSE,FALSE,"https://seatgeek.com/chiefs-at-seahawks-tickets/12-23-2018-seattle-washington-centurylink-field/nfl/4347121","2018-04-20T00:47:55",0.907,"Chiefs at Seahawks","2018-12-24T01:20:00",FALSE,1553,440.9624,177,397,133,215,1791,FALSE,"2018-08-24T21:53:43Z","QRCODE",819,"98134","America/Los_Angeles",TRUE,339,"Seattle","Seattle, WA 98134","Seattle, WA","WA",0.87232786,9,"800 Occidental Ave S","centurylink-field","CenturyLink Field","https://seatgeek.com/venues/centurylink-field/tickets","US",0,"CenturyLink Field",47.5948,-122.332,FALSE,"2018-03-02T22:54:54Z","QRCODE"
"47","2018-12-09_09.21.34",NA,FALSE,4347150,"Denver Broncos at Oakland Raiders","2018-04-20T00:00:00",0.831,"nfl","normal","","2018-12-24T17:15:00","2018-12-25T05:15:00",FALSE,FALSE,"https://seatgeek.com/broncos-at-raiders-tickets/12-24-2018-oakland-california-oakland-alameda-county-coliseum/nfl/4347150","2018-04-20T01:04:24",0.872,"Broncos at Raiders","2018-12-25T01:15:00",FALSE,2271,145.16809,36,123,583,36,1385,FALSE,"2018-08-24T21:53:43Z","QRCODE",807,"94621","America/Los_Angeles",TRUE,14,"Oakland","Oakland, CA 94621","Oakland, CA","CA",0.7817843,86,"7000 Coliseum Way","oakland-alameda-county-coliseum","Oakland-Alameda County Coliseum","https://seatgeek.com/venues/oakland-alameda-county-coliseum/tickets","US",0,"Oakland-Alameda County Coliseum",37.7469,-122.201,FALSE,"2015-06-24T00:00:00Z","PDF417"
"48","2018-12-09_09.21.34",NA,FALSE,4346984,"Indianapolis Colts at Tennessee Titans","2018-04-20T00:00:00",0.798,"nfl","normal","","2018-12-30T12:00:00","2018-12-30T22:00:00",FALSE,FALSE,"https://seatgeek.com/colts-at-titans-tickets/12-30-2018-nashville-tennessee-nissan-stadium/nfl/4346984","2018-04-20T00:47:28",0.833,"Colts at Titans","2018-12-30T18:00:00",FALSE,1425,167,60,153,200,60,622,FALSE,"2018-08-24T21:53:43Z","QRCODE",659,"37213","America/Chicago",TRUE,1126,"Nashville","Nashville, TN 37213","Nashville, TN","TN",0.8546275,15,"1 Titans Way","nissan-stadium","Nissan Stadium","https://seatgeek.com/venues/nissan-stadium/tickets","US",0,"Nissan Stadium",36.1665,-86.7713,FALSE,"2015-10-19T15:09:39Z","NONE"
"49","2018-12-09_09.21.34",NA,FALSE,4347065,"Cleveland Browns at Baltimore Ravens","2018-04-20T00:00:00",0.779,"nfl","normal","","2018-12-30T13:00:00","2018-12-30T22:00:00",FALSE,FALSE,"https://seatgeek.com/browns-at-ravens-tickets/12-30-2018-baltimore-maryland-m-t-bank-stadium/nfl/4347065","2018-04-20T00:47:44",0.817,"Browns at Ravens","2018-12-30T18:00:00",FALSE,2079,113,34,88,467,34,538,FALSE,"2018-08-24T21:53:43Z","QRCODE",512,"21230","America/New_York",TRUE,1121,"Baltimore","Baltimore, MD 21230","Baltimore, MD","MD",0.8927189,4,"1101 Russell St","m-t-bank-stadium","M&T Bank Stadium","https://seatgeek.com/venues/m-t-bank-stadium/tickets","US",0,"M&T Bank Stadium",39.2774,-76.623,FALSE,"2015-08-04T00:00:00Z","QRCODE_TM"
"50","2018-12-09_09.21.34",NA,FALSE,4346934,"Philadelphia Eagles at Washington Redskins","2018-04-20T00:00:00",0.888,"nfl","normal","","2018-12-30T13:00:00","2018-12-30T22:00:00",FALSE,FALSE,"https://seatgeek.com/eagles-at-redskins-tickets/12-30-2018-landover-maryland-fedex-field/nfl/4346934","2018-04-20T00:47:17",0.914,"Eagles at Redskins","2018-12-30T18:00:00",FALSE,1242,187,100,170,699,104,552,FALSE,"2018-08-24T21:53:43Z","QRCODE",511,"20785","America/New_York",TRUE,35,"Landover","Landover, MD 20785","Landover, MD","MD",0.9333444,5,"1600 Fedex Way","fedex-field","FedEx Field","https://seatgeek.com/venues/fedex-field/tickets","US",0,"FedEx Field",38.9071,-76.8658,FALSE,"2015-09-12T14:13:58Z","QRCODE_TM"
"51","2018-12-09_09.21.34",NA,FALSE,4347090,"New York Jets at New England Patriots","2018-04-20T00:00:00",0.888,"nfl","normal","","2018-12-30T13:00:00","2018-12-30T22:00:00",FALSE,FALSE,"https://seatgeek.com/jets-at-patriots-tickets/12-30-2018-foxborough-massachusetts-gillette-stadium/nfl/4347090","2018-04-20T00:47:49",0.912,"Jets at Patriots","2018-12-30T18:00:00",FALSE,861,385.86832,187,331,243,187,1807,FALSE,"2018-08-24T21:53:43Z","QRCODE",506,"02035","America/New_York",TRUE,33,"Foxborough","Foxborough, MA 02035","Foxborough, MA","MA",0.8983344,7,"1 Patriot Place","gillette-stadium","Gillette Stadium","https://seatgeek.com/venues/gillette-stadium/tickets","US",0,"Gillette Stadium",42.0906,-71.2674,FALSE,"2018-08-22T15:36:58Z","NONE"
"52","2018-12-09_09.21.34",NA,FALSE,4347012,"Jacksonville Jaguars at Houston Texans","2018-04-20T00:00:00",0.826,"nfl","normal","","2018-12-30T12:00:00","2018-12-30T22:00:00",FALSE,FALSE,"https://seatgeek.com/jaguars-at-texans-tickets/12-30-2018-houston-texas-nrg-stadium/nfl/4347012","2018-04-20T00:47:34",0.856,"Jaguars at Texans","2018-12-30T18:00:00",FALSE,1546,211,79,177,650,79,2233,FALSE,"2018-08-24T21:53:43Z","QRCODE",618,"77054","America/Chicago",TRUE,41,"Houston","Houston, TX 77054","Houston, TX","TX",0.8624192,36,"1 Reliant Park","nrg-stadium","NRG Stadium","https://seatgeek.com/venues/nrg-stadium/tickets","US",0,"NRG Stadium",29.6847,-95.4107,FALSE,"2015-11-04T18:42:27Z","QRCODE_TM"
"53","2018-12-09_09.21.34",NA,FALSE,4347030,"Dallas Cowboys at New York Giants","2018-04-20T00:00:00",0.933,"nfl","normal","","2018-12-30T13:00:00","2018-12-30T22:00:00",FALSE,FALSE,"https://seatgeek.com/cowboys-at-giants-tickets/12-30-2018-east-rutherford-new-jersey-metlife-stadium/nfl/4347030","2018-04-20T00:47:37",0.947,"Cowboys at Giants","2018-12-30T18:00:00",FALSE,1675,388,145,298,338,145,14117,FALSE,"2018-08-24T21:53:43Z","QRCODE",501,"07073","America/New_York",TRUE,1587,"East Rutherford","East Rutherford, NJ 07073","East Rutherford, NJ","NJ",0.94873494,9,"1 MetLife Stadium Drive","metlife-stadium","MetLife Stadium","https://seatgeek.com/venues/metlife-stadium/tickets","US",0,"MetLife Stadium",40.8142,-74.0737,FALSE,"2015-09-12T14:14:07Z","QRCODE_TM"
"54","2018-12-09_09.21.34",NA,FALSE,4347076,"Cincinnati Bengals at Pittsburgh Steelers","2018-04-20T00:00:00",0.836,"nfl","normal","","2018-12-30T13:00:00","2018-12-30T22:00:00",FALSE,FALSE,"https://seatgeek.com/bengals-at-steelers-tickets/12-30-2018-pittsburgh-pennsylvania-heinz-field/nfl/4347076","2018-04-20T00:47:46",0.867,"Bengals at Steelers","2018-12-30T18:00:00",FALSE,1519,251,96,214,288,95,1195,FALSE,"2018-08-24T21:53:43Z","QRCODE",508,"15212","America/New_York",TRUE,1119,"Pittsburgh","Pittsburgh, PA 15212","Pittsburgh, PA","PA",0.9033526,5,"100 Art Rooney Avenue","heinz-field","Heinz Field","https://seatgeek.com/venues/heinz-field/tickets","US",0,"Heinz Field",40.4468,-80.0158,FALSE,"2018-10-04T12:42:28Z","QRCODE"
"55","2018-12-09_09.21.34",NA,FALSE,4347056,"Miami Dolphins at Buffalo Bills","2018-04-20T00:00:00",0.785,"nfl","normal","","2018-12-30T13:00:00","2018-12-30T22:00:00",FALSE,FALSE,"https://seatgeek.com/dolphins-at-bills-tickets/12-30-2018-orchard-park-new-york-new-era-field/nfl/4347056","2018-04-20T00:47:43",0.825,"Dolphins at Bills","2018-12-30T18:00:00",FALSE,1729,60,13,44,874,15,352,FALSE,"2018-08-24T21:53:43Z","QRCODE",514,"14127","America/New_York",TRUE,1135,"Orchard Park","Orchard Park, NY 14127","Orchard Park, NY","NY",0.8815085,3,"1 Bills Drive","new-era-field","New Era Field","https://seatgeek.com/venues/new-era-field/tickets","US",0,"New Era Field",42.7737,-78.7874,FALSE,"2015-08-12T16:52:53Z","QRCODE_TM"
"56","2018-12-09_09.21.34",NA,TRUE,4346966,"Carolina Panthers at New Orleans Saints","2018-04-20T00:00:00",0.848,"nfl","normal","","2018-12-30T12:00:00","2018-12-30T22:00:00",FALSE,FALSE,"https://seatgeek.com/panthers-at-saints-tickets/12-30-2018-new-orleans-louisiana-mercedes-benz-superdome/nfl/4346966","2018-04-20T00:47:23",0.879,"Panthers at Saints","2018-12-30T18:00:00",FALSE,552,494,238,417,531,238,1905,FALSE,"2018-05-29T20:39:40Z","QRCODE",622,"70112","America/Chicago",TRUE,128,"New Orleans","New Orleans, LA 70112","New Orleans, LA","LA",0.8966978,9,"1500 Sugar Bowl Drive","mercedes-benz-superdome","Mercedes-Benz Superdome","https://seatgeek.com/venues/mercedes-benz-superdome/tickets","US",0,"Mercedes-Benz Superdome",29.9515,-90.0786,FALSE,"2018-08-27T20:46:59Z","QRCODE_TM"
"57","2018-12-09_09.21.34",NA,FALSE,4347134,"Chicago Bears at Minnesota Vikings","2018-04-20T00:00:00",0.867,"nfl","normal","","2018-12-30T12:00:00","2018-12-30T22:00:00",FALSE,FALSE,"https://seatgeek.com/bears-at-vikings-tickets/12-30-2018-minneapolis-minnesota-u-s-bank-stadium/nfl/4347134","2018-04-20T01:04:04",0.895,"Bears at Vikings","2018-12-30T18:00:00",FALSE,904,481,125,418,354,246,1795,FALSE,"2018-08-24T21:53:43Z","QRCODE",0,"55415","America/Chicago",TRUE,218451,"Minneapolis","Minneapolis, MN 55415","Minneapolis, MN","MN",0.88524246,19,"401 Chicago Avenue","u-s-bank-stadium","U.S. Bank Stadium","https://seatgeek.com/venues/u-s-bank-stadium/tickets","US",0,"U.S. Bank Stadium",44.9751,-93.2582,FALSE,"2018-08-22T15:34:15Z","NONE"
"58","2018-12-09_09.21.34",NA,FALSE,4346977,"Oakland Raiders at Kansas City Chiefs","2018-04-20T00:00:00",0.842,"nfl","normal","","2018-12-30T12:00:00","2018-12-30T22:00:00",FALSE,FALSE,"https://seatgeek.com/raiders-at-chiefs-tickets/12-30-2018-kansas-city-missouri-arrowhead-stadium/nfl/4346977","2018-04-20T00:47:26",0.871,"Raiders at Chiefs","2018-12-30T18:00:00",FALSE,1082,154,67,137,656,65,597,FALSE,"2018-08-24T21:53:43Z","QRCODE",616,"64129","America/Chicago",TRUE,1128,"Kansas City","Kansas City, MO 64129","Kansas City, MO","MO",0.8827867,5,"1 Arrowhead Drive","arrowhead-stadium","Arrowhead Stadium","https://seatgeek.com/venues/arrowhead-stadium/tickets","US",0,"Arrowhead Stadium",39.0489,-94.4839,FALSE,"2015-08-20T16:20:51Z","QRCODE_TM"
"59","2018-12-09_09.21.34",NA,FALSE,4346913,"Detroit Lions at Green Bay Packers","2018-04-20T00:00:00",0.851,"nfl","normal","","2018-12-30T12:00:00","2018-12-30T22:00:00",FALSE,FALSE,"https://seatgeek.com/lions-at-packers-tickets/12-30-2018-green-bay-wisconsin-lambeau-field/nfl/4346913","2018-04-20T00:47:13",0.881,"Lions at Packers","2018-12-30T18:00:00",FALSE,1440,156.37021,54,139,235,62,373,FALSE,"2018-08-24T21:53:43Z","QRCODE",658,"54304","America/Chicago",TRUE,1125,"Green Bay","Green Bay, WI 54304","Green Bay, WI","WI",0.92909414,5,"1265 Lombardi Avenue","lambeau-field","Lambeau Field","https://seatgeek.com/venues/lambeau-field/tickets","US",0,"Lambeau Field",44.5013,-88.0622,FALSE,"2015-09-02T22:43:34Z","QRCODE_TM"
"60","2018-12-09_09.21.34",NA,FALSE,4346925,"Atlanta Falcons at Tampa Bay Buccaneers","2018-04-20T00:00:00",0.819,"nfl","normal","","2018-12-30T13:00:00","2018-12-30T22:00:00",FALSE,FALSE,"https://seatgeek.com/falcons-at-buccaneers-tickets/12-30-2018-tampa-florida-raymond-james-stadium/nfl/4346925","2018-04-20T00:47:15",0.85,"Falcons at Buccaneers","2018-12-30T18:00:00",FALSE,962,168,74,121,351,69,525,FALSE,"2018-08-24T21:53:43Z","QRCODE",539,"33607","America/New_York",TRUE,39,"Tampa","Tampa, FL 33607","Tampa, FL","FL",0.86513025,7,"4201 North Dale Mabry Highway","raymond-james-stadium","Raymond James Stadium","https://seatgeek.com/venues/raymond-james-stadium/tickets","US",0,"Raymond James Stadium",27.9753,-82.5034,FALSE,"2015-08-24T14:44:53Z","QRCODE_TM"
"61","2018-12-09_09.21.34",NA,FALSE,4347147,"Los Angeles Chargers at Denver Broncos","2018-04-20T00:00:00",0.834,"nfl","normal","","2018-12-30T14:25:00","2018-12-31T01:25:00",FALSE,FALSE,"https://seatgeek.com/chargers-at-broncos-tickets/12-30-2018-denver-colorado-broncos-stadium-at-mile-high/nfl/4347147","2018-04-20T01:04:06",0.868,"Chargers at Broncos","2018-12-30T21:25:00",FALSE,1643,330,91,278,71,145,864,FALSE,"2018-08-24T21:53:43Z","QRCODE",751,"80204","America/Denver",TRUE,1131,"Denver","Denver, CO 80204","Denver, CO","CO",0.9028296,5,"1701 Bryant St.","broncos-stadium-at-mile-high","Broncos Stadium at Mile High","https://seatgeek.com/venues/broncos-stadium-at-mile-high/tickets","US",0,"Broncos Stadium at Mile High",39.74,-105.02,FALSE,"2015-08-07T18:39:02Z","QRCODE_TM"
"62","2018-12-09_09.21.34",NA,FALSE,4346938,"San Francisco 49ers at Los Angeles Rams","2018-04-20T00:00:00",0.857,"nfl","normal","","2018-12-30T13:25:00","2018-12-31T01:25:00",FALSE,FALSE,"https://seatgeek.com/49ers-at-rams-tickets/12-30-2018-los-angeles-california-los-angeles-memorial-coliseum-1/nfl/4346938","2018-04-20T00:47:17",0.881,"49ers at Rams","2018-12-30T21:25:00",FALSE,1560,224.67763,83,176,456,83,1125,FALSE,"2018-08-24T21:53:43Z","QRCODE",0,"90037","America/Los_Angeles",TRUE,51012,"Los Angeles","Los Angeles, CA 90037","Los Angeles, CA","CA",0.86898464,4,"3911 S Figueroa St","los-angeles-memorial-coliseum-1","Los Angeles Memorial Coliseum","https://seatgeek.com/venues/los-angeles-memorial-coliseum-1/tickets","US",0,"Los Angeles Memorial Coliseum",34.0138,-118.288,FALSE,"2018-08-23T17:59:28Z","QRCODE"
"63","2018-12-09_09.21.34",NA,FALSE,4347120,"Arizona Cardinals at Seattle Seahawks","2018-04-20T00:00:00",0.848,"nfl","normal","","2018-12-30T13:25:00","2018-12-31T01:25:00",FALSE,FALSE,"https://seatgeek.com/cardinals-at-seahawks-tickets/12-30-2018-seattle-washington-centurylink-field/nfl/4347120","2018-04-20T00:47:54",0.875,"Cardinals at Seahawks","2018-12-30T21:25:00",FALSE,1655,340.2973,144,349,185,144,841,FALSE,"2018-08-24T21:53:43Z","QRCODE",819,"98134","America/Los_Angeles",TRUE,339,"Seattle","Seattle, WA 98134","Seattle, WA","WA",0.87232786,9,"800 Occidental Ave S","centurylink-field","CenturyLink Field","https://seatgeek.com/venues/centurylink-field/tickets","US",0,"CenturyLink Field",47.5948,-122.332,FALSE,"2018-03-02T22:54:54Z","QRCODE"
"64","2018-12-09_09.21.34",NA,FALSE,4642386,"Wild Card Or Divisional Round Game: TBD at Pittsburgh Steelers (Date TBA)","2018-11-20T00:00:00",0.823,"nfl","normal","","2019-01-05T03:30:00","2019-01-06T05:00:00",TRUE,TRUE,"https://seatgeek.com/wild-card-or-divisional-round-game-tbd-at-pittsburgh-steelers-date-tba-tickets/1-5-2019-pittsburgh-pennsylvania-heinz-field/nfl/4642386","2018-11-20T01:53:48",0.804,"Wild Card Or Divisional Round Gm: TBD at Steelers","2019-01-05T08:30:00",TRUE,377,414.67358,161,365,337,161,1546,FALSE,"2018-10-04T12:42:28Z","QRCODE",508,"15212","America/New_York",TRUE,1119,"Pittsburgh","Pittsburgh, PA 15212","Pittsburgh, PA","PA",0.9033526,5,"100 Art Rooney Avenue","heinz-field","Heinz Field","https://seatgeek.com/venues/heinz-field/tickets","US",0,"Heinz Field",40.4468,-80.0158,FALSE,"2018-10-04T12:42:28Z","QRCODE"
"65","2018-12-09_09.21.34",NA,FALSE,4642376,"Wild Card Or Divisional Round Game: TBD at Carolina Panthers (Date TBA)","2018-11-20T00:00:00",0.766,"nfl","normal","","2019-01-05T03:30:00","2019-01-06T05:00:00",TRUE,TRUE,"https://seatgeek.com/wild-card-or-divisional-round-game-tbd-at-carolina-panthers-date-tba-tickets/1-5-2019-charlotte-north-carolina-bank-of-america-stadium/nfl/4642376","2018-11-20T01:53:48",0.739,"Wild Card Or Divisional Round Gm: TBD at Panthers","2019-01-05T08:30:00",TRUE,22,1101.7,348,534,20,337,11909,FALSE,"2015-09-25T18:23:51Z","QRCODE_TM",517,"28202","America/New_York",TRUE,1122,"Charlotte","Charlotte, NC 28202","Charlotte, NC","NC",0.8968222,7,"800 South Mint Street","bank-of-america-stadium","Bank of America Stadium","https://seatgeek.com/venues/bank-of-america-stadium/tickets","US",0,"Bank of America Stadium",35.2243,-80.8524,FALSE,"2015-09-25T18:23:51Z","QRCODE_TM"
"66","2018-12-09_09.21.34",NA,FALSE,4642383,"Wild Card Or Divisional Round Game: TBD at Philadelphia Eagles","2018-11-20T00:00:00",0.667,"nfl","normal","","2019-01-05T03:30:00","2019-01-06T05:00:00",TRUE,FALSE,"https://seatgeek.com/wild-card-or-divisional-round-game-tbd-at-philadelphia-eagles-tickets/1-5-2019-philadelphia-pennsylvania-lincoln-financial-field/nfl/4642383","2018-11-20T01:53:48",0.653,"Wild Card Or Divisional Round Gm: TBD at Eagles","2019-01-05T08:30:00",FALSE,25,513.7083,331,400,24,319,1120,FALSE,"2015-07-10T00:00:00Z","QRCODE_TM",504,"19148","America/New_York",TRUE,330,"Philadelphia","Philadelphia, PA 19148","Philadelphia, PA","PA",0.90542686,10,"1020 Pattison Ave","lincoln-financial-field","Lincoln Financial Field","https://seatgeek.com/venues/lincoln-financial-field/tickets","US",0,"Lincoln Financial Field",39.9046,-75.1675,FALSE,"2015-07-10T00:00:00Z","QRCODE_TM"
"67","2018-12-09_09.21.34",NA,FALSE,4644123,"Wild Card Or Divisional Round Game: TBD at Washington Redskins","2018-11-21T00:00:00",0.695,"nfl","normal","","2019-01-05T03:30:00","2019-01-06T05:00:00",TRUE,FALSE,"https://seatgeek.com/wild-card-or-divisional-round-game-tbd-at-washington-redskins-tickets/1-5-2019-landover-maryland-fedex-field/nfl/4644123","2018-11-21T15:52:20",0.671,"Wild Card Or Divisional Round Gm: TBD at Redskins","2019-01-05T08:30:00",FALSE,NA,NA,NA,NA,NA,NA,NA,FALSE,"2015-09-12T14:13:58Z","QRCODE_TM",511,"20785","America/New_York",TRUE,35,"Landover","Landover, MD 20785","Landover, MD","MD",0.9333444,5,"1600 Fedex Way","fedex-field","FedEx Field","https://seatgeek.com/venues/fedex-field/tickets","US",0,"FedEx Field",38.9071,-76.8658,FALSE,"2015-09-12T14:13:58Z","QRCODE_TM"
"68","2018-12-09_09.21.34",NA,FALSE,4642400,"Wild Card Or Divisional Round Game: TBD at New England Patriots (Date TBA)","2018-11-20T00:00:00",0.837,"nfl","normal","","2019-01-05T03:30:00","2019-01-06T05:00:00",TRUE,TRUE,"https://seatgeek.com/wild-card-or-divisional-round-game-tbd-at-new-england-patriots-date-tba-tickets/1-5-2019-foxborough-massachusetts-gillette-stadium/nfl/4642400","2018-11-20T01:53:49",0.828,"Wild Card Or Divisional Round Gm: TBD at Patriots","2019-01-05T08:30:00",TRUE,153,810.36957,280,732,92,388,2017,FALSE,"2018-08-22T15:36:58Z","NONE",506,"02035","America/New_York",TRUE,33,"Foxborough","Foxborough, MA 02035","Foxborough, MA","MA",0.8983344,7,"1 Patriot Place","gillette-stadium","Gillette Stadium","https://seatgeek.com/venues/gillette-stadium/tickets","US",0,"Gillette Stadium",42.0906,-71.2674,FALSE,"2018-08-22T15:36:58Z","NONE"
"69","2018-12-09_09.21.34",NA,FALSE,4642603,"Wild Card Or Divisional Round Game: TBD at Indianapolis Colts","2018-11-20T00:00:00",0.757,"nfl","normal","","2019-01-05T03:30:00","2019-01-06T05:00:00",TRUE,FALSE,"https://seatgeek.com/wild-card-or-divisional-round-game-tbd-at-indianapolis-colts-tickets/1-5-2019-indianapolis-indiana-lucas-oil-stadium/nfl/4642603","2018-11-20T16:01:34",0.742,"Wild Card Or Divisional Round Gm: TBD at Colts","2019-01-05T08:30:00",FALSE,10,1378.6666,231,555,6,233,3419,FALSE,"2018-09-13T22:29:37Z","QRCODE_TM",527,"46225","America/Indiana/Indianapolis",TRUE,1130,"Indianapolis","Indianapolis, IN 46225","Indianapolis, IN","IN",0.9071682,10,"500 South Capitol Avenue","lucas-oil-stadium","Lucas Oil Stadium","https://seatgeek.com/venues/lucas-oil-stadium/tickets","US",0,"Lucas Oil Stadium",39.7601,-86.1639,FALSE,"2018-09-13T22:29:37Z","QRCODE_TM"
"70","2018-12-09_09.21.34",NA,FALSE,4642395,"Wild Card Or Divisional Round Game: TBD at Miami Dolphins","2018-11-20T00:00:00",0.709,"nfl","normal","","2019-01-05T03:30:00","2019-01-06T05:00:00",TRUE,FALSE,"https://seatgeek.com/wild-card-or-divisional-round-game-tbd-at-miami-dolphins-tickets/1-5-2019-miami-gardens-florida-hard-rock-stadium/nfl/4642395","2018-11-20T01:53:48",0.671,"Wild Card Or Divisional Round Gm: TBD at Dolphins","2019-01-05T08:30:00",FALSE,2,618.5,615,615,2,615,622,FALSE,"2017-10-03T18:58:44Z","NONE",528,"33056","America/New_York",TRUE,29,"Miami Gardens","Miami Gardens, FL 33056","Miami Gardens, FL","FL",0.8378203,36,"347 Don Shula Dr.","hard-rock-stadium","Hard Rock Stadium","https://seatgeek.com/venues/hard-rock-stadium/tickets","US",0,"Hard Rock Stadium",25.9579,-80.2388,FALSE,"2017-10-03T18:58:44Z","NONE"
"71","2018-12-09_09.21.34",NA,FALSE,4642613,"Wild Card Or Divisional Round Game: TBD at Baltimore Ravens","2018-11-20T00:00:00",0.744,"nfl","normal","","2019-01-05T03:30:00","2019-01-06T05:00:00",TRUE,FALSE,"https://seatgeek.com/wild-card-or-divisional-round-game-tbd-at-baltimore-ravens-tickets/1-5-2019-baltimore-maryland-m-t-bank-stadium/nfl/4642613","2018-11-20T16:01:39",0.73,"Wild Card Or Divisional Round Gm: TBD at Ravens","2019-01-05T08:30:00",FALSE,232,545.3826,240,449,230,221,1366,FALSE,"2015-08-04T00:00:00Z","QRCODE_TM",512,"21230","America/New_York",TRUE,1121,"Baltimore","Baltimore, MD 21230","Baltimore, MD","MD",0.8927189,4,"1101 Russell St","m-t-bank-stadium","M&T Bank Stadium","https://seatgeek.com/venues/m-t-bank-stadium/tickets","US",0,"M&T Bank Stadium",39.2774,-76.623,FALSE,"2015-08-04T00:00:00Z","QRCODE_TM"
"72","2018-12-09_09.21.34",NA,FALSE,4642378,"Wild Card Game: TBD at Minnesota Vikings (Date TBA)","2018-11-20T00:00:00",0.832,"nfl","normal","","2019-01-05T03:30:00","2019-01-06T06:00:00",TRUE,TRUE,"https://seatgeek.com/wild-card-game-tbd-at-minnesota-vikings-date-tba-tickets/1-5-2019-minneapolis-minnesota-u-s-bank-stadium/nfl/4642378","2018-11-20T01:53:48",0.811,"Wild Card Gm: TBD at Vikings","2019-01-05T09:30:00",TRUE,23,462.1875,209,471,16,209,983,FALSE,"2018-08-22T15:34:15Z","NONE",0,"55415","America/Chicago",TRUE,218451,"Minneapolis","Minneapolis, MN 55415","Minneapolis, MN","MN",0.88524246,19,"401 Chicago Avenue","u-s-bank-stadium","U.S. Bank Stadium","https://seatgeek.com/venues/u-s-bank-stadium/tickets","US",0,"U.S. Bank Stadium",44.9751,-93.2582,FALSE,"2018-08-22T15:34:15Z","NONE"
"73","2018-12-09_09.21.34",NA,FALSE,4642393,"Wild Card Or Divisional Round Game: TBD at Tennessee Titans","2018-11-20T00:00:00",0.662,"nfl","normal","","2019-01-05T03:30:00","2019-01-06T06:00:00",TRUE,FALSE,"https://seatgeek.com/wild-card-or-divisional-round-game-tbd-at-tennessee-titans-tickets/1-5-2019-nashville-tennessee-nissan-stadium/nfl/4642393","2018-11-20T01:53:48",0.646,"Wild Card Or Divisional Round Gm: TBD at Titans","2019-01-05T09:30:00",FALSE,11,16844.5,722,617,8,561,119072,FALSE,"2015-10-19T15:09:39Z","NONE",659,"37213","America/Chicago",TRUE,1126,"Nashville","Nashville, TN 37213","Nashville, TN","TN",0.8546275,15,"1 Titans Way","nissan-stadium","Nissan Stadium","https://seatgeek.com/venues/nissan-stadium/tickets","US",0,"Nissan Stadium",36.1665,-86.7713,FALSE,"2015-10-19T15:09:39Z","NONE"
"74","2018-12-09_09.21.34",NA,FALSE,4642396,"Wild Card Or Divisional Round Game: TBD at Kansas City Chiefs (Date TBA)","2018-11-20T00:00:00",0.786,"nfl","normal","","2019-01-05T03:30:00","2019-01-06T06:00:00",TRUE,TRUE,"https://seatgeek.com/wild-card-or-divisional-round-game-tbd-at-kansas-city-chiefs-date-tba-tickets/1-5-2019-kansas-city-missouri-arrowhead-stadium/nfl/4642396","2018-11-20T01:53:48",0.759,"Wild Card Or Divisional Round Gm: TBD at Chiefs","2019-01-05T09:30:00",TRUE,1020,270.97534,117,227,892,117,876,FALSE,"2015-08-20T16:20:51Z","QRCODE_TM",616,"64129","America/Chicago",TRUE,1128,"Kansas City","Kansas City, MO 64129","Kansas City, MO","MO",0.8827867,5,"1 Arrowhead Drive","arrowhead-stadium","Arrowhead Stadium","https://seatgeek.com/venues/arrowhead-stadium/tickets","US",0,"Arrowhead Stadium",39.0489,-94.4839,FALSE,"2015-08-20T16:20:51Z","QRCODE_TM"
"75","2018-12-09_09.21.34",NA,FALSE,4642374,"Wild Card Or Divisional Round Game: TBD at Houston Texans (Date TBA)","2018-11-20T00:00:00",0.814,"nfl","normal","","2019-01-05T03:30:00","2019-01-06T06:00:00",TRUE,TRUE,"https://seatgeek.com/wild-card-or-divisional-round-game-tbd-at-houston-texans-date-tba-tickets/1-5-2019-houston-texas-nrg-stadium/nfl/4642374","2018-11-20T01:52:45",0.776,"Wild Card Or Divisional Round Gm: TBD at Texans","2019-01-05T09:30:00",TRUE,217,575,197,478,213,197,1459,FALSE,"2015-11-04T18:42:27Z","QRCODE_TM",618,"77054","America/Chicago",TRUE,41,"Houston","Houston, TX 77054","Houston, TX","TX",0.8624192,36,"1 Reliant Park","nrg-stadium","NRG Stadium","https://seatgeek.com/venues/nrg-stadium/tickets","US",0,"NRG Stadium",29.6847,-95.4107,FALSE,"2015-11-04T18:42:27Z","QRCODE_TM"
"76","2018-12-09_09.21.34",NA,FALSE,4642377,"Wild Card Or Divisional Round Game: TBD at Chicago Bears (Date TBA)","2018-11-20T00:00:00",0.853,"nfl","normal","","2019-01-05T03:30:00","2019-01-06T06:00:00",TRUE,TRUE,"https://seatgeek.com/wild-card-or-divisional-round-game-tbd-at-chicago-bears-date-tba-tickets/1-5-2019-chicago-illinois-soldier-field/nfl/4642377","2018-11-20T01:53:48",0.817,"Wild Card Or Divisional Round Gm: TBD at Bears","2019-01-05T09:30:00",TRUE,143,653.1605,313,528,81,313,1711,FALSE,"2018-06-02T00:44:08Z","NONE",602,"60605","America/Chicago",TRUE,31,"Chicago","Chicago, IL 60605","Chicago, IL","IL",0.940013,26,"1410 S. Museum Campus Drive","soldier-field","Soldier Field","https://seatgeek.com/venues/soldier-field/tickets","US",0,"Soldier Field",41.8623,-87.6159,FALSE,"2018-06-02T00:44:08Z","NONE"
"77","2018-12-09_09.21.34",NA,FALSE,4642381,"Wild Card Or Divisional Round Game: TBD at Los Angeles Rams - Home Game 1 (Date TBA)","2018-11-20T00:00:00",0.797,"nfl","normal","","2019-01-05T03:30:00","2019-01-06T08:00:00",TRUE,TRUE,"https://seatgeek.com/wild-card-or-divisional-round-game-tbd-at-los-angeles-rams-home-game-1-date-tba-tickets/1-5-2019-los-angeles-california-los-angeles-memorial-coliseum-1/nfl/4642381","2018-11-20T01:53:48",0.814,"Wild Card Or Divisional Round Gm - Home Gm 1: TBD at Rams","2019-01-05T11:30:00",TRUE,1367,529.7077,144,423,1721,144,6583,FALSE,"2018-08-23T17:59:28Z","QRCODE",0,"90037","America/Los_Angeles",TRUE,51012,"Los Angeles","Los Angeles, CA 90037","Los Angeles, CA","CA",0.86898464,8,"3911 S Figueroa St","los-angeles-memorial-coliseum-1","Los Angeles Memorial Coliseum","https://seatgeek.com/venues/los-angeles-memorial-coliseum-1/tickets","US",0,"Los Angeles Memorial Coliseum",34.0138,-118.288,FALSE,"2018-08-23T17:59:28Z","QRCODE"
"78","2018-12-09_09.21.34",NA,FALSE,4642390,"Wild Card Or Divisional Round Game: TBD at Los Angeles Chargers (Date TBA)","2018-11-20T00:00:00",0.732,"nfl","normal","","2019-01-05T03:30:00","2019-01-06T08:00:00",TRUE,TRUE,"https://seatgeek.com/wild-card-or-divisional-round-game-tbd-at-los-angeles-chargers-date-tba-tickets/1-5-2019-carson-california-stubhub-center/nfl/4642390","2018-11-20T01:53:48",0.695,"Wild Card Or Divisional Round Gm: TBD at Chargers","2019-01-05T11:30:00",TRUE,94,973.9072,379,920,97,379,1809,NA,NA,NA,803,"90746","America/Los_Angeles",TRUE,52,"Carson","Carson, CA 90746","Carson, CA","CA",0.7228164,4,"18400 Avalon Blvd","stubhub-center","StubHub Center","https://seatgeek.com/venues/stubhub-center/tickets","US",0,"StubHub Center",33.8643,-118.261,NA,NA,NA
"79","2018-12-09_09.21.34",NA,FALSE,4642661,"Wild Card Game: TBD at Seattle Seahawks","2018-11-20T00:00:00",0.759,"nfl","normal","","2019-01-05T03:30:00","2019-01-06T08:00:00",TRUE,FALSE,"https://seatgeek.com/wild-card-game-tbd-at-seattle-seahawks-tickets/1-5-2019-seattle-washington-centurylink-field/nfl/4642661","2018-11-20T16:01:54",0.739,"Wild Card Gm: TBD at Seahawks","2019-01-05T11:30:00",FALSE,5,1112,NA,1112,3,1112,1112,FALSE,"2018-03-02T22:54:54Z","QRCODE",819,"98134","America/Los_Angeles",TRUE,339,"Seattle","Seattle, WA 98134","Seattle, WA","WA",0.87232786,9,"800 Occidental Ave S","centurylink-field","CenturyLink Field","https://seatgeek.com/venues/centurylink-field/tickets","US",0,"CenturyLink Field",47.5948,-122.332,FALSE,"2018-03-02T22:54:54Z","QRCODE"
"80","2018-12-09_09.21.34",NA,FALSE,4642403,"Wild Card Or Divisional Round Game: TBD at Atlanta Falcons","2018-11-20T00:00:00",0.657,"nfl","normal","","2019-01-05T13:00:00","2019-01-05T22:00:00",FALSE,FALSE,"https://seatgeek.com/wild-card-or-divisional-round-game-tbd-at-atlanta-falcons-tickets/1-5-2019-atlanta-georgia-mercedes-benz-stadium/nfl/4642403","2018-11-20T16:00:10",0.654,"Wild Card Or Divisional Round Gm: TBD at Falcons","2019-01-05T18:00:00",FALSE,4,580,580,580,1,580,580,FALSE,"2018-08-23T20:14:46Z","QRCODE",0,"30313","America/New_York",TRUE,419590,"Atlanta","Atlanta, GA 30313","Atlanta, GA","GA",0.76958936,12,"441 M.L.K. Jr Dr NW","mercedes-benz-stadium","Mercedes-Benz Stadium","https://seatgeek.com/venues/mercedes-benz-stadium/tickets","US",0,"Mercedes-Benz Stadium",33.7547,-84.404,FALSE,"2018-08-23T20:14:46Z","QRCODE"
"81","2018-12-09_09.21.34",NA,FALSE,4642541,"Wild Card Or Divisional Round Game: TBD at Green Bay Packers","2018-11-20T00:00:00",0.742,"nfl","normal","","2019-01-05T13:00:00","2019-01-05T23:00:00",FALSE,FALSE,"https://seatgeek.com/wild-card-or-divisional-round-game-tbd-at-green-bay-packers-tickets/1-5-2019-green-bay-wisconsin-lambeau-field/nfl/4642541","2018-11-20T16:01:02",0.732,"Wild Card Or Divisional Round Gm: TBD at Packers","2019-01-05T19:00:00",FALSE,NA,NA,NA,NA,NA,NA,NA,FALSE,"2015-09-02T22:43:34Z","QRCODE_TM",658,"54304","America/Chicago",TRUE,1125,"Green Bay","Green Bay, WI 54304","Green Bay, WI","WI",0.92909414,5,"1265 Lombardi Avenue","lambeau-field","Lambeau Field","https://seatgeek.com/venues/lambeau-field/tickets","US",0,"Lambeau Field",44.5013,-88.0622,FALSE,"2015-09-02T22:43:34Z","QRCODE_TM"
"82","2018-12-09_09.21.34",NA,FALSE,4644343,"Divisional Round Game: TBD at Cincinnati Bengals","2018-11-21T00:00:00",0.737,"nfl","normal","","2019-01-12T13:00:00","2019-01-12T22:00:00",FALSE,FALSE,"https://seatgeek.com/divisional-round-game-tbd-at-cincinnati-bengals-tickets/1-12-2019-cincinnati-ohio-paul-brown-stadium/nfl/4644343","2018-11-21T16:02:27",0.703,"Divisional Round Gm: TBD at Bengals","2019-01-12T18:00:00",FALSE,NA,NA,NA,NA,NA,NA,NA,FALSE,"2015-10-09T16:14:37Z","QRCODE_TM",515,"45202","America/New_York",TRUE,1124,"Cincinnati","Cincinnati, OH 45202","Cincinnati, OH","OH",0.86166537,6,"1 Paul Brown Stadium","paul-brown-stadium","Paul Brown Stadium","https://seatgeek.com/venues/paul-brown-stadium/tickets","US",0,"Paul Brown Stadium",39.0961,-84.5177,FALSE,"2015-10-09T16:14:37Z","QRCODE_TM"
"83","2018-12-09_09.21.34",NA,FALSE,4645836,"Divisional Round Game: TBD at Minnesota Vikings","2018-11-22T00:00:00",0.832,"nfl","normal","","2019-01-12T13:00:00","2019-01-12T23:00:00",FALSE,FALSE,"https://seatgeek.com/divisional-round-game-tbd-at-minnesota-vikings-tickets/1-12-2019-minneapolis-minnesota-u-s-bank-stadium/nfl/4645836","2018-11-22T16:00:15",0.797,"Divisional Round Gm: TBD at Vikings","2019-01-12T19:00:00",FALSE,NA,NA,NA,NA,NA,NA,NA,FALSE,"2018-08-22T15:34:15Z","NONE",0,"55415","America/Chicago",TRUE,218451,"Minneapolis","Minneapolis, MN 55415","Minneapolis, MN","MN",0.88524246,19,"401 Chicago Avenue","u-s-bank-stadium","U.S. Bank Stadium","https://seatgeek.com/venues/u-s-bank-stadium/tickets","US",0,"U.S. Bank Stadium",44.9751,-93.2582,FALSE,"2018-08-22T15:34:15Z","NONE"
"84","2018-12-09_09.21.34",NA,FALSE,4642660,"Divisional Round Game: TBD at Seattle Seahawks","2018-11-20T00:00:00",0.759,"nfl","normal","","2019-01-12T13:00:00","2019-01-13T01:00:00",FALSE,FALSE,"https://seatgeek.com/divisional-round-game-tbd-at-seattle-seahawks-tickets/1-12-2019-seattle-washington-centurylink-field/nfl/4642660","2018-11-20T16:01:54",0.728,"Divisional Round Gm: TBD at Seahawks","2019-01-12T21:00:00",FALSE,4,1112,1112,1112,3,1112,1112,FALSE,"2018-03-02T22:54:54Z","QRCODE",819,"98134","America/Los_Angeles",TRUE,339,"Seattle","Seattle, WA 98134","Seattle, WA","WA",0.87232786,9,"800 Occidental Ave S","centurylink-field","CenturyLink Field","https://seatgeek.com/venues/centurylink-field/tickets","US",0,"CenturyLink Field",47.5948,-122.332,FALSE,"2018-03-02T22:54:54Z","QRCODE"
"85","2018-12-09_09.21.34",NA,FALSE,4642385,"AFC Championship: TBD at Pittsburgh Steelers (Date TBA)","2018-11-20T00:00:00",0.755,"nfl","normal","","2019-01-20T03:30:00","2019-01-21T05:00:00",TRUE,TRUE,"https://seatgeek.com/afc-championship-tbd-at-pittsburgh-steelers-date-tba-tickets/1-20-2019-pittsburgh-pennsylvania-heinz-field/nfl/4642385","2018-11-20T01:53:48",0.709,"AFC Championship: TBD at Steelers","2019-01-20T08:30:00",TRUE,143,766.2937,336,648,143,336,3325,FALSE,"2018-10-04T12:42:28Z","QRCODE",508,"15212","America/New_York",TRUE,1119,"Pittsburgh","Pittsburgh, PA 15212","Pittsburgh, PA","PA",0.9033526,5,"100 Art Rooney Avenue","heinz-field","Heinz Field","https://seatgeek.com/venues/heinz-field/tickets","US",0,"Heinz Field",40.4468,-80.0158,FALSE,"2018-10-04T12:42:28Z","QRCODE"
"86","2018-12-09_09.21.34",NA,FALSE,4642537,"NFC Championship: TBD at Washington Redskins","2018-11-20T00:00:00",0.623,"nfl","normal","","2019-01-20T03:30:00","2019-01-21T05:00:00",TRUE,FALSE,"https://seatgeek.com/nfc-championship-tbd-at-washington-redskins-tickets/1-20-2019-landover-maryland-fedex-field/nfl/4642537","2018-11-20T16:01:02",0.583,"NFC Championship: TBD at Redskins","2019-01-20T08:30:00",FALSE,4,4060.3333,868,4456,3,1718,6007,FALSE,"2015-09-12T14:13:58Z","QRCODE_TM",511,"20785","America/New_York",TRUE,35,"Landover","Landover, MD 20785","Landover, MD","MD",0.9333444,5,"1600 Fedex Way","fedex-field","FedEx Field","https://seatgeek.com/venues/fedex-field/tickets","US",0,"FedEx Field",38.9071,-76.8658,FALSE,"2015-09-12T14:13:58Z","QRCODE_TM"
"87","2018-12-09_09.21.34",NA,FALSE,4642399,"AFC Championship: TBD at New England Patriots (Date TBA)","2018-11-20T00:00:00",0.737,"nfl","normal","","2019-01-20T03:30:00","2019-01-21T05:00:00",TRUE,TRUE,"https://seatgeek.com/afc-championship-tbd-at-new-england-patriots-date-tba-tickets/1-20-2019-foxborough-massachusetts-gillette-stadium/nfl/4642399","2018-11-20T01:53:49",0.699,"AFC Championship: TBD at Patriots","2019-01-20T08:30:00",TRUE,105,1351.7701,639,1201,87,639,3148,FALSE,"2018-08-22T15:36:58Z","NONE",506,"02035","America/New_York",TRUE,33,"Foxborough","Foxborough, MA 02035","Foxborough, MA","MA",0.8983344,7,"1 Patriot Place","gillette-stadium","Gillette Stadium","https://seatgeek.com/venues/gillette-stadium/tickets","US",0,"Gillette Stadium",42.0906,-71.2674,FALSE,"2018-08-22T15:36:58Z","NONE"
"88","2018-12-09_09.21.34",NA,FALSE,4642601,"AFC Championship: TBD at Indianapolis Colts","2018-11-20T00:00:00",0.712,"nfl","normal","","2019-01-20T03:30:00","2019-01-21T05:00:00",TRUE,FALSE,"https://seatgeek.com/afc-championship-tbd-at-indianapolis-colts-tickets/1-20-2019-indianapolis-indiana-lucas-oil-stadium/nfl/4642601","2018-11-20T16:01:34",0.669,"AFC Championship: TBD at Colts","2019-01-20T08:30:00",FALSE,5,2175.6667,575,836,6,403,5486,FALSE,"2018-09-13T22:29:37Z","QRCODE_TM",527,"46225","America/Indiana/Indianapolis",TRUE,1130,"Indianapolis","Indianapolis, IN 46225","Indianapolis, IN","IN",0.9071682,10,"500 South Capitol Avenue","lucas-oil-stadium","Lucas Oil Stadium","https://seatgeek.com/venues/lucas-oil-stadium/tickets","US",0,"Lucas Oil Stadium",39.7601,-86.1639,FALSE,"2018-09-13T22:29:37Z","QRCODE_TM"
"89","2018-12-09_09.21.34",NA,FALSE,4642379,"NFC Championship: TBD at Philadelphia Eagles","2018-11-20T00:00:00",0.596,"nfl","normal","","2019-01-20T03:30:00","2019-01-21T05:00:00",TRUE,FALSE,"https://seatgeek.com/nfc-championship-tbd-at-philadelphia-eagles-tickets/1-20-2019-philadelphia-pennsylvania-lincoln-financial-field/nfl/4642379","2018-11-20T01:53:48",0.561,"NFC Championship: TBD at Eagles","2019-01-20T08:30:00",FALSE,25,939.3333,632,787,24,632,3408,FALSE,"2015-07-10T00:00:00Z","QRCODE_TM",504,"19148","America/New_York",TRUE,330,"Philadelphia","Philadelphia, PA 19148","Philadelphia, PA","PA",0.90542686,10,"1020 Pattison Ave","lincoln-financial-field","Lincoln Financial Field","https://seatgeek.com/venues/lincoln-financial-field/tickets","US",0,"Lincoln Financial Field",39.9046,-75.1675,FALSE,"2015-07-10T00:00:00Z","QRCODE_TM"
"90","2018-12-09_09.21.34",NA,FALSE,4644339,"AFC Championship: TBD at Baltimore Ravens","2018-11-21T00:00:00",0.709,"nfl","normal","","2019-01-20T03:30:00","2019-01-21T05:00:00",TRUE,FALSE,"https://seatgeek.com/afc-championship-tbd-at-baltimore-ravens-tickets/1-20-2019-baltimore-maryland-m-t-bank-stadium/nfl/4644339","2018-11-21T16:02:27",0.665,"AFC Championship: TBD at Ravens","2019-01-20T08:30:00",FALSE,NA,NA,NA,NA,NA,NA,NA,FALSE,"2015-08-04T00:00:00Z","QRCODE_TM",512,"21230","America/New_York",TRUE,1121,"Baltimore","Baltimore, MD 21230","Baltimore, MD","MD",0.8927189,4,"1101 Russell St","m-t-bank-stadium","M&T Bank Stadium","https://seatgeek.com/venues/m-t-bank-stadium/tickets","US",0,"M&T Bank Stadium",39.2774,-76.623,FALSE,"2015-08-04T00:00:00Z","QRCODE_TM"
"91","2018-12-09_09.21.34",NA,FALSE,4642394,"AFC Championship: TBD at Miami Dolphins","2018-11-20T00:00:00",0.637,"nfl","normal","","2019-01-20T03:30:00","2019-01-21T05:00:00",TRUE,FALSE,"https://seatgeek.com/afc-championship-tbd-at-miami-dolphins-tickets/1-20-2019-miami-gardens-florida-hard-rock-stadium/nfl/4642394","2018-11-20T01:53:48",0.589,"AFC Championship: TBD at Dolphins","2019-01-20T08:30:00",FALSE,2,2651,847,847,2,847,4456,FALSE,"2017-10-03T18:58:44Z","NONE",528,"33056","America/New_York",TRUE,29,"Miami Gardens","Miami Gardens, FL 33056","Miami Gardens, FL","FL",0.8378203,36,"347 Don Shula Dr.","hard-rock-stadium","Hard Rock Stadium","https://seatgeek.com/venues/hard-rock-stadium/tickets","US",0,"Hard Rock Stadium",25.9579,-80.2388,FALSE,"2017-10-03T18:58:44Z","NONE"
"92","2018-12-09_09.21.34",NA,FALSE,4642384,"NFC Championship: TBD at Carolina Panthers (Date TBA)","2018-11-20T00:00:00",0.673,"nfl","normal","","2019-01-20T03:30:00","2019-01-21T05:00:00",TRUE,TRUE,"https://seatgeek.com/nfc-championship-tbd-at-carolina-panthers-date-tba-tickets/1-20-2019-charlotte-north-carolina-bank-of-america-stadium/nfl/4642384","2018-11-20T01:53:48",0.629,"NFC Championship: TBD at Panthers","2019-01-20T08:30:00",TRUE,25,6849.15,457,981,20,457,119072,FALSE,"2015-09-25T18:23:51Z","QRCODE_TM",517,"28202","America/New_York",TRUE,1122,"Charlotte","Charlotte, NC 28202","Charlotte, NC","NC",0.8968222,7,"800 South Mint Street","bank-of-america-stadium","Bank of America Stadium","https://seatgeek.com/venues/bank-of-america-stadium/tickets","US",0,"Bank of America Stadium",35.2243,-80.8524,FALSE,"2015-09-25T18:23:51Z","QRCODE_TM"
"93","2018-12-09_09.21.34",NA,FALSE,4642387,"AFC Championship: TBD at Houston Texans (Date TBA)","2018-11-20T00:00:00",0.819,"nfl","normal","","2019-01-20T03:30:00","2019-01-21T06:00:00",TRUE,TRUE,"https://seatgeek.com/afc-championship-tbd-at-houston-texans-date-tba-tickets/1-20-2019-houston-texas-nrg-stadium/nfl/4642387","2018-11-20T01:53:48",0.759,"AFC Championship: TBD at Texans","2019-01-20T09:30:00",TRUE,144,1234.523,489,978,109,489,3473,FALSE,"2015-11-04T18:42:27Z","QRCODE_TM",618,"77054","America/Chicago",TRUE,41,"Houston","Houston, TX 77054","Houston, TX","TX",0.8624192,36,"1 Reliant Park","nrg-stadium","NRG Stadium","https://seatgeek.com/venues/nrg-stadium/tickets","US",0,"NRG Stadium",29.6847,-95.4107,FALSE,"2015-11-04T18:42:27Z","QRCODE_TM"
"94","2018-12-09_09.21.34",NA,FALSE,4642397,"AFC Championship: TBD at Kansas City Chiefs (Date TBA)","2018-11-20T00:00:00",0.785,"nfl","normal","","2019-01-20T03:30:00","2019-01-21T06:00:00",TRUE,TRUE,"https://seatgeek.com/afc-championship-tbd-at-kansas-city-chiefs-date-tba-tickets/1-20-2019-kansas-city-missouri-arrowhead-stadium/nfl/4642397","2018-11-20T01:53:49",0.732,"AFC Championship: TBD at Chiefs","2019-01-20T09:30:00",TRUE,691,640.2511,350,558,677,350,1520,FALSE,"2015-08-20T16:20:51Z","QRCODE_TM",616,"64129","America/Chicago",TRUE,1128,"Kansas City","Kansas City, MO 64129","Kansas City, MO","MO",0.8827867,5,"1 Arrowhead Drive","arrowhead-stadium","Arrowhead Stadium","https://seatgeek.com/venues/arrowhead-stadium/tickets","US",0,"Arrowhead Stadium",39.0489,-94.4839,FALSE,"2015-08-20T16:20:51Z","QRCODE_TM"
"95","2018-12-09_09.21.34",NA,FALSE,4642382,"NFC Championship: TBD at Minnesota Vikings (Date TBA)","2018-11-20T00:00:00",0.753,"nfl","normal","","2019-01-20T03:30:00","2019-01-21T06:00:00",TRUE,TRUE,"https://seatgeek.com/nfc-championship-tbd-at-minnesota-vikings-date-tba-tickets/1-20-2019-minneapolis-minnesota-u-s-bank-stadium/nfl/4642382","2018-11-20T01:53:48",0.709,"NFC Championship: TBD at Vikings","2019-01-20T09:30:00",TRUE,49,848.9167,588,701,12,608,1765,FALSE,"2018-08-22T15:34:15Z","NONE",0,"55415","America/Chicago",TRUE,218451,"Minneapolis","Minneapolis, MN 55415","Minneapolis, MN","MN",0.88524246,19,"401 Chicago Avenue","u-s-bank-stadium","U.S. Bank Stadium","https://seatgeek.com/venues/u-s-bank-stadium/tickets","US",0,"U.S. Bank Stadium",44.9751,-93.2582,FALSE,"2018-08-22T15:34:15Z","NONE"
"96","2018-12-09_09.21.34",NA,FALSE,4642375,"NFC Championship: TBD at Chicago Bears (Date TBA)","2018-11-20T00:00:00",0.723,"nfl","normal","","2019-01-20T03:30:00","2019-01-21T06:00:00",TRUE,TRUE,"https://seatgeek.com/nfc-championship-tbd-at-chicago-bears-date-tba-tickets/1-20-2019-chicago-illinois-soldier-field/nfl/4642375","2018-11-20T01:53:47",0.674,"NFC Championship: TBD at Bears","2019-01-20T09:30:00",TRUE,63,1085.25,499,975,56,556,3327,FALSE,"2018-06-02T00:44:08Z","NONE",602,"60605","America/Chicago",TRUE,31,"Chicago","Chicago, IL 60605","Chicago, IL","IL",0.940013,26,"1410 S. Museum Campus Drive","soldier-field","Soldier Field","https://seatgeek.com/venues/soldier-field/tickets","US",0,"Soldier Field",41.8623,-87.6159,FALSE,"2018-06-02T00:44:08Z","NONE"
"97","2018-12-09_09.21.34",NA,FALSE,4642392,"AFC Championship: TBD at Tennessee Titans","2018-11-20T00:00:00",0.613,"nfl","normal","","2019-01-20T03:30:00","2019-01-21T06:00:00",TRUE,FALSE,"https://seatgeek.com/afc-championship-tbd-at-tennessee-titans-tickets/1-20-2019-nashville-tennessee-nissan-stadium/nfl/4642392","2018-11-20T01:53:48",0.576,"AFC Championship: TBD at Titans","2019-01-20T09:30:00",FALSE,11,3328,819,847,8,791,12007,FALSE,"2015-10-19T15:09:39Z","NONE",659,"37213","America/Chicago",TRUE,1126,"Nashville","Nashville, TN 37213","Nashville, TN","TN",0.8546275,15,"1 Titans Way","nissan-stadium","Nissan Stadium","https://seatgeek.com/venues/nissan-stadium/tickets","US",0,"Nissan Stadium",36.1665,-86.7713,FALSE,"2015-10-19T15:09:39Z","NONE"
"98","2018-12-09_09.21.34",NA,FALSE,4642659,"NFC Championship: TBD at Seattle Seahawks","2018-11-20T00:00:00",0.693,"nfl","normal","","2019-01-20T03:30:00","2019-01-21T08:00:00",TRUE,FALSE,"https://seatgeek.com/nfc-championship-tbd-at-seattle-seahawks-tickets/1-20-2019-seattle-washington-centurylink-field/nfl/4642659","2018-11-20T16:01:54",0.651,"NFC Championship: TBD at Seahawks","2019-01-20T11:30:00",FALSE,7,1553,1228,1670,5,1228,1670,FALSE,"2018-03-02T22:54:54Z","QRCODE",819,"98134","America/Los_Angeles",TRUE,339,"Seattle","Seattle, WA 98134","Seattle, WA","WA",0.87232786,9,"800 Occidental Ave S","centurylink-field","CenturyLink Field","https://seatgeek.com/venues/centurylink-field/tickets","US",0,"CenturyLink Field",47.5948,-122.332,FALSE,"2018-03-02T22:54:54Z","QRCODE"
"99","2018-12-09_09.21.34",NA,FALSE,4642380,"NFC Championship: TBD at Los Angeles Rams","2018-11-20T00:00:00",0.724,"nfl","normal","","2019-01-20T03:30:00","2019-01-21T08:00:00",TRUE,FALSE,"https://seatgeek.com/nfc-championship-tbd-at-los-angeles-rams-tickets/1-20-2019-los-angeles-california-los-angeles-memorial-coliseum-1/nfl/4642380","2018-11-20T01:53:48",0.681,"NFC Championship: TBD at Rams","2019-01-20T11:30:00",FALSE,479,794.8333,327,675,474,304,4059,FALSE,"2018-08-23T17:59:28Z","QRCODE",0,"90037","America/Los_Angeles",TRUE,51012,"Los Angeles","Los Angeles, CA 90037","Los Angeles, CA","CA",0.86898464,8,"3911 S Figueroa St","los-angeles-memorial-coliseum-1","Los Angeles Memorial Coliseum","https://seatgeek.com/venues/los-angeles-memorial-coliseum-1/tickets","US",0,"Los Angeles Memorial Coliseum",34.0138,-118.288,FALSE,"2018-08-23T17:59:28Z","QRCODE"
"100","2018-12-09_09.21.34",NA,FALSE,4642391,"AFC Championship: TBD at Los Angeles Chargers (Date TBA)","2018-11-20T00:00:00",0.713,"nfl","normal","","2019-01-20T03:30:00","2019-01-21T08:00:00",TRUE,TRUE,"https://seatgeek.com/afc-championship-tbd-at-los-angeles-chargers-date-tba-tickets/1-20-2019-carson-california-stubhub-center/nfl/4642391","2018-11-20T01:53:48",0.658,"AFC Championship: TBD at Chargers","2019-01-20T11:30:00",TRUE,104,1281.7747,650,1164,71,650,3543,NA,NA,NA,803,"90746","America/Los_Angeles",TRUE,52,"Carson","Carson, CA 90746","Carson, CA","CA",0.7228164,4,"18400 Avalon Blvd","stubhub-center","StubHub Center","https://seatgeek.com/venues/stubhub-center/tickets","US",0,"StubHub Center",33.8643,-118.261,NA,NA,NA
"101","2018-12-09_09.21.34",NA,FALSE,4644160,"NFC Championship: TBD at Atlanta Falcons","2018-11-21T00:00:00",0.555,"nfl","normal","","2019-01-20T13:00:00","2019-01-20T22:00:00",FALSE,FALSE,"https://seatgeek.com/nfc-championship-tbd-at-atlanta-falcons-tickets/1-20-2019-atlanta-georgia-mercedes-benz-stadium/nfl/4644160","2018-11-21T16:01:11",0.533,"NFC Championship: TBD at Falcons","2019-01-20T18:00:00",FALSE,NA,NA,NA,NA,NA,NA,NA,FALSE,"2018-08-23T20:14:46Z","QRCODE",0,"30313","America/New_York",TRUE,419590,"Atlanta","Atlanta, GA 30313","Atlanta, GA","GA",0.76958936,12,"441 M.L.K. Jr Dr NW","mercedes-benz-stadium","Mercedes-Benz Stadium","https://seatgeek.com/venues/mercedes-benz-stadium/tickets","US",0,"Mercedes-Benz Stadium",33.7547,-84.404,FALSE,"2018-08-23T20:14:46Z","QRCODE"
"102","2018-12-09_09.21.34",NA,FALSE,4642540,"NFC Championship: TBD at Green Bay Packers","2018-11-20T00:00:00",0.668,"nfl","normal","","2019-01-20T13:00:00","2019-01-20T23:00:00",FALSE,FALSE,"https://seatgeek.com/nfc-championship-tbd-at-green-bay-packers-tickets/1-20-2019-green-bay-wisconsin-lambeau-field/nfl/4642540","2018-11-20T16:01:02",0.636,"NFC Championship: TBD at Packers","2019-01-20T19:00:00",FALSE,NA,NA,NA,NA,NA,NA,NA,FALSE,"2015-09-02T22:43:34Z","QRCODE_TM",658,"54304","America/Chicago",TRUE,1125,"Green Bay","Green Bay, WI 54304","Green Bay, WI","WI",0.92909414,5,"1265 Lombardi Avenue","lambeau-field","Lambeau Field","https://seatgeek.com/venues/lambeau-field/tickets","US",0,"Lambeau Field",44.5013,-88.0622,FALSE,"2015-09-02T22:43:34Z","QRCODE_TM"
"103","2018-12-09_09.21.34",NA,FALSE,4418626,"Pro Bowl","2018-06-20T00:00:00",0.836,"nfl","normal","","2019-01-27T15:00:00","2019-01-28T00:00:00",FALSE,FALSE,"https://seatgeek.com/pro-bowl-tickets/1-27-2019-orlando-florida-camping-world-stadium/nfl/4418626","2018-06-20T16:00:22",0.779,"Pro Bowl","2019-01-27T20:00:00",FALSE,336,206,61,152,42,77,454,FALSE,"2015-07-10T00:00:00Z","QRCODE_TM",534,"32805","America/New_York",TRUE,3721,"Orlando","Orlando, FL 32805","Orlando, FL","FL",0.83229023,9,"1 Citrus Bowl Place","camping-world-stadium","Camping World Stadium","https://seatgeek.com/venues/camping-world-stadium/tickets","US",0,"Camping World Stadium",28.5378,-81.4016,FALSE,"2015-07-10T00:00:00Z","QRCODE_TM"
"104","2018-12-09_09.21.34",NA,FALSE,4470041,"Super Bowl LIII","2018-07-31T00:00:00",0.92,"nfl","normal","","2019-02-03T03:30:00","2019-02-04T05:00:00",TRUE,FALSE,"https://seatgeek.com/super-bowl-liii-tickets/2-3-2019-atlanta-georgia-mercedes-benz-stadium/nfl/4470041","2018-07-31T16:06:48",0.87,"Super Bowl LIII","2019-02-03T08:30:00",FALSE,41,7101,3887,6123,1398,3887,24292,FALSE,"2018-08-23T20:14:46Z","QRCODE",0,"30313","America/New_York",TRUE,419590,"Atlanta","Atlanta, GA 30313","Atlanta, GA","GA",0.76958936,12,"441 M.L.K. Jr Dr NW","mercedes-benz-stadium","Mercedes-Benz Stadium","https://seatgeek.com/venues/mercedes-benz-stadium/tickets","US",0,"Mercedes-Benz Stadium",33.7547,-84.404,FALSE,"2018-08-23T20:14:46Z","QRCODE"
"105","2018-12-09_09.21.34",NA,FALSE,4619044,"South Alabama Jaguars at Nebraska Cornhuskers Football","2018-11-03T00:00:00",0.768,"ncaa_football","normal","","2019-08-31T03:30:00","2019-09-01T05:00:00",TRUE,FALSE,"https://seatgeek.com/south-alabama-jaguars-at-nebraska-cornhuskers-football-tickets/ncaa-football/2019-08-31-3-30-am/4619044","2018-11-03T16:01:38",0.677,"South Alabama at Nebraska","2019-08-31T08:30:00",FALSE,5,250.5,220,243,10,220,302,FALSE,"2015-10-23T19:51:56Z","QRCODE",722,"68588","America/Chicago",TRUE,5162,"Lincoln","Lincoln, NE 68588","Lincoln, NE","NE",0.8541279,5,"1 Memorial Stadium Drive","memorial-stadium-nebraska","Memorial Stadium Nebraska","https://seatgeek.com/venues/memorial-stadium-nebraska/tickets","US",0,"Memorial Stadium Nebraska",40.8206,-96.7041,FALSE,"2015-10-23T19:51:56Z","QRCODE"
