"","date","timestamp","event_promotion","is_open","id","title","announce_date","score","type","status","description","datetime_local","visible_until_utc","time_tbd","date_tbd","url","created_at","popularity","short_title","datetime_utc","datetime_tbd","visible_listing_count","average_price","lowest_price_good_deals","median_price","listing_count","lowest_price","highest_price","employee_only_accessMethod","created_at_accessMethod","method_accessMethod","metro_code","postal_code","timezone","has_upcoming_events","id_venue","city","extended_address","display_location","state","score_venue","num_upcoming_events","address","slug","name","url_venue","country","popularity_venue","name_v2","lat","lon","employee_only_AccessMethod","created_at_AccessMethod","method_AccessMethod"
"1","2018-12-19","2018-12-19_08.24.16",NA,FALSE,4608309,"Washington Redskins at Tennessee Titans","2018-10-30T00:00:00",0.846,"nfl","normal","","2018-12-22T15:30:00","2018-12-23T01:30:00",FALSE,FALSE,"https://seatgeek.com/redskins-at-titans-tickets/12-22-2018-nashville-tennessee-nissan-stadium/nfl/4608309","2018-10-30T16:11:05",0.829,"Redskins at Titans","2018-12-22T21:30:00",FALSE,1421,159,56,155,166,56,462,FALSE,"2018-12-14T16:41:48Z","QRCODE",659,"37213","America/Chicago",TRUE,1126,"Nashville","Nashville, TN 37213","Nashville, TN","TN",0.8546275,15,"1 Titans Way","nissan-stadium","Nissan Stadium","https://seatgeek.com/venues/nissan-stadium/tickets","US",0,"Nissan Stadium",36.1665,-86.7713,FALSE,"2018-12-14T16:41:48Z","QRCODE"
"2","2018-12-19","2018-12-19_08.24.16",NA,FALSE,4599412,"Baltimore Ravens at Los Angeles Chargers","2018-10-26T00:00:00",0.934,"nfl","normal","","2018-12-22T17:20:00","2018-12-23T05:20:00",FALSE,FALSE,"https://seatgeek.com/ravens-at-chargers-tickets/12-22-2018-carson-california-stubhub-center/nfl/4599412","2018-10-26T13:55:35",0.902,"Ravens at Chargers","2018-12-23T01:20:00",FALSE,320,306,185,277,52,186,597,FALSE,"2018-12-10T22:44:30Z","QRCODE",803,"90746","America/Los_Angeles",TRUE,52,"Carson","Carson, CA 90746","Carson, CA","CA",0.7228164,3,"18400 Avalon Blvd","stubhub-center","StubHub Center","https://seatgeek.com/venues/stubhub-center/tickets","US",0,"StubHub Center",33.8643,-118.261,NA,NA,NA
"3","2018-12-19","2018-12-19_08.24.16",NA,FALSE,4346994,"Cincinnati Bengals at Cleveland Browns","2018-04-20T00:00:00",0.865,"nfl","normal","","2018-12-23T13:00:00","2018-12-23T22:00:00",FALSE,FALSE,"https://seatgeek.com/bengals-at-browns-tickets/12-23-2018-cleveland-ohio-firstenergy-stadium-15/nfl/4346994","2018-04-20T00:47:31",0.846,"Bengals at Browns","2018-12-23T18:00:00",FALSE,413,298,137,292,102,129,668,FALSE,"2018-08-24T21:53:43Z","QRCODE",510,"44114","America/New_York",TRUE,1123,"Cleveland","Cleveland, OH 44114","Cleveland, OH","OH",0.86852187,2,"100 Alfred Lerner Way","firstenergy-stadium-15","FirstEnergy Stadium","https://seatgeek.com/venues/firstenergy-stadium-15/tickets","US",0,"FirstEnergy Stadium",41.5065,-81.7,FALSE,"2015-11-11T20:55:31Z","NONE"
"4","2018-12-19","2018-12-19_08.24.16",NA,FALSE,4347013,"Houston Texans at Philadelphia Eagles","2018-04-20T00:00:00",0.903,"nfl","normal","","2018-12-23T13:00:00","2018-12-23T22:00:00",FALSE,FALSE,"https://seatgeek.com/texans-at-eagles-tickets/12-23-2018-philadelphia-pennsylvania-lincoln-financial-field/nfl/4347013","2018-04-20T00:47:35",0.87,"Texans at Eagles","2018-12-23T18:00:00",FALSE,974,291,116,267,124,116,892,FALSE,"2018-08-24T21:53:43Z","QRCODE",504,"19148","America/New_York",TRUE,330,"Philadelphia","Philadelphia, PA 19148","Philadelphia, PA","PA",0.90542686,9,"1020 Pattison Ave","lincoln-financial-field","Lincoln Financial Field","https://seatgeek.com/venues/lincoln-financial-field/tickets","US",0,"Lincoln Financial Field",39.9046,-75.1675,FALSE,"2015-07-10T00:00:00Z","QRCODE_TM"
"5","2018-12-19","2018-12-19_08.24.16",NA,FALSE,4347085,"Jacksonville Jaguars at Miami Dolphins","2018-04-20T00:00:00",0.872,"nfl","normal","","2018-12-23T13:00:00","2018-12-23T22:00:00",FALSE,FALSE,"https://seatgeek.com/jaguars-at-dolphins-tickets/12-23-2018-miami-gardens-florida-hard-rock-stadium/nfl/4347085","2018-04-20T00:47:48",0.852,"Jaguars at Dolphins","2018-12-23T18:00:00",FALSE,1594,118,39,84,198,40,1762,FALSE,"2018-08-24T21:53:43Z","QRCODE",528,"33056","America/New_York",TRUE,29,"Miami Gardens","Miami Gardens, FL 33056","Miami Gardens, FL","FL",0.8378203,44,"347 Don Shula Dr.","hard-rock-stadium","Hard Rock Stadium","https://seatgeek.com/venues/hard-rock-stadium/tickets","US",0,"Hard Rock Stadium",25.9579,-80.2388,FALSE,"2017-10-03T18:58:44Z","NONE"
"6","2018-12-19","2018-12-19_08.24.16",NA,FALSE,4347022,"Minnesota Vikings at Detroit Lions","2018-04-20T00:00:00",0.938,"nfl","normal","","2018-12-23T13:00:00","2018-12-23T22:00:00",FALSE,FALSE,"https://seatgeek.com/vikings-at-lions-tickets/12-23-2018-detroit-michigan-ford-field/nfl/4347022","2018-04-20T00:47:36",0.897,"Vikings at Lions","2018-12-23T18:00:00",FALSE,987,112,36,89,432,38,2298,FALSE,"2018-08-24T21:53:43Z","QRCODE",505,"48226","America/Detroit",TRUE,346,"Detroit","Detroit, MI 48226","Detroit, MI","MI",0.9029952,5,"2000 Brush St.","ford-field","Ford Field","https://seatgeek.com/venues/ford-field/tickets","US",0,"Ford Field",42.34,-83.0459,FALSE,"2015-11-04T17:31:52Z","NONE"
"7","2018-12-19","2018-12-19_08.24.16",NA,FALSE,4347046,"Atlanta Falcons at Carolina Panthers","2018-04-20T00:00:00",0.891,"nfl","normal","","2018-12-23T13:00:00","2018-12-23T22:00:00",FALSE,FALSE,"https://seatgeek.com/falcons-at-panthers-tickets/12-23-2018-charlotte-north-carolina-bank-of-america-stadium/nfl/4347046","2018-04-20T00:47:41",0.862,"Falcons at Panthers","2018-12-23T18:00:00",FALSE,1302,139,55,115,171,56,438,FALSE,"2018-08-24T21:53:43Z","QRCODE",517,"28202","America/New_York",TRUE,1122,"Charlotte","Charlotte, NC 28202","Charlotte, NC","NC",0.8968222,6,"800 South Mint Street","bank-of-america-stadium","Bank of America Stadium","https://seatgeek.com/venues/bank-of-america-stadium/tickets","US",0,"Bank of America Stadium",35.2243,-80.8524,FALSE,"2015-09-25T18:23:51Z","QRCODE_TM"
"8","2018-12-19","2018-12-19_08.24.16",NA,FALSE,4346959,"Green Bay Packers at New York Jets","2018-04-20T00:00:00",0.975,"nfl","normal","","2018-12-23T13:00:00","2018-12-23T22:00:00",FALSE,FALSE,"https://seatgeek.com/packers-at-jets-tickets/12-23-2018-east-rutherford-new-jersey-metlife-stadium/nfl/4346959","2018-04-20T00:47:22",0.928,"Packers at Jets","2018-12-23T18:00:00",FALSE,1139,189,52,132,907,57,6056,FALSE,"2018-08-24T21:53:43Z","QRCODE",501,"07073","America/New_York",TRUE,1587,"East Rutherford","East Rutherford, NJ 07073","East Rutherford, NJ","NJ",0.94873494,8,"1 MetLife Stadium Drive","metlife-stadium","MetLife Stadium","https://seatgeek.com/venues/metlife-stadium/tickets","US",0,"MetLife Stadium",40.8142,-74.0737,FALSE,"2015-09-12T14:14:07Z","QRCODE_TM"
"9","2018-12-19","2018-12-19_08.24.16",NA,FALSE,4347093,"Buffalo Bills at New England Patriots","2018-04-20T00:00:00",0.933,"nfl","normal","","2018-12-23T13:00:00","2018-12-23T22:00:00",FALSE,FALSE,"https://seatgeek.com/bills-at-patriots-tickets/12-23-2018-foxborough-massachusetts-gillette-stadium/nfl/4347093","2018-04-20T00:47:50",0.888,"Bills at Patriots","2018-12-23T18:00:00",FALSE,591,342,194,318,134,195,1114,FALSE,"2018-08-24T21:53:43Z","QRCODE",506,"02035","America/New_York",TRUE,33,"Foxborough","Foxborough, MA 02035","Foxborough, MA","MA",0.8983344,7,"1 Patriot Place","gillette-stadium","Gillette Stadium","https://seatgeek.com/venues/gillette-stadium/tickets","US",0,"Gillette Stadium",42.0906,-71.2674,FALSE,"2018-08-22T15:36:58Z","NONE"
"10","2018-12-19","2018-12-19_08.24.16",NA,FALSE,4346954,"New York Giants at Indianapolis Colts","2018-04-20T00:00:00",0.88,"nfl","normal","","2018-12-23T13:00:00","2018-12-23T22:00:00",FALSE,FALSE,"https://seatgeek.com/giants-at-colts-tickets/12-23-2018-indianapolis-indiana-lucas-oil-stadium/nfl/4346954","2018-04-20T00:47:20",0.854,"Giants at Colts","2018-12-23T18:00:00",FALSE,711,155,62,114,190,68,650,FALSE,"2018-08-24T21:53:42Z","QRCODE",527,"46225","America/Indiana/Indianapolis",TRUE,1130,"Indianapolis","Indianapolis, IN 46225","Indianapolis, IN","IN",0.9071682,10,"500 South Capitol Avenue","lucas-oil-stadium","Lucas Oil Stadium","https://seatgeek.com/venues/lucas-oil-stadium/tickets","US",0,"Lucas Oil Stadium",39.7601,-86.1639,FALSE,"2018-09-13T22:29:37Z","QRCODE_TM"
"11","2018-12-19","2018-12-19_08.24.16",NA,TRUE,4327918,"Tampa Bay Buccaneers at Dallas Cowboys","2018-04-05T00:00:00",0.955,"nfl","normal","","2018-12-23T12:00:00","2018-12-23T22:00:00",FALSE,FALSE,"https://seatgeek.com/buccaneers-at-cowboys-tickets/12-23-2018-arlington-texas-at-t-stadium/nfl/4327918","2018-04-05T23:08:46",0.907,"Buccaneers at Cowboys","2018-12-23T18:00:00",FALSE,1171,311,25,254,1504,27,2540,FALSE,"2018-10-06T23:29:11Z","QRCODE_TM",623,"76011","America/Chicago",TRUE,4965,"Arlington","Arlington, TX 76011","Arlington, TX","TX",0.9751414,17,"1 AT&T Way","at-t-stadium","AT&T Stadium","https://seatgeek.com/venues/at-t-stadium/tickets","US",0,"AT&T Stadium",32.7459,-97.0957,FALSE,"2018-10-06T23:29:11Z","QRCODE_TM"
"12","2018-12-19","2018-12-19_08.24.16",NA,FALSE,4347097,"Los Angeles Rams at Arizona Cardinals","2018-04-20T00:00:00",0.873,"nfl","normal","","2018-12-23T14:05:00","2018-12-24T01:05:00",FALSE,FALSE,"https://seatgeek.com/rams-at-cardinals-tickets/12-23-2018-glendale-arizona-state-farm-stadium/nfl/4347097","2018-04-20T00:47:50",0.85,"Rams at Cardinals","2018-12-23T21:05:00",FALSE,1157,105,42,77,404,42,603,FALSE,"2018-08-24T21:53:43Z","QRCODE",753,"85305","America/Phoenix",TRUE,43,"Glendale","Glendale, AZ 85305","Glendale, AZ","AZ",0.93402725,8,"1 Cardinals Drive","state-farm-stadium","State Farm Stadium","https://seatgeek.com/venues/state-farm-stadium/tickets","US",0,"State Farm Stadium",33.5294,-112.262,FALSE,"2015-12-21T17:26:05Z","NONE"
"13","2018-12-19","2018-12-19_08.24.16",NA,FALSE,4347116,"Chicago Bears at San Francisco 49ers","2018-04-20T00:00:00",0.928,"nfl","normal","","2018-12-23T13:05:00","2018-12-24T01:05:00",FALSE,FALSE,"https://seatgeek.com/bears-at-49ers-tickets/12-23-2018-santa-clara-california-levi-s-stadium/nfl/4347116","2018-04-20T00:47:54",0.885,"Bears at 49ers","2018-12-23T21:05:00",FALSE,1411,171,64,119,354,65,447,FALSE,"2018-08-24T21:53:43Z","QRCODE",0,"95054","America/Los_Angeles",TRUE,58670,"Santa Clara","Santa Clara, CA 95054","Santa Clara, CA","CA",0.95768774,6,"4900 Marie P DeBartolo Way","levi-s-stadium","Levi's Stadium","https://seatgeek.com/venues/levi-s-stadium/tickets","US",0,"Levi's Stadium",37.4023,-121.969,FALSE,"2015-07-10T00:00:00Z","QRCODE_TM"
"14","2018-12-19","2018-12-19_08.24.16",NA,TRUE,4346967,"Pittsburgh Steelers at New Orleans Saints","2018-04-20T00:00:00",0.935,"nfl","normal","","2018-12-23T15:25:00","2018-12-24T01:25:00",FALSE,FALSE,"https://seatgeek.com/steelers-at-saints-tickets/12-23-2018-new-orleans-louisiana-mercedes-benz-superdome/nfl/4346967","2018-04-20T00:47:24",0.892,"Steelers at Saints","2018-12-23T21:25:00",FALSE,405,624,292,534,430,293,3175,FALSE,"2018-05-29T20:39:33Z","QRCODE",622,"70112","America/Chicago",TRUE,128,"New Orleans","New Orleans, LA 70112","New Orleans, LA","LA",0.8966978,10,"1500 Sugar Bowl Drive","mercedes-benz-superdome","Mercedes-Benz Superdome","https://seatgeek.com/venues/mercedes-benz-superdome/tickets","US",0,"Mercedes-Benz Superdome",29.9515,-90.0786,FALSE,"2018-08-27T20:46:59Z","QRCODE_TM"
"15","2018-12-19","2018-12-19_08.24.16",NA,FALSE,4347121,"Kansas City Chiefs at Seattle Seahawks","2018-04-20T00:00:00",0.919,"nfl","normal","","2018-12-23T17:20:00","2018-12-24T05:20:00",FALSE,FALSE,"https://seatgeek.com/chiefs-at-seahawks-tickets/12-23-2018-seattle-washington-centurylink-field/nfl/4347121","2018-04-20T00:47:55",0.878,"Chiefs at Seahawks","2018-12-24T01:20:00",FALSE,1047,416,176,398,92,205,1113,FALSE,"2018-08-24T21:53:43Z","QRCODE",819,"98134","America/Los_Angeles",TRUE,339,"Seattle","Seattle, WA 98134","Seattle, WA","WA",0.87232786,8,"800 Occidental Ave S","centurylink-field","CenturyLink Field","https://seatgeek.com/venues/centurylink-field/tickets","US",0,"CenturyLink Field",47.5948,-122.332,FALSE,"2018-03-02T22:54:54Z","QRCODE"
"16","2018-12-19","2018-12-19_08.24.16",NA,FALSE,4347150,"Denver Broncos at Oakland Raiders","2018-04-20T00:00:00",0.89,"nfl","normal","","2018-12-24T17:15:00","2018-12-25T05:15:00",FALSE,FALSE,"https://seatgeek.com/broncos-at-raiders-tickets/12-24-2018-oakland-california-oakland-alameda-county-coliseum/nfl/4347150","2018-04-20T01:04:24",0.86,"Broncos at Raiders","2018-12-25T01:15:00",FALSE,1777,155,79,149,310,80,557,FALSE,"2018-08-24T21:53:43Z","QRCODE",807,"94621","America/Los_Angeles",TRUE,14,"Oakland","Oakland, CA 94621","Oakland, CA","CA",0.7817843,85,"7000 Coliseum Way","oakland-alameda-county-coliseum","Oakland-Alameda County Coliseum","https://seatgeek.com/venues/oakland-alameda-county-coliseum/tickets","US",0,"Oakland-Alameda County Coliseum",37.7469,-122.201,FALSE,"2015-06-24T00:00:00Z","PDF417"
"17","2018-12-19","2018-12-19_08.24.16",NA,FALSE,4346984,"Indianapolis Colts at Tennessee Titans","2018-04-20T00:00:00",0.86,"nfl","normal","","2018-12-30T12:00:00","2018-12-30T22:00:00",FALSE,FALSE,"https://seatgeek.com/colts-at-titans-tickets/12-30-2018-nashville-tennessee-nissan-stadium/nfl/4346984","2018-04-20T00:47:28",0.819,"Colts at Titans","2018-12-30T18:00:00",FALSE,1113,237,82,215,189,83,711,FALSE,"2018-08-24T21:53:43Z","QRCODE",659,"37213","America/Chicago",TRUE,1126,"Nashville","Nashville, TN 37213","Nashville, TN","TN",0.8546275,15,"1 Titans Way","nissan-stadium","Nissan Stadium","https://seatgeek.com/venues/nissan-stadium/tickets","US",0,"Nissan Stadium",36.1665,-86.7713,FALSE,"2018-12-14T16:41:48Z","QRCODE"
"18","2018-12-19","2018-12-19_08.24.16",NA,FALSE,4347090,"New York Jets at New England Patriots","2018-04-20T00:00:00",0.942,"nfl","normal","","2018-12-30T13:00:00","2018-12-30T22:00:00",FALSE,FALSE,"https://seatgeek.com/jets-at-patriots-tickets/12-30-2018-foxborough-massachusetts-gillette-stadium/nfl/4347090","2018-04-20T00:47:49",0.878,"Jets at Patriots","2018-12-30T18:00:00",FALSE,718,364,192,301,197,187,1829,FALSE,"2018-08-24T21:53:43Z","QRCODE",506,"02035","America/New_York",TRUE,33,"Foxborough","Foxborough, MA 02035","Foxborough, MA","MA",0.8983344,7,"1 Patriot Place","gillette-stadium","Gillette Stadium","https://seatgeek.com/venues/gillette-stadium/tickets","US",0,"Gillette Stadium",42.0906,-71.2674,FALSE,"2018-08-22T15:36:58Z","NONE"
"19","2018-12-19","2018-12-19_08.24.16",NA,FALSE,4347065,"Cleveland Browns at Baltimore Ravens","2018-04-20T00:00:00",0.825,"nfl","normal","","2018-12-30T13:00:00","2018-12-30T22:00:00",FALSE,FALSE,"https://seatgeek.com/browns-at-ravens-tickets/12-30-2018-baltimore-maryland-m-t-bank-stadium/nfl/4347065","2018-04-20T00:47:44",0.794,"Browns at Ravens","2018-12-30T18:00:00",FALSE,1721,132,57,106,259,58,712,FALSE,"2018-08-24T21:53:43Z","QRCODE",512,"21230","America/New_York",TRUE,1121,"Baltimore","Baltimore, MD 21230","Baltimore, MD","MD",0.8927189,4,"1101 Russell St","m-t-bank-stadium","M&T Bank Stadium","https://seatgeek.com/venues/m-t-bank-stadium/tickets","US",0,"M&T Bank Stadium",39.2774,-76.623,FALSE,"2015-08-04T00:00:00Z","QRCODE_TM"
"20","2018-12-19","2018-12-19_08.24.16",NA,FALSE,4346934,"Philadelphia Eagles at Washington Redskins","2018-04-20T00:00:00",0.947,"nfl","normal","","2018-12-30T13:00:00","2018-12-30T22:00:00",FALSE,FALSE,"https://seatgeek.com/eagles-at-redskins-tickets/12-30-2018-landover-maryland-fedex-field/nfl/4346934","2018-04-20T00:47:17",0.881,"Eagles at Redskins","2018-12-30T18:00:00",FALSE,1110,217,89,155,589,90,6035,FALSE,"2018-08-24T21:53:43Z","QRCODE",511,"20785","America/New_York",TRUE,35,"Landover","Landover, MD 20785","Landover, MD","MD",0.9333444,4,"1600 Fedex Way","fedex-field","FedEx Field","https://seatgeek.com/venues/fedex-field/tickets","US",0,"FedEx Field",38.9071,-76.8658,FALSE,"2015-09-12T14:13:58Z","QRCODE_TM"
"21","2018-12-19","2018-12-19_08.24.16",NA,FALSE,4347134,"Chicago Bears at Minnesota Vikings","2018-04-20T00:00:00",0.852,"nfl","normal","","2018-12-30T12:00:00","2018-12-30T22:00:00",FALSE,FALSE,"https://seatgeek.com/bears-at-vikings-tickets/12-30-2018-minneapolis-minnesota-u-s-bank-stadium/nfl/4347134","2018-04-20T01:04:04",0.874,"Bears at Vikings","2018-12-30T18:00:00",FALSE,850,487,191,417,290,197,1838,FALSE,"2018-08-24T21:53:43Z","QRCODE",0,"55415","America/Chicago",TRUE,218451,"Minneapolis","Minneapolis, MN 55415","Minneapolis, MN","MN",0.88524246,19,"401 Chicago Avenue","u-s-bank-stadium","U.S. Bank Stadium","https://seatgeek.com/venues/u-s-bank-stadium/tickets","US",0,"U.S. Bank Stadium",44.9751,-93.2582,FALSE,"2018-08-22T15:34:15Z","NONE"
"22","2018-12-19","2018-12-19_08.24.16",NA,FALSE,4347056,"Miami Dolphins at Buffalo Bills","2018-04-20T00:00:00",0.834,"nfl","normal","","2018-12-30T13:00:00","2018-12-30T22:00:00",FALSE,FALSE,"https://seatgeek.com/dolphins-at-bills-tickets/12-30-2018-orchard-park-new-york-new-era-field/nfl/4347056","2018-04-20T00:47:43",0.8,"Dolphins at Bills","2018-12-30T18:00:00",FALSE,1404,57,15,41,497,16,946,FALSE,"2018-08-24T21:53:43Z","QRCODE",514,"14127","America/New_York",TRUE,1135,"Orchard Park","Orchard Park, NY 14127","Orchard Park, NY","NY",0.8815085,2,"1 Bills Drive","new-era-field","New Era Field","https://seatgeek.com/venues/new-era-field/tickets","US",0,"New Era Field",42.7737,-78.7874,FALSE,"2015-08-12T16:52:53Z","QRCODE_TM"
"23","2018-12-19","2018-12-19_08.24.16",NA,FALSE,4347076,"Cincinnati Bengals at Pittsburgh Steelers","2018-04-20T00:00:00",0.898,"nfl","normal","","2018-12-30T13:00:00","2018-12-30T22:00:00",FALSE,FALSE,"https://seatgeek.com/bengals-at-steelers-tickets/12-30-2018-pittsburgh-pennsylvania-heinz-field/nfl/4347076","2018-04-20T00:47:46",0.847,"Bengals at Steelers","2018-12-30T18:00:00",FALSE,1158,261,92,231,143,90,1013,FALSE,"2018-08-24T21:53:43Z","QRCODE",508,"15212","America/New_York",TRUE,1119,"Pittsburgh","Pittsburgh, PA 15212","Pittsburgh, PA","PA",0.9033526,5,"100 Art Rooney Avenue","heinz-field","Heinz Field","https://seatgeek.com/venues/heinz-field/tickets","US",0,"Heinz Field",40.4468,-80.0158,FALSE,"2018-10-04T12:42:28Z","QRCODE"
"24","2018-12-19","2018-12-19_08.24.16",NA,FALSE,4347030,"Dallas Cowboys at New York Giants","2018-04-20T00:00:00",0.989,"nfl","normal","","2018-12-30T13:00:00","2018-12-30T22:00:00",FALSE,FALSE,"https://seatgeek.com/cowboys-at-giants-tickets/12-30-2018-east-rutherford-new-jersey-metlife-stadium/nfl/4347030","2018-04-20T00:47:37",0.917,"Cowboys at Giants","2018-12-30T18:00:00",FALSE,1450,338,171,296,242,180,1090,FALSE,"2018-08-24T21:53:43Z","QRCODE",501,"07073","America/New_York",TRUE,1587,"East Rutherford","East Rutherford, NJ 07073","East Rutherford, NJ","NJ",0.94873494,8,"1 MetLife Stadium Drive","metlife-stadium","MetLife Stadium","https://seatgeek.com/venues/metlife-stadium/tickets","US",0,"MetLife Stadium",40.8142,-74.0737,FALSE,"2015-09-12T14:14:07Z","QRCODE_TM"
"25","2018-12-19","2018-12-19_08.24.16",NA,TRUE,4346966,"Carolina Panthers at New Orleans Saints","2018-04-20T00:00:00",0.9,"nfl","normal","","2018-12-30T12:00:00","2018-12-30T22:00:00",FALSE,FALSE,"https://seatgeek.com/panthers-at-saints-tickets/12-30-2018-new-orleans-louisiana-mercedes-benz-superdome/nfl/4346966","2018-04-20T00:47:23",0.844,"Panthers at Saints","2018-12-30T18:00:00",FALSE,616,475,169,421,576,169,3174,FALSE,"2018-05-29T20:39:40Z","QRCODE",622,"70112","America/Chicago",TRUE,128,"New Orleans","New Orleans, LA 70112","New Orleans, LA","LA",0.8966978,10,"1500 Sugar Bowl Drive","mercedes-benz-superdome","Mercedes-Benz Superdome","https://seatgeek.com/venues/mercedes-benz-superdome/tickets","US",0,"Mercedes-Benz Superdome",29.9515,-90.0786,FALSE,"2018-08-27T20:46:59Z","QRCODE_TM"
"26","2018-12-19","2018-12-19_08.24.16",NA,FALSE,4347012,"Jacksonville Jaguars at Houston Texans","2018-04-20T00:00:00",0.886,"nfl","normal","","2018-12-30T12:00:00","2018-12-30T22:00:00",FALSE,FALSE,"https://seatgeek.com/jaguars-at-texans-tickets/12-30-2018-houston-texas-nrg-stadium/nfl/4347012","2018-04-20T00:47:34",0.838,"Jaguars at Texans","2018-12-30T18:00:00",FALSE,1190,222,76,197,335,87,1138,FALSE,"2018-08-24T21:53:43Z","QRCODE",618,"77054","America/Chicago",TRUE,41,"Houston","Houston, TX 77054","Houston, TX","TX",0.8624192,35,"1 Reliant Park","nrg-stadium","NRG Stadium","https://seatgeek.com/venues/nrg-stadium/tickets","US",0,"NRG Stadium",29.6847,-95.4107,FALSE,"2015-11-04T18:42:27Z","QRCODE_TM"
"27","2018-12-19","2018-12-19_08.24.16",NA,FALSE,4346913,"Detroit Lions at Green Bay Packers","2018-04-20T00:00:00",0.902,"nfl","normal","","2018-12-30T12:00:00","2018-12-30T22:00:00",FALSE,FALSE,"https://seatgeek.com/lions-at-packers-tickets/12-30-2018-green-bay-wisconsin-lambeau-field/nfl/4346913","2018-04-20T00:47:13",0.842,"Lions at Packers","2018-12-30T18:00:00",FALSE,1093,166,79,149,104,74,354,FALSE,"2018-08-24T21:53:43Z","QRCODE",658,"54304","America/Chicago",TRUE,1125,"Green Bay","Green Bay, WI 54304","Green Bay, WI","WI",0.92909414,4,"1265 Lombardi Avenue","lambeau-field","Lambeau Field","https://seatgeek.com/venues/lambeau-field/tickets","US",0,"Lambeau Field",44.5013,-88.0622,FALSE,"2015-09-02T22:43:34Z","QRCODE_TM"
"28","2018-12-19","2018-12-19_08.24.16",NA,FALSE,4346977,"Oakland Raiders at Kansas City Chiefs","2018-04-20T00:00:00",0.9,"nfl","normal","","2018-12-30T12:00:00","2018-12-30T22:00:00",FALSE,FALSE,"https://seatgeek.com/raiders-at-chiefs-tickets/12-30-2018-kansas-city-missouri-arrowhead-stadium/nfl/4346977","2018-04-20T00:47:26",0.849,"Raiders at Chiefs","2018-12-30T18:00:00",FALSE,821,179,99,164,402,84,457,FALSE,"2018-08-24T21:53:43Z","QRCODE",616,"64129","America/Chicago",TRUE,1128,"Kansas City","Kansas City, MO 64129","Kansas City, MO","MO",0.8827867,3,"1 Arrowhead Drive","arrowhead-stadium","Arrowhead Stadium","https://seatgeek.com/venues/arrowhead-stadium/tickets","US",0,"Arrowhead Stadium",39.0489,-94.4839,FALSE,"2015-08-20T16:20:51Z","QRCODE_TM"
"29","2018-12-19","2018-12-19_08.24.16",NA,FALSE,4346925,"Atlanta Falcons at Tampa Bay Buccaneers","2018-04-20T00:00:00",0.872,"nfl","normal","","2018-12-30T13:00:00","2018-12-30T22:00:00",FALSE,FALSE,"https://seatgeek.com/falcons-at-buccaneers-tickets/12-30-2018-tampa-florida-raymond-james-stadium/nfl/4346925","2018-04-20T00:47:15",0.828,"Falcons at Buccaneers","2018-12-30T18:00:00",FALSE,1052,191,74,121,302,69,5482,FALSE,"2018-08-24T21:53:43Z","QRCODE",539,"33607","America/New_York",TRUE,39,"Tampa","Tampa, FL 33607","Tampa, FL","FL",0.86513025,5,"4201 North Dale Mabry Highway","raymond-james-stadium","Raymond James Stadium","https://seatgeek.com/venues/raymond-james-stadium/tickets","US",0,"Raymond James Stadium",27.9753,-82.5034,FALSE,"2015-08-24T14:44:53Z","QRCODE_TM"
"30","2018-12-19","2018-12-19_08.24.16",NA,FALSE,4347147,"Los Angeles Chargers at Denver Broncos","2018-04-20T00:00:00",0.892,"nfl","normal","","2018-12-30T14:25:00","2018-12-31T01:25:00",FALSE,FALSE,"https://seatgeek.com/chargers-at-broncos-tickets/12-30-2018-denver-colorado-broncos-stadium-at-mile-high/nfl/4347147","2018-04-20T01:04:06",0.844,"Chargers at Broncos","2018-12-30T21:25:00",FALSE,1789,251,90,237,110,108,728,FALSE,"2018-08-24T21:53:43Z","QRCODE",751,"80204","America/Denver",TRUE,1131,"Denver","Denver, CO 80204","Denver, CO","CO",0.9028296,5,"1701 Bryant St.","broncos-stadium-at-mile-high","Broncos Stadium at Mile High","https://seatgeek.com/venues/broncos-stadium-at-mile-high/tickets","US",0,"Broncos Stadium at Mile High",39.74,-105.02,FALSE,"2015-08-07T18:39:02Z","QRCODE_TM"
"31","2018-12-19","2018-12-19_08.24.16",NA,FALSE,4346938,"San Francisco 49ers at Los Angeles Rams","2018-04-20T00:00:00",0.918,"nfl","normal","","2018-12-30T13:25:00","2018-12-31T01:25:00",FALSE,FALSE,"https://seatgeek.com/49ers-at-rams-tickets/12-30-2018-los-angeles-california-los-angeles-memorial-coliseum-1/nfl/4346938","2018-04-20T00:47:17",0.861,"49ers at Rams","2018-12-30T21:25:00",FALSE,1275,241,83,193,242,84,1125,FALSE,"2018-08-24T21:53:43Z","QRCODE",0,"90037","America/Los_Angeles",TRUE,51012,"Los Angeles","Los Angeles, CA 90037","Los Angeles, CA","CA",0.86898464,7,"3911 S Figueroa St","los-angeles-memorial-coliseum-1","Los Angeles Memorial Coliseum","https://seatgeek.com/venues/los-angeles-memorial-coliseum-1/tickets","US",0,"Los Angeles Memorial Coliseum",34.0138,-118.288,FALSE,"2018-08-23T17:59:28Z","QRCODE"
"32","2018-12-19","2018-12-19_08.24.16",NA,FALSE,4347120,"Arizona Cardinals at Seattle Seahawks","2018-04-20T00:00:00",0.905,"nfl","normal","","2018-12-30T13:25:00","2018-12-31T01:25:00",FALSE,FALSE,"https://seatgeek.com/cardinals-at-seahawks-tickets/12-30-2018-seattle-washington-centurylink-field/nfl/4347120","2018-04-20T00:47:54",0.853,"Cardinals at Seahawks","2018-12-30T21:25:00",FALSE,1446,359,213,353,144,158,835,FALSE,"2018-08-24T21:53:43Z","QRCODE",819,"98134","America/Los_Angeles",TRUE,339,"Seattle","Seattle, WA 98134","Seattle, WA","WA",0.87232786,8,"800 Occidental Ave S","centurylink-field","CenturyLink Field","https://seatgeek.com/venues/centurylink-field/tickets","US",0,"CenturyLink Field",47.5948,-122.332,FALSE,"2018-03-02T22:54:54Z","QRCODE"
"33","2018-12-19","2018-12-19_08.24.16",NA,FALSE,4642386,"Wild Card Or Divisional Round Game: TBD at Pittsburgh Steelers (Date TBA)","2018-11-20T00:00:00",0.863,"nfl","normal","","2019-01-05T03:30:00","2019-01-06T05:00:00",TRUE,TRUE,"https://seatgeek.com/wild-card-or-divisional-round-game-tbd-at-pittsburgh-steelers-date-tba-tickets/1-5-2019-pittsburgh-pennsylvania-heinz-field/nfl/4642386","2018-11-20T01:53:48",0.777,"Wild Card Or Divisional Round Gm: TBD at Steelers","2019-01-05T08:30:00",TRUE,544,398,158,334,401,158,1467,FALSE,"2018-10-04T12:42:28Z","QRCODE",508,"15212","America/New_York",TRUE,1119,"Pittsburgh","Pittsburgh, PA 15212","Pittsburgh, PA","PA",0.9033526,5,"100 Art Rooney Avenue","heinz-field","Heinz Field","https://seatgeek.com/venues/heinz-field/tickets","US",0,"Heinz Field",40.4468,-80.0158,FALSE,"2018-10-04T12:42:28Z","QRCODE"
"34","2018-12-19","2018-12-19_08.24.16",NA,FALSE,4642383,"Wild Card Or Divisional Round Game: TBD at Philadelphia Eagles","2018-11-20T00:00:00",0.644,"nfl","normal","","2019-01-05T03:30:00","2019-01-06T05:00:00",TRUE,FALSE,"https://seatgeek.com/wild-card-or-divisional-round-game-tbd-at-philadelphia-eagles-tickets/1-5-2019-philadelphia-pennsylvania-lincoln-financial-field/nfl/4642383","2018-11-20T01:53:48",0.6,"Wild Card Or Divisional Round Gm: TBD at Eagles","2019-01-05T08:30:00",FALSE,31,509,319,406,23,320,1120,FALSE,"2015-07-10T00:00:00Z","QRCODE_TM",504,"19148","America/New_York",TRUE,330,"Philadelphia","Philadelphia, PA 19148","Philadelphia, PA","PA",0.90542686,9,"1020 Pattison Ave","lincoln-financial-field","Lincoln Financial Field","https://seatgeek.com/venues/lincoln-financial-field/tickets","US",0,"Lincoln Financial Field",39.9046,-75.1675,FALSE,"2015-07-10T00:00:00Z","QRCODE_TM"
"35","2018-12-19","2018-12-19_08.24.16",NA,FALSE,4644123,"Wild Card Or Divisional Round Game: TBD at Washington Redskins","2018-11-21T00:00:00",0.681,"nfl","normal","","2019-01-05T03:30:00","2019-01-06T05:00:00",TRUE,FALSE,"https://seatgeek.com/wild-card-or-divisional-round-game-tbd-at-washington-redskins-tickets/1-5-2019-landover-maryland-fedex-field/nfl/4644123","2018-11-21T15:52:20",0.626,"Wild Card Or Divisional Round Gm: TBD at Redskins","2019-01-05T08:30:00",FALSE,NA,NA,NA,NA,NA,NA,NA,FALSE,"2015-09-12T14:13:58Z","QRCODE_TM",511,"20785","America/New_York",TRUE,35,"Landover","Landover, MD 20785","Landover, MD","MD",0.9333444,4,"1600 Fedex Way","fedex-field","FedEx Field","https://seatgeek.com/venues/fedex-field/tickets","US",0,"FedEx Field",38.9071,-76.8658,FALSE,"2015-09-12T14:13:58Z","QRCODE_TM"
"36","2018-12-19","2018-12-19_08.24.16",NA,FALSE,4642400,"Wild Card Or Divisional Round Game: TBD at New England Patriots (Date TBA)","2018-11-20T00:00:00",0.873,"nfl","normal","","2019-01-05T03:30:00","2019-01-06T05:00:00",TRUE,TRUE,"https://seatgeek.com/wild-card-or-divisional-round-game-tbd-at-new-england-patriots-date-tba-tickets/1-5-2019-foxborough-massachusetts-gillette-stadium/nfl/4642400","2018-11-20T01:53:49",0.795,"Wild Card Or Divisional Round Gm: TBD at Patriots","2019-01-05T08:30:00",TRUE,212,672,289,566,146,289,1901,FALSE,"2018-08-22T15:36:58Z","NONE",506,"02035","America/New_York",TRUE,33,"Foxborough","Foxborough, MA 02035","Foxborough, MA","MA",0.8983344,7,"1 Patriot Place","gillette-stadium","Gillette Stadium","https://seatgeek.com/venues/gillette-stadium/tickets","US",0,"Gillette Stadium",42.0906,-71.2674,FALSE,"2018-08-22T15:36:58Z","NONE"
"37","2018-12-19","2018-12-19_08.24.16",NA,FALSE,4642603,"Wild Card Or Divisional Round Game: TBD at Indianapolis Colts","2018-11-20T00:00:00",0.706,"nfl","normal","","2019-01-05T03:30:00","2019-01-06T05:00:00",TRUE,FALSE,"https://seatgeek.com/wild-card-or-divisional-round-game-tbd-at-indianapolis-colts-tickets/1-5-2019-indianapolis-indiana-lucas-oil-stadium/nfl/4642603","2018-11-20T16:01:34",0.653,"Wild Card Or Divisional Round Gm: TBD at Colts","2019-01-05T08:30:00",FALSE,5,1245,290,494,6,233,3082,FALSE,"2018-09-13T22:29:37Z","QRCODE_TM",527,"46225","America/Indiana/Indianapolis",TRUE,1130,"Indianapolis","Indianapolis, IN 46225","Indianapolis, IN","IN",0.9071682,10,"500 South Capitol Avenue","lucas-oil-stadium","Lucas Oil Stadium","https://seatgeek.com/venues/lucas-oil-stadium/tickets","US",0,"Lucas Oil Stadium",39.7601,-86.1639,FALSE,"2018-09-13T22:29:37Z","QRCODE_TM"
"38","2018-12-19","2018-12-19_08.24.16",NA,FALSE,4642395,"Wild Card Or Divisional Round Game: TBD at Miami Dolphins","2018-11-20T00:00:00",0.666,"nfl","normal","","2019-01-05T03:30:00","2019-01-06T05:00:00",TRUE,FALSE,"https://seatgeek.com/wild-card-or-divisional-round-game-tbd-at-miami-dolphins-tickets/1-5-2019-miami-gardens-florida-hard-rock-stadium/nfl/4642395","2018-11-20T01:53:48",0.597,"Wild Card Or Divisional Round Gm: TBD at Dolphins","2019-01-05T08:30:00",FALSE,1,602,NA,602,1,602,602,FALSE,"2017-10-03T18:58:44Z","NONE",528,"33056","America/New_York",TRUE,29,"Miami Gardens","Miami Gardens, FL 33056","Miami Gardens, FL","FL",0.8378203,44,"347 Don Shula Dr.","hard-rock-stadium","Hard Rock Stadium","https://seatgeek.com/venues/hard-rock-stadium/tickets","US",0,"Hard Rock Stadium",25.9579,-80.2388,FALSE,"2017-10-03T18:58:44Z","NONE"
"39","2018-12-19","2018-12-19_08.24.16",NA,FALSE,4642613,"Wild Card Or Divisional Round Game: TBD at Baltimore Ravens","2018-11-20T00:00:00",0.75,"nfl","normal","","2019-01-05T03:30:00","2019-01-06T05:00:00",TRUE,FALSE,"https://seatgeek.com/wild-card-or-divisional-round-game-tbd-at-baltimore-ravens-tickets/1-5-2019-baltimore-maryland-m-t-bank-stadium/nfl/4642613","2018-11-20T16:01:39",0.683,"Wild Card Or Divisional Round Gm: TBD at Ravens","2019-01-05T08:30:00",FALSE,296,495,197,426,293,194,1401,FALSE,"2015-08-04T00:00:00Z","QRCODE_TM",512,"21230","America/New_York",TRUE,1121,"Baltimore","Baltimore, MD 21230","Baltimore, MD","MD",0.8927189,4,"1101 Russell St","m-t-bank-stadium","M&T Bank Stadium","https://seatgeek.com/venues/m-t-bank-stadium/tickets","US",0,"M&T Bank Stadium",39.2774,-76.623,FALSE,"2015-08-04T00:00:00Z","QRCODE_TM"
"40","2018-12-19","2018-12-19_08.24.16",NA,FALSE,4642378,"Wild Card Game: TBD at Minnesota Vikings (Date TBA)","2018-11-20T00:00:00",0.781,"nfl","normal","","2019-01-05T03:30:00","2019-01-06T06:00:00",TRUE,TRUE,"https://seatgeek.com/wild-card-game-tbd-at-minnesota-vikings-date-tba-tickets/1-5-2019-minneapolis-minnesota-u-s-bank-stadium/nfl/4642378","2018-11-20T01:53:48",0.78,"Wild Card Gm: TBD at Vikings","2019-01-05T09:30:00",TRUE,15,470,247,471,15,239,983,FALSE,"2018-08-22T15:34:15Z","NONE",0,"55415","America/Chicago",TRUE,218451,"Minneapolis","Minneapolis, MN 55415","Minneapolis, MN","MN",0.88524246,19,"401 Chicago Avenue","u-s-bank-stadium","U.S. Bank Stadium","https://seatgeek.com/venues/u-s-bank-stadium/tickets","US",0,"U.S. Bank Stadium",44.9751,-93.2582,FALSE,"2018-08-22T15:34:15Z","NONE"
"41","2018-12-19","2018-12-19_08.24.16",NA,TRUE,4611636,"NFC Wild Card Or Divisional Round: TBD at Dallas Cowboys","2018-10-30T00:00:00",0.611,"nfl","normal","","2019-01-05T03:30:00","2019-01-06T06:00:00",TRUE,TRUE,"https://seatgeek.com/nfc-wild-card-or-divisional-round-tbd-at-dallas-cowboys-tickets/1-5-2019-arlington-texas-at-t-stadium/nfl/4611636","2018-10-30T19:55:15",0.667,"NFC Wild Card Or Divisional Round - Gm 1: TBD at Cowboys","2019-01-05T09:30:00",TRUE,1441,582,82,417,2220,82,30156,FALSE,"2018-10-06T23:29:11Z","QRCODE_TM",623,"76011","America/Chicago",TRUE,4965,"Arlington","Arlington, TX 76011","Arlington, TX","TX",0.9751414,17,"1 AT&T Way","at-t-stadium","AT&T Stadium","https://seatgeek.com/venues/at-t-stadium/tickets","US",0,"AT&T Stadium",32.7459,-97.0957,FALSE,"2018-10-06T23:29:11Z","QRCODE_TM"
"42","2018-12-19","2018-12-19_08.24.16",NA,FALSE,4642393,"Wild Card Or Divisional Round Game: TBD at Tennessee Titans","2018-11-20T00:00:00",0.617,"nfl","normal","","2019-01-05T03:30:00","2019-01-06T06:00:00",TRUE,FALSE,"https://seatgeek.com/wild-card-or-divisional-round-game-tbd-at-tennessee-titans-tickets/1-5-2019-nashville-tennessee-nissan-stadium/nfl/4642393","2018-11-20T01:53:48",0.571,"Wild Card Or Divisional Round Gm: TBD at Titans","2019-01-05T09:30:00",FALSE,8,19139,561,617,7,561,119072,FALSE,"2018-12-14T16:41:48Z","QRCODE",659,"37213","America/Chicago",TRUE,1126,"Nashville","Nashville, TN 37213","Nashville, TN","TN",0.8546275,15,"1 Titans Way","nissan-stadium","Nissan Stadium","https://seatgeek.com/venues/nissan-stadium/tickets","US",0,"Nissan Stadium",36.1665,-86.7713,FALSE,"2018-12-14T16:41:48Z","QRCODE"
"43","2018-12-19","2018-12-19_08.24.16",NA,FALSE,4642396,"Wild Card Or Divisional Round Game: TBD at Kansas City Chiefs (Date TBA)","2018-11-20T00:00:00",0.838,"nfl","normal","","2019-01-05T03:30:00","2019-01-06T06:00:00",TRUE,TRUE,"https://seatgeek.com/wild-card-or-divisional-round-game-tbd-at-kansas-city-chiefs-date-tba-tickets/1-5-2019-kansas-city-missouri-arrowhead-stadium/nfl/4642396","2018-11-20T01:53:48",0.748,"Wild Card Or Divisional Round Gm: TBD at Chiefs","2019-01-05T09:30:00",TRUE,1174,286,102,236,1018,111,2361,FALSE,"2015-08-20T16:20:51Z","QRCODE_TM",616,"64129","America/Chicago",TRUE,1128,"Kansas City","Kansas City, MO 64129","Kansas City, MO","MO",0.8827867,3,"1 Arrowhead Drive","arrowhead-stadium","Arrowhead Stadium","https://seatgeek.com/venues/arrowhead-stadium/tickets","US",0,"Arrowhead Stadium",39.0489,-94.4839,FALSE,"2015-08-20T16:20:51Z","QRCODE_TM"
"44","2018-12-19","2018-12-19_08.24.16",NA,FALSE,4642374,"Wild Card Or Divisional Round Game: TBD at Houston Texans (Date TBA)","2018-11-20T00:00:00",0.864,"nfl","normal","","2019-01-05T03:30:00","2019-01-06T06:00:00",TRUE,TRUE,"https://seatgeek.com/wild-card-or-divisional-round-game-tbd-at-houston-texans-date-tba-tickets/1-5-2019-houston-texas-nrg-stadium/nfl/4642374","2018-11-20T01:52:45",0.757,"Wild Card Or Divisional Round Gm: TBD at Texans","2019-01-05T09:30:00",TRUE,468,503,162,438,441,163,1513,FALSE,"2015-11-04T18:42:27Z","QRCODE_TM",618,"77054","America/Chicago",TRUE,41,"Houston","Houston, TX 77054","Houston, TX","TX",0.8624192,35,"1 Reliant Park","nrg-stadium","NRG Stadium","https://seatgeek.com/venues/nrg-stadium/tickets","US",0,"NRG Stadium",29.6847,-95.4107,FALSE,"2015-11-04T18:42:27Z","QRCODE_TM"
"45","2018-12-19","2018-12-19_08.24.16",NA,FALSE,4642377,"Wild Card Or Divisional Round Game: TBD at Chicago Bears (Date TBA)","2018-11-20T00:00:00",0.883,"nfl","normal","","2019-01-05T03:30:00","2019-01-06T06:00:00",TRUE,TRUE,"https://seatgeek.com/wild-card-or-divisional-round-game-tbd-at-chicago-bears-date-tba-tickets/1-5-2019-chicago-illinois-soldier-field/nfl/4642377","2018-11-20T01:53:48",0.781,"Wild Card Or Divisional Round Gm: TBD at Bears","2019-01-05T09:30:00",TRUE,378,704,365,608,194,316,1918,FALSE,"2018-06-02T00:44:08Z","NONE",602,"60605","America/Chicago",TRUE,31,"Chicago","Chicago, IL 60605","Chicago, IL","IL",0.940013,25,"1410 S. Museum Campus Drive","soldier-field","Soldier Field","https://seatgeek.com/venues/soldier-field/tickets","US",0,"Soldier Field",41.8623,-87.6159,FALSE,"2018-06-02T00:44:08Z","NONE"
"46","2018-12-19","2018-12-19_08.24.16",NA,FALSE,4642381,"Wild Card Or Divisional Round Game: TBD at Los Angeles Rams - Home Game 1 (Date TBA)","2018-11-20T00:00:00",0.84,"nfl","normal","","2019-01-05T03:30:00","2019-01-06T08:00:00",TRUE,TRUE,"https://seatgeek.com/wild-card-or-divisional-round-game-tbd-at-los-angeles-rams-home-game-1-date-tba-tickets/1-5-2019-los-angeles-california-los-angeles-memorial-coliseum-1/nfl/4642381","2018-11-20T01:53:48",0.78,"Wild Card Or Divisional Round Gm - Home Gm 1: TBD at Rams","2019-01-05T11:30:00",TRUE,1615,445,140,348,808,141,2118,FALSE,"2018-08-23T17:59:28Z","QRCODE",0,"90037","America/Los_Angeles",TRUE,51012,"Los Angeles","Los Angeles, CA 90037","Los Angeles, CA","CA",0.86898464,7,"3911 S Figueroa St","los-angeles-memorial-coliseum-1","Los Angeles Memorial Coliseum","https://seatgeek.com/venues/los-angeles-memorial-coliseum-1/tickets","US",0,"Los Angeles Memorial Coliseum",34.0138,-118.288,FALSE,"2018-08-23T17:59:28Z","QRCODE"
"47","2018-12-19","2018-12-19_08.24.16",NA,FALSE,4642390,"Wild Card Or Divisional Round Game: TBD at Los Angeles Chargers (Date TBA)","2018-11-20T00:00:00",0.88,"nfl","normal","","2019-01-05T03:30:00","2019-01-06T08:00:00",TRUE,TRUE,"https://seatgeek.com/wild-card-or-divisional-round-game-tbd-at-los-angeles-chargers-date-tba-tickets/1-5-2019-carson-california-stubhub-center/nfl/4642390","2018-11-20T01:53:48",0.77,"Wild Card Or Divisional Round Gm: TBD at Chargers","2019-01-05T11:30:00",TRUE,128,930,406,857,110,410,1816,NA,NA,NA,803,"90746","America/Los_Angeles",TRUE,52,"Carson","Carson, CA 90746","Carson, CA","CA",0.7228164,3,"18400 Avalon Blvd","stubhub-center","StubHub Center","https://seatgeek.com/venues/stubhub-center/tickets","US",0,"StubHub Center",33.8643,-118.261,NA,NA,NA
"48","2018-12-19","2018-12-19_08.24.16",NA,FALSE,4642376,"Wild Card Or Divisional Round Game: TBD at Carolina Panthers","2018-11-20T00:00:00",0.814,"nfl","normal","","2019-01-05T13:00:00","2019-01-05T22:00:00",FALSE,FALSE,"https://seatgeek.com/wild-card-or-divisional-round-game-tbd-at-carolina-panthers-tickets/1-5-2019-charlotte-north-carolina-bank-of-america-stadium/nfl/4642376","2018-11-20T01:53:48",0.727,"Wild Card Or Divisional Round Gm: TBD at Panthers","2019-01-05T18:00:00",FALSE,2,6268,628,628,2,628,11909,FALSE,"2015-09-25T18:23:51Z","QRCODE_TM",517,"28202","America/New_York",TRUE,1122,"Charlotte","Charlotte, NC 28202","Charlotte, NC","NC",0.8968222,6,"800 South Mint Street","bank-of-america-stadium","Bank of America Stadium","https://seatgeek.com/venues/bank-of-america-stadium/tickets","US",0,"Bank of America Stadium",35.2243,-80.8524,FALSE,"2015-09-25T18:23:51Z","QRCODE_TM"
"49","2018-12-19","2018-12-19_08.24.16",NA,FALSE,4642403,"Wild Card Or Divisional Round Game: TBD at Atlanta Falcons","2018-11-20T00:00:00",0.657,"nfl","normal","","2019-01-05T13:00:00","2019-01-05T22:00:00",FALSE,FALSE,"https://seatgeek.com/wild-card-or-divisional-round-game-tbd-at-atlanta-falcons-tickets/1-5-2019-atlanta-georgia-mercedes-benz-stadium/nfl/4642403","2018-11-20T16:00:10",0.607,"Wild Card Or Divisional Round Gm: TBD at Falcons","2019-01-05T18:00:00",FALSE,1,580,NA,580,1,581,580,FALSE,"2018-08-23T20:14:46Z","QRCODE",0,"30313","America/New_York",TRUE,419590,"Atlanta","Atlanta, GA 30313","Atlanta, GA","GA",0.76958936,10,"441 M.L.K. Jr Dr NW","mercedes-benz-stadium","Mercedes-Benz Stadium","https://seatgeek.com/venues/mercedes-benz-stadium/tickets","US",0,"Mercedes-Benz Stadium",33.7547,-84.404,FALSE,"2018-08-23T20:14:46Z","QRCODE"
"50","2018-12-19","2018-12-19_08.24.16",NA,FALSE,4642541,"Wild Card Or Divisional Round Game: TBD at Green Bay Packers","2018-11-20T00:00:00",0.777,"nfl","normal","","2019-01-05T13:00:00","2019-01-05T23:00:00",FALSE,FALSE,"https://seatgeek.com/wild-card-or-divisional-round-game-tbd-at-green-bay-packers-tickets/1-5-2019-green-bay-wisconsin-lambeau-field/nfl/4642541","2018-11-20T16:01:02",0.699,"Wild Card Or Divisional Round Gm: TBD at Packers","2019-01-05T19:00:00",FALSE,NA,NA,NA,NA,NA,NA,NA,FALSE,"2015-09-02T22:43:34Z","QRCODE_TM",658,"54304","America/Chicago",TRUE,1125,"Green Bay","Green Bay, WI 54304","Green Bay, WI","WI",0.92909414,4,"1265 Lombardi Avenue","lambeau-field","Lambeau Field","https://seatgeek.com/venues/lambeau-field/tickets","US",0,"Lambeau Field",44.5013,-88.0622,FALSE,"2015-09-02T22:43:34Z","QRCODE_TM"
"51","2018-12-19","2018-12-19_08.24.16",NA,FALSE,4642661,"Wild Card Game: TBD at Seattle Seahawks","2018-11-20T00:00:00",0.791,"nfl","normal","","2019-01-05T13:00:00","2019-01-06T01:00:00",FALSE,FALSE,"https://seatgeek.com/wild-card-game-tbd-at-seattle-seahawks-tickets/1-5-2019-seattle-washington-centurylink-field/nfl/4642661","2018-11-20T16:01:54",0.711,"Wild Card Gm: TBD at Seahawks","2019-01-05T21:00:00",FALSE,4,1112,NA,1112,3,1113,1112,FALSE,"2018-03-02T22:54:54Z","QRCODE",819,"98134","America/Los_Angeles",TRUE,339,"Seattle","Seattle, WA 98134","Seattle, WA","WA",0.87232786,8,"800 Occidental Ave S","centurylink-field","CenturyLink Field","https://seatgeek.com/venues/centurylink-field/tickets","US",0,"CenturyLink Field",47.5948,-122.332,FALSE,"2018-03-02T22:54:54Z","QRCODE"
"52","2018-12-19","2018-12-19_08.24.16",NA,FALSE,4644343,"Divisional Round Game: TBD at Cincinnati Bengals","2018-11-21T00:00:00",0.794,"nfl","normal","","2019-01-12T13:00:00","2019-01-12T22:00:00",FALSE,FALSE,"https://seatgeek.com/divisional-round-game-tbd-at-cincinnati-bengals-tickets/1-12-2019-cincinnati-ohio-paul-brown-stadium/nfl/4644343","2018-11-21T16:02:27",0.687,"Divisional Round Gm: TBD at Bengals","2019-01-12T18:00:00",FALSE,NA,NA,NA,NA,NA,NA,NA,FALSE,"2015-10-09T16:14:37Z","QRCODE_TM",515,"45202","America/New_York",TRUE,1124,"Cincinnati","Cincinnati, OH 45202","Cincinnati, OH","OH",0.86166537,6,"1 Paul Brown Stadium","paul-brown-stadium","Paul Brown Stadium","https://seatgeek.com/venues/paul-brown-stadium/tickets","US",0,"Paul Brown Stadium",39.0961,-84.5177,FALSE,"2015-10-09T16:14:37Z","QRCODE_TM"
"53","2018-12-19","2018-12-19_08.24.16",NA,FALSE,4645836,"Divisional Round Game: TBD at Minnesota Vikings","2018-11-22T00:00:00",0.792,"nfl","normal","","2019-01-12T13:00:00","2019-01-12T23:00:00",FALSE,FALSE,"https://seatgeek.com/divisional-round-game-tbd-at-minnesota-vikings-tickets/1-12-2019-minneapolis-minnesota-u-s-bank-stadium/nfl/4645836","2018-11-22T16:00:15",0.756,"Divisional Round Gm: TBD at Vikings","2019-01-12T19:00:00",FALSE,NA,NA,NA,NA,NA,NA,NA,FALSE,"2018-08-22T15:34:15Z","NONE",0,"55415","America/Chicago",TRUE,218451,"Minneapolis","Minneapolis, MN 55415","Minneapolis, MN","MN",0.88524246,19,"401 Chicago Avenue","u-s-bank-stadium","U.S. Bank Stadium","https://seatgeek.com/venues/u-s-bank-stadium/tickets","US",0,"U.S. Bank Stadium",44.9751,-93.2582,FALSE,"2018-08-22T15:34:15Z","NONE"
"54","2018-12-19","2018-12-19_08.24.16",NA,FALSE,4642660,"Divisional Round Game: TBD at Seattle Seahawks","2018-11-20T00:00:00",0.791,"nfl","normal","","2019-01-12T13:00:00","2019-01-13T01:00:00",FALSE,FALSE,"https://seatgeek.com/divisional-round-game-tbd-at-seattle-seahawks-tickets/1-12-2019-seattle-washington-centurylink-field/nfl/4642660","2018-11-20T16:01:54",0.684,"Divisional Round Gm: TBD at Seahawks","2019-01-12T21:00:00",FALSE,4,1112,NA,1112,3,1113,1112,FALSE,"2018-03-02T22:54:54Z","QRCODE",819,"98134","America/Los_Angeles",TRUE,339,"Seattle","Seattle, WA 98134","Seattle, WA","WA",0.87232786,8,"800 Occidental Ave S","centurylink-field","CenturyLink Field","https://seatgeek.com/venues/centurylink-field/tickets","US",0,"CenturyLink Field",47.5948,-122.332,FALSE,"2018-03-02T22:54:54Z","QRCODE"
"55","2018-12-19","2018-12-19_08.24.16",NA,TRUE,4628043,"NFC Playoffs - Saints Home Game 1 (Wildcard or Divisional Round)","2018-11-09T00:00:00",0.832,"nfl","normal","","2019-01-13T03:30:00","2019-01-14T06:00:00",TRUE,TRUE,"https://seatgeek.com/nfc-playoffs-saints-home-game-1-wildcard-or-divisional-round-tickets/1-13-2019-new-orleans-louisiana-mercedes-benz-superdome/nfl/4628043","2018-11-09T15:39:31",0.706,"NFC Playoffs - Saints Home Game 1 (Wildcard or Divisional Round)","2019-01-13T09:30:00",TRUE,783,609,298,528,596,299,2540,FALSE,"2018-08-27T20:46:59Z","QRCODE_TM",622,"70112","America/Chicago",TRUE,128,"New Orleans","New Orleans, LA 70112","New Orleans, LA","LA",0.8966978,10,"1500 Sugar Bowl Drive","mercedes-benz-superdome","Mercedes-Benz Superdome","https://seatgeek.com/venues/mercedes-benz-superdome/tickets","US",0,"Mercedes-Benz Superdome",29.9515,-90.0786,FALSE,"2018-08-27T20:46:59Z","QRCODE_TM"
"56","2018-12-19","2018-12-19_08.24.16",NA,FALSE,4642385,"AFC Championship: TBD at Pittsburgh Steelers (Date TBA)","2018-11-20T00:00:00",0.835,"nfl","normal","","2019-01-20T03:30:00","2019-01-21T05:00:00",TRUE,TRUE,"https://seatgeek.com/afc-championship-tbd-at-pittsburgh-steelers-date-tba-tickets/1-20-2019-pittsburgh-pennsylvania-heinz-field/nfl/4642385","2018-11-20T01:53:48",0.704,"AFC Championship: TBD at Steelers","2019-01-20T08:30:00",TRUE,305,762,335,659,221,336,2705,FALSE,"2018-10-04T12:42:28Z","QRCODE",508,"15212","America/New_York",TRUE,1119,"Pittsburgh","Pittsburgh, PA 15212","Pittsburgh, PA","PA",0.9033526,5,"100 Art Rooney Avenue","heinz-field","Heinz Field","https://seatgeek.com/venues/heinz-field/tickets","US",0,"Heinz Field",40.4468,-80.0158,FALSE,"2018-10-04T12:42:28Z","QRCODE"
"57","2018-12-19","2018-12-19_08.24.16",NA,FALSE,4642537,"NFC Championship: TBD at Washington Redskins","2018-11-20T00:00:00",0.639,"nfl","normal","","2019-01-20T03:30:00","2019-01-21T05:00:00",TRUE,FALSE,"https://seatgeek.com/nfc-championship-tbd-at-washington-redskins-tickets/1-20-2019-landover-maryland-fedex-field/nfl/4642537","2018-11-20T16:01:02",0.535,"NFC Championship: TBD at Redskins","2019-01-20T08:30:00",FALSE,4,4061,868,4456,3,1718,6007,FALSE,"2015-09-12T14:13:58Z","QRCODE_TM",511,"20785","America/New_York",TRUE,35,"Landover","Landover, MD 20785","Landover, MD","MD",0.9333444,4,"1600 Fedex Way","fedex-field","FedEx Field","https://seatgeek.com/venues/fedex-field/tickets","US",0,"FedEx Field",38.9071,-76.8658,FALSE,"2015-09-12T14:13:58Z","QRCODE_TM"
"58","2018-12-19","2018-12-19_08.24.16",NA,FALSE,4642399,"AFC Championship: TBD at New England Patriots (Date TBA)","2018-11-20T00:00:00",0.763,"nfl","normal","","2019-01-20T03:30:00","2019-01-21T05:00:00",TRUE,TRUE,"https://seatgeek.com/afc-championship-tbd-at-new-england-patriots-date-tba-tickets/1-20-2019-foxborough-massachusetts-gillette-stadium/nfl/4642399","2018-11-20T01:53:49",0.654,"AFC Championship: TBD at Patriots","2019-01-20T08:30:00",TRUE,210,1297,499,1113,99,500,3148,FALSE,"2018-08-22T15:36:58Z","NONE",506,"02035","America/New_York",TRUE,33,"Foxborough","Foxborough, MA 02035","Foxborough, MA","MA",0.8983344,7,"1 Patriot Place","gillette-stadium","Gillette Stadium","https://seatgeek.com/venues/gillette-stadium/tickets","US",0,"Gillette Stadium",42.0906,-71.2674,FALSE,"2018-08-22T15:36:58Z","NONE"
"59","2018-12-19","2018-12-19_08.24.16",NA,FALSE,4642601,"AFC Championship: TBD at Indianapolis Colts","2018-11-20T00:00:00",0.721,"nfl","normal","","2019-01-20T03:30:00","2019-01-21T05:00:00",TRUE,FALSE,"https://seatgeek.com/afc-championship-tbd-at-indianapolis-colts-tickets/1-20-2019-indianapolis-indiana-lucas-oil-stadium/nfl/4642601","2018-11-20T16:01:34",0.609,"AFC Championship: TBD at Colts","2019-01-20T08:30:00",FALSE,5,2175,574,835,6,403,5485,FALSE,"2018-09-13T22:29:37Z","QRCODE_TM",527,"46225","America/Indiana/Indianapolis",TRUE,1130,"Indianapolis","Indianapolis, IN 46225","Indianapolis, IN","IN",0.9071682,10,"500 South Capitol Avenue","lucas-oil-stadium","Lucas Oil Stadium","https://seatgeek.com/venues/lucas-oil-stadium/tickets","US",0,"Lucas Oil Stadium",39.7601,-86.1639,FALSE,"2018-09-13T22:29:37Z","QRCODE_TM"
"60","2018-12-19","2018-12-19_08.24.16",NA,FALSE,4642379,"NFC Championship: TBD at Philadelphia Eagles","2018-11-20T00:00:00",0.6,"nfl","normal","","2019-01-20T03:30:00","2019-01-21T05:00:00",TRUE,FALSE,"https://seatgeek.com/nfc-championship-tbd-at-philadelphia-eagles-tickets/1-20-2019-philadelphia-pennsylvania-lincoln-financial-field/nfl/4642379","2018-11-20T01:53:48",0.51,"NFC Championship: TBD at Eagles","2019-01-20T08:30:00",FALSE,25,939,632,787,24,633,3408,FALSE,"2015-07-10T00:00:00Z","QRCODE_TM",504,"19148","America/New_York",TRUE,330,"Philadelphia","Philadelphia, PA 19148","Philadelphia, PA","PA",0.90542686,9,"1020 Pattison Ave","lincoln-financial-field","Lincoln Financial Field","https://seatgeek.com/venues/lincoln-financial-field/tickets","US",0,"Lincoln Financial Field",39.9046,-75.1675,FALSE,"2015-07-10T00:00:00Z","QRCODE_TM"
"61","2018-12-19","2018-12-19_08.24.16",NA,FALSE,4644339,"AFC Championship: TBD at Baltimore Ravens","2018-11-21T00:00:00",0.771,"nfl","normal","","2019-01-20T03:30:00","2019-01-21T05:00:00",TRUE,FALSE,"https://seatgeek.com/afc-championship-tbd-at-baltimore-ravens-tickets/1-20-2019-baltimore-maryland-m-t-bank-stadium/nfl/4644339","2018-11-21T16:02:27",0.651,"AFC Championship: TBD at Ravens","2019-01-20T08:30:00",FALSE,NA,NA,NA,NA,NA,NA,NA,FALSE,"2015-08-04T00:00:00Z","QRCODE_TM",512,"21230","America/New_York",TRUE,1121,"Baltimore","Baltimore, MD 21230","Baltimore, MD","MD",0.8927189,4,"1101 Russell St","m-t-bank-stadium","M&T Bank Stadium","https://seatgeek.com/venues/m-t-bank-stadium/tickets","US",0,"M&T Bank Stadium",39.2774,-76.623,FALSE,"2015-08-04T00:00:00Z","QRCODE_TM"
"62","2018-12-19","2018-12-19_08.24.16",NA,FALSE,4642384,"NFC Championship: TBD at Carolina Panthers (Date TBA)","2018-11-20T00:00:00",0.723,"nfl","normal","","2019-01-20T03:30:00","2019-01-21T05:00:00",TRUE,TRUE,"https://seatgeek.com/nfc-championship-tbd-at-carolina-panthers-date-tba-tickets/1-20-2019-charlotte-north-carolina-bank-of-america-stadium/nfl/4642384","2018-11-20T01:53:48",0.604,"NFC Championship: TBD at Panthers","2019-01-20T08:30:00",TRUE,21,7186,467,1036,19,467,119072,FALSE,"2015-09-25T18:23:51Z","QRCODE_TM",517,"28202","America/New_York",TRUE,1122,"Charlotte","Charlotte, NC 28202","Charlotte, NC","NC",0.8968222,6,"800 South Mint Street","bank-of-america-stadium","Bank of America Stadium","https://seatgeek.com/venues/bank-of-america-stadium/tickets","US",0,"Bank of America Stadium",35.2243,-80.8524,FALSE,"2015-09-25T18:23:51Z","QRCODE_TM"
"63","2018-12-19","2018-12-19_08.24.16",NA,FALSE,4642394,"AFC Championship: TBD at Miami Dolphins","2018-11-20T00:00:00",0.657,"nfl","normal","","2019-01-20T03:30:00","2019-01-21T05:00:00",TRUE,FALSE,"https://seatgeek.com/afc-championship-tbd-at-miami-dolphins-tickets/1-20-2019-miami-gardens-florida-hard-rock-stadium/nfl/4642394","2018-11-20T01:53:48",0.544,"AFC Championship: TBD at Dolphins","2019-01-20T08:30:00",FALSE,2,2652,847,847,2,848,4456,FALSE,"2017-10-03T18:58:44Z","NONE",528,"33056","America/New_York",TRUE,29,"Miami Gardens","Miami Gardens, FL 33056","Miami Gardens, FL","FL",0.8378203,44,"347 Don Shula Dr.","hard-rock-stadium","Hard Rock Stadium","https://seatgeek.com/venues/hard-rock-stadium/tickets","US",0,"Hard Rock Stadium",25.9579,-80.2388,FALSE,"2017-10-03T18:58:44Z","NONE"
"64","2018-12-19","2018-12-19_08.24.16",NA,FALSE,4642387,"AFC Championship: TBD at Houston Texans (Date TBA)","2018-11-20T00:00:00",0.781,"nfl","normal","","2019-01-20T03:30:00","2019-01-21T06:00:00",TRUE,TRUE,"https://seatgeek.com/afc-championship-tbd-at-houston-texans-date-tba-tickets/1-20-2019-houston-texas-nrg-stadium/nfl/4642387","2018-11-20T01:53:48",0.646,"AFC Championship: TBD at Texans","2019-01-20T09:30:00",TRUE,261,1406,477,1069,183,477,4110,FALSE,"2015-11-04T18:42:27Z","QRCODE_TM",618,"77054","America/Chicago",TRUE,41,"Houston","Houston, TX 77054","Houston, TX","TX",0.8624192,35,"1 Reliant Park","nrg-stadium","NRG Stadium","https://seatgeek.com/venues/nrg-stadium/tickets","US",0,"NRG Stadium",29.6847,-95.4107,FALSE,"2015-11-04T18:42:27Z","QRCODE_TM"
"65","2018-12-19","2018-12-19_08.24.16",NA,FALSE,4642397,"AFC Championship: TBD at Kansas City Chiefs (Date TBA)","2018-11-20T00:00:00",0.791,"nfl","normal","","2019-01-20T03:30:00","2019-01-21T06:00:00",TRUE,TRUE,"https://seatgeek.com/afc-championship-tbd-at-kansas-city-chiefs-date-tba-tickets/1-20-2019-kansas-city-missouri-arrowhead-stadium/nfl/4642397","2018-11-20T01:53:49",0.661,"AFC Championship: TBD at Chiefs","2019-01-20T09:30:00",TRUE,671,649,349,584,716,350,1521,FALSE,"2015-08-20T16:20:51Z","QRCODE_TM",616,"64129","America/Chicago",TRUE,1128,"Kansas City","Kansas City, MO 64129","Kansas City, MO","MO",0.8827867,3,"1 Arrowhead Drive","arrowhead-stadium","Arrowhead Stadium","https://seatgeek.com/venues/arrowhead-stadium/tickets","US",0,"Arrowhead Stadium",39.0489,-94.4839,FALSE,"2015-08-20T16:20:51Z","QRCODE_TM"
"66","2018-12-19","2018-12-19_08.24.16",NA,TRUE,4628040,"NFC Championship Game","2018-11-09T00:00:00",0.636,"nfl","normal","","2019-01-20T03:30:00","2019-01-21T06:00:00",TRUE,TRUE,"https://seatgeek.com/nfc-championship-game-tickets/1-20-2019-new-orleans-louisiana-mercedes-benz-superdome/nfl/4628040","2018-11-09T15:26:57",0.539,"NFC Championship Game","2019-01-20T09:30:00",TRUE,268,1186,608,1031,99,638,6372,FALSE,"2018-08-27T20:46:59Z","QRCODE_TM",622,"70112","America/Chicago",TRUE,128,"New Orleans","New Orleans, LA 70112","New Orleans, LA","LA",0.8966978,10,"1500 Sugar Bowl Drive","mercedes-benz-superdome","Mercedes-Benz Superdome","https://seatgeek.com/venues/mercedes-benz-superdome/tickets","US",0,"Mercedes-Benz Superdome",29.9515,-90.0786,FALSE,"2018-08-27T20:46:59Z","QRCODE_TM"
"67","2018-12-19","2018-12-19_08.24.16",NA,FALSE,4642382,"NFC Championship: TBD at Minnesota Vikings (Date TBA)","2018-11-20T00:00:00",0.706,"nfl","normal","","2019-01-20T03:30:00","2019-01-21T06:00:00",TRUE,TRUE,"https://seatgeek.com/nfc-championship-tbd-at-minnesota-vikings-date-tba-tickets/1-20-2019-minneapolis-minnesota-u-s-bank-stadium/nfl/4642382","2018-11-20T01:53:48",0.659,"NFC Championship: TBD at Vikings","2019-01-20T09:30:00",TRUE,12,936,578,651,5,579,1765,FALSE,"2018-08-22T15:34:15Z","NONE",0,"55415","America/Chicago",TRUE,218451,"Minneapolis","Minneapolis, MN 55415","Minneapolis, MN","MN",0.88524246,19,"401 Chicago Avenue","u-s-bank-stadium","U.S. Bank Stadium","https://seatgeek.com/venues/u-s-bank-stadium/tickets","US",0,"U.S. Bank Stadium",44.9751,-93.2582,FALSE,"2018-08-22T15:34:15Z","NONE"
"68","2018-12-19","2018-12-19_08.24.16",NA,FALSE,4642375,"NFC Championship: TBD at Chicago Bears (Date TBA)","2018-11-20T00:00:00",0.807,"nfl","normal","","2019-01-20T03:30:00","2019-01-21T06:00:00",TRUE,TRUE,"https://seatgeek.com/nfc-championship-tbd-at-chicago-bears-date-tba-tickets/1-20-2019-chicago-illinois-soldier-field/nfl/4642375","2018-11-20T01:53:47",0.673,"NFC Championship: TBD at Bears","2019-01-20T09:30:00",TRUE,85,1085,583,898,62,583,3327,FALSE,"2018-06-02T00:44:08Z","NONE",602,"60605","America/Chicago",TRUE,31,"Chicago","Chicago, IL 60605","Chicago, IL","IL",0.940013,25,"1410 S. Museum Campus Drive","soldier-field","Soldier Field","https://seatgeek.com/venues/soldier-field/tickets","US",0,"Soldier Field",41.8623,-87.6159,FALSE,"2018-06-02T00:44:08Z","NONE"
"69","2018-12-19","2018-12-19_08.24.16",NA,FALSE,4642392,"AFC Championship: TBD at Tennessee Titans","2018-11-20T00:00:00",0.631,"nfl","normal","","2019-01-20T03:30:00","2019-01-21T06:00:00",TRUE,FALSE,"https://seatgeek.com/afc-championship-tbd-at-tennessee-titans-tickets/1-20-2019-nashville-tennessee-nissan-stadium/nfl/4642392","2018-11-20T01:53:48",0.531,"AFC Championship: TBD at Titans","2019-01-20T09:30:00",FALSE,9,3328,845,847,8,791,12007,FALSE,"2018-12-14T16:41:48Z","QRCODE",659,"37213","America/Chicago",TRUE,1126,"Nashville","Nashville, TN 37213","Nashville, TN","TN",0.8546275,15,"1 Titans Way","nissan-stadium","Nissan Stadium","https://seatgeek.com/venues/nissan-stadium/tickets","US",0,"Nissan Stadium",36.1665,-86.7713,FALSE,"2018-12-14T16:41:48Z","QRCODE"
"70","2018-12-19","2018-12-19_08.24.16",NA,FALSE,4642659,"NFC Championship: TBD at Seattle Seahawks","2018-11-20T00:00:00",0.719,"nfl","normal","","2019-01-20T03:30:00","2019-01-21T08:00:00",TRUE,FALSE,"https://seatgeek.com/nfc-championship-tbd-at-seattle-seahawks-tickets/1-20-2019-seattle-washington-centurylink-field/nfl/4642659","2018-11-20T16:01:54",0.606,"NFC Championship: TBD at Seahawks","2019-01-20T11:30:00",FALSE,8,1370,751,1670,5,752,1670,FALSE,"2018-03-02T22:54:54Z","QRCODE",819,"98134","America/Los_Angeles",TRUE,339,"Seattle","Seattle, WA 98134","Seattle, WA","WA",0.87232786,8,"800 Occidental Ave S","centurylink-field","CenturyLink Field","https://seatgeek.com/venues/centurylink-field/tickets","US",0,"CenturyLink Field",47.5948,-122.332,FALSE,"2018-03-02T22:54:54Z","QRCODE"
"71","2018-12-19","2018-12-19_08.24.16",NA,FALSE,4642380,"NFC Championship: TBD at Los Angeles Rams","2018-11-20T00:00:00",0.732,"nfl","normal","","2019-01-20T03:30:00","2019-01-21T08:00:00",TRUE,FALSE,"https://seatgeek.com/nfc-championship-tbd-at-los-angeles-rams-tickets/1-20-2019-los-angeles-california-los-angeles-memorial-coliseum-1/nfl/4642380","2018-11-20T01:53:48",0.619,"NFC Championship: TBD at Rams","2019-01-20T11:30:00",FALSE,511,787,273,662,501,273,4052,FALSE,"2018-08-23T17:59:28Z","QRCODE",0,"90037","America/Los_Angeles",TRUE,51012,"Los Angeles","Los Angeles, CA 90037","Los Angeles, CA","CA",0.86898464,7,"3911 S Figueroa St","los-angeles-memorial-coliseum-1","Los Angeles Memorial Coliseum","https://seatgeek.com/venues/los-angeles-memorial-coliseum-1/tickets","US",0,"Los Angeles Memorial Coliseum",34.0138,-118.288,FALSE,"2018-08-23T17:59:28Z","QRCODE"
"72","2018-12-19","2018-12-19_08.24.16",NA,FALSE,4642391,"AFC Championship: TBD at Los Angeles Chargers (Date TBA)","2018-11-20T00:00:00",0.73,"nfl","normal","","2019-01-20T03:30:00","2019-01-21T08:00:00",TRUE,TRUE,"https://seatgeek.com/afc-championship-tbd-at-los-angeles-chargers-date-tba-tickets/1-20-2019-carson-california-stubhub-center/nfl/4642391","2018-11-20T01:53:48",0.603,"AFC Championship: TBD at Chargers","2019-01-20T11:30:00",TRUE,106,1301,638,1230,79,620,3520,NA,NA,NA,803,"90746","America/Los_Angeles",TRUE,52,"Carson","Carson, CA 90746","Carson, CA","CA",0.7228164,3,"18400 Avalon Blvd","stubhub-center","StubHub Center","https://seatgeek.com/venues/stubhub-center/tickets","US",0,"StubHub Center",33.8643,-118.261,NA,NA,NA
"73","2018-12-19","2018-12-19_08.24.16",NA,FALSE,4644160,"NFC Championship: TBD at Atlanta Falcons","2018-11-21T00:00:00",0.53,"nfl","normal","","2019-01-20T13:00:00","2019-01-20T22:00:00",FALSE,FALSE,"https://seatgeek.com/nfc-championship-tbd-at-atlanta-falcons-tickets/1-20-2019-atlanta-georgia-mercedes-benz-stadium/nfl/4644160","2018-11-21T16:01:11",0.463,"NFC Championship: TBD at Falcons","2019-01-20T18:00:00",FALSE,NA,NA,NA,NA,NA,NA,NA,FALSE,"2018-08-23T20:14:46Z","QRCODE",0,"30313","America/New_York",TRUE,419590,"Atlanta","Atlanta, GA 30313","Atlanta, GA","GA",0.76958936,10,"441 M.L.K. Jr Dr NW","mercedes-benz-stadium","Mercedes-Benz Stadium","https://seatgeek.com/venues/mercedes-benz-stadium/tickets","US",0,"Mercedes-Benz Stadium",33.7547,-84.404,FALSE,"2018-08-23T20:14:46Z","QRCODE"
"74","2018-12-19","2018-12-19_08.24.16",NA,FALSE,4642540,"NFC Championship: TBD at Green Bay Packers","2018-11-20T00:00:00",0.717,"nfl","normal","","2019-01-20T13:00:00","2019-01-20T23:00:00",FALSE,FALSE,"https://seatgeek.com/nfc-championship-tbd-at-green-bay-packers-tickets/1-20-2019-green-bay-wisconsin-lambeau-field/nfl/4642540","2018-11-20T16:01:02",0.613,"NFC Championship: TBD at Packers","2019-01-20T19:00:00",FALSE,NA,NA,NA,NA,NA,NA,NA,FALSE,"2015-09-02T22:43:34Z","QRCODE_TM",658,"54304","America/Chicago",TRUE,1125,"Green Bay","Green Bay, WI 54304","Green Bay, WI","WI",0.92909414,4,"1265 Lombardi Avenue","lambeau-field","Lambeau Field","https://seatgeek.com/venues/lambeau-field/tickets","US",0,"Lambeau Field",44.5013,-88.0622,FALSE,"2015-09-02T22:43:34Z","QRCODE_TM"
"75","2018-12-19","2018-12-19_08.24.16",NA,FALSE,4418626,"Pro Bowl","2018-06-20T00:00:00",0.898,"nfl","normal","","2019-01-27T15:00:00","2019-01-28T00:00:00",FALSE,FALSE,"https://seatgeek.com/pro-bowl-tickets/1-27-2019-orlando-florida-camping-world-stadium/nfl/4418626","2018-06-20T16:00:22",0.757,"Pro Bowl","2019-01-27T20:00:00",FALSE,325,161,66,120,24,78,319,FALSE,"2015-07-10T00:00:00Z","QRCODE_TM",534,"32805","America/New_York",TRUE,3721,"Orlando","Orlando, FL 32805","Orlando, FL","FL",0.83229023,8,"1 Citrus Bowl Place","camping-world-stadium","Camping World Stadium","https://seatgeek.com/venues/camping-world-stadium/tickets","US",0,"Camping World Stadium",28.5378,-81.4016,FALSE,"2015-07-10T00:00:00Z","QRCODE_TM"
"76","2018-12-19","2018-12-19_08.24.16",NA,FALSE,4470041,"Super Bowl LIII","2018-07-31T00:00:00",0.81,"nfl","normal","","2019-02-03T03:30:00","2019-02-04T05:00:00",TRUE,FALSE,"https://seatgeek.com/super-bowl-liii-tickets/2-3-2019-atlanta-georgia-mercedes-benz-stadium/nfl/4470041","2018-07-31T16:06:48",0.69,"Super Bowl LIII","2019-02-03T08:30:00",FALSE,41,7083,3431,6203,1749,3432,57340,FALSE,"2018-08-23T20:14:46Z","QRCODE",0,"30313","America/New_York",TRUE,419590,"Atlanta","Atlanta, GA 30313","Atlanta, GA","GA",0.76958936,10,"441 M.L.K. Jr Dr NW","mercedes-benz-stadium","Mercedes-Benz Stadium","https://seatgeek.com/venues/mercedes-benz-stadium/tickets","US",0,"Mercedes-Benz Stadium",33.7547,-84.404,FALSE,"2018-08-23T20:14:46Z","QRCODE"
"77","2018-12-19","2018-12-19_08.24.16",NA,FALSE,4619044,"South Alabama Jaguars at Nebraska Cornhuskers Football","2018-11-03T00:00:00",0.822,"ncaa_football","normal","","2019-08-31T03:30:00","2019-09-01T05:00:00",TRUE,FALSE,"https://seatgeek.com/south-alabama-jaguars-at-nebraska-cornhuskers-football-tickets/ncaa-football/2019-08-31-3-30-am/4619044","2018-11-03T16:01:38",0.645,"South Alabama at Nebraska","2019-08-31T08:30:00",FALSE,158,276,90,182,789,91,1264,FALSE,"2015-10-23T19:51:56Z","QRCODE",722,"68588","America/Chicago",TRUE,5162,"Lincoln","Lincoln, NE 68588","Lincoln, NE","NE",0.8541279,5,"1 Memorial Stadium Drive","memorial-stadium-nebraska","Memorial Stadium Nebraska","https://seatgeek.com/venues/memorial-stadium-nebraska/tickets","US",0,"Memorial Stadium Nebraska",40.8206,-96.7041,FALSE,"2015-10-23T19:51:56Z","QRCODE"
